"PIEMONTE";"ALESSANDRIA";"ACQUI TERME";1;"Indennita' di contingenza";"17873";"0";14833;0;6678;7660;231
"PIEMONTE";"ALESSANDRIA";"ALBERA LIGURE";1;"Indennita' di contingenza";"413";"0";323;0;97;214;10
"PIEMONTE";"ALESSANDRIA";"ALESSANDRIA";1;"Indennita' di contingenza";"80678";"0";68118;0;31082;35112;808
"PIEMONTE";"ALESSANDRIA";"ALFIANO NATTA";1;"Indennita' di contingenza";"737";"0";592;0;148;423;11
"PIEMONTE";"ALESSANDRIA";"ALICE BEL COLLE";1;"Indennita' di contingenza";"756";"0";590;0;212;362;11
"PIEMONTE";"ALESSANDRIA";"ALLUVIONI CAMBIO'";1;"Indennita' di contingenza";"880";"0";774;0;259;465;36
"PIEMONTE";"ALESSANDRIA";"ALTAVILLA MONFERRATO";1;"Indennita' di contingenza";"504";"0";426;0;193;210;13
"PIEMONTE";"ALESSANDRIA";"ALZANO SCRIVIA";1;"Indennita' di contingenza";"300";"0";253;0;91;147;9
"PIEMONTE";"ALESSANDRIA";"ARQUATA SCRIVIA";1;"Indennita' di contingenza";"5240";"0";4439;0;2181;2111;83
"PIEMONTE";"ALESSANDRIA";"AVOLASCA";1;"Indennita' di contingenza";"341";"0";247;0;47;192;6
"PIEMONTE";"ALESSANDRIA";"BALZOLA";1;"Indennita' di contingenza";"1385";"0";1237;0;656;535;29
"PIEMONTE";"ALESSANDRIA";"BASALUZZO";1;"Indennita' di contingenza";"1448";"0";1245;0;510;702;14
"PIEMONTE";"ALESSANDRIA";"BASSIGNANA";1;"Indennita' di contingenza";"1386";"0";1164;0;554;570;25
"PIEMONTE";"ALESSANDRIA";"BELFORTE MONFERRATO";1;"Indennita' di contingenza";"304";"0";266;0;173;88;4
"PIEMONTE";"ALESSANDRIA";"BERGAMASCO";1;"Indennita' di contingenza";"766";"0";651;0;301;337;9
"PIEMONTE";"ALESSANDRIA";"BERZANO DI TORTONA";1;"Indennita' di contingenza";"140";"0";123;0;33;87;3
"PIEMONTE";"ALESSANDRIA";"BISTAGNO";1;"Indennita' di contingenza";"1502";"0";1257;0;500;696;31
"PIEMONTE";"ALESSANDRIA";"BORGHETTO DI BORBERA";1;"Indennita' di contingenza";"1600";"0";1345;0;532;751;41
"PIEMONTE";"ALESSANDRIA";"BORGORATTO ALESSANDRINO";1;"Indennita' di contingenza";"512";"0";453;0;216;231;6
"PIEMONTE";"ALESSANDRIA";"BORGO SAN MARTINO";1;"Indennita' di contingenza";"1190";"0";972;0;366;578;17
"PIEMONTE";"ALESSANDRIA";"BOSCO MARENGO";1;"Indennita' di contingenza";"2033";"0";1776;0;834;892;23
"PIEMONTE";"ALESSANDRIA";"BOSIO";1;"Indennita' di contingenza";"1085";"0";926;0;382;497;24
"PIEMONTE";"ALESSANDRIA";"BOZZOLE";1;"Indennita' di contingenza";"301";"0";251;0;92;148;5
"PIEMONTE";"ALESSANDRIA";"BRIGNANO FRASCATA";1;"Indennita' di contingenza";"580";"0";478;0;171;295;8
"PIEMONTE";"ALESSANDRIA";"CABELLA LIGURE";1;"Indennita' di contingenza";"847";"0";621;0;121;477;15
"PIEMONTE";"ALESSANDRIA";"CAMAGNA MONFERRATO";1;"Indennita' di contingenza";"580";"0";463;0;157;279;20
"PIEMONTE";"ALESSANDRIA";"CAMINO";1;"Indennita' di contingenza";"840";"0";680;0;317;324;20
"PIEMONTE";"ALESSANDRIA";"CANTALUPO LIGURE";1;"Indennita' di contingenza";"520";"0";393;0;115;270;5
"PIEMONTE";"ALESSANDRIA";"CAPRIATA D'ORBA";1;"Indennita' di contingenza";"1571";"0";1316;0;550;733;24
"PIEMONTE";"ALESSANDRIA";"CARBONARA SCRIVIA";1;"Indennita' di contingenza";"709";"0";608;0;307;285;11
"PIEMONTE";"ALESSANDRIA";"CARENTINO";1;"Indennita' di contingenza";"298";"0";263;0;118;137;5
"PIEMONTE";"ALESSANDRIA";"CAREZZANO";1;"Indennita' di contingenza";"522";"0";437;0;147;270;10
"PIEMONTE";"ALESSANDRIA";"CARPENETO";1;"Indennita' di contingenza";"932";"0";748;0;242;462;22
"PIEMONTE";"ALESSANDRIA";"CARREGA LIGURE";1;"Indennita' di contingenza";"203";"0";104;0;31;64;7
"PIEMONTE";"ALESSANDRIA";"CARROSIO";1;"Indennita' di contingenza";"448";"0";376;0;144;218;10
"PIEMONTE";"ALESSANDRIA";"CARTOSIO";1;"Indennita' di contingenza";"747";"0";583;0;228;322;15
"PIEMONTE";"ALESSANDRIA";"CASAL CERMELLI";1;"Indennita' di contingenza";"993";"0";871;0;304;544;13
"PIEMONTE";"ALESSANDRIA";"CASALEGGIO BOIRO";1;"Indennita' di contingenza";"240";"0";204;0;112;87;4
"PIEMONTE";"ALESSANDRIA";"CASALE MONFERRATO";1;"Indennita' di contingenza";"34012";"0";28036;0;11919;15130;491
"PIEMONTE";"ALESSANDRIA";"CASALNOCETO";1;"Indennita' di contingenza";"788";"0";667;0;231;420;10
"PIEMONTE";"ALESSANDRIA";"CASASCO";1;"Indennita' di contingenza";"177";"0";135;0;45;84;2
"PIEMONTE";"ALESSANDRIA";"CASSANO SPINOLA";1;"Indennita' di contingenza";"1782";"0";1517;0;709;774;17
"PIEMONTE";"ALESSANDRIA";"CASSINE";1;"Indennita' di contingenza";"2796";"0";2238;0;924;1244;39
"PIEMONTE";"ALESSANDRIA";"CASSINELLE";1;"Indennita' di contingenza";"729";"0";556;0;232;301;14
"PIEMONTE";"ALESSANDRIA";"CASTELLANIA";1;"Indennita' di contingenza";"113";"0";101;0;35;57;3
"PIEMONTE";"ALESSANDRIA";"CASTELLAR GUIDOBONO";1;"Indennita' di contingenza";"330";"0";289;0;109;159;14
"PIEMONTE";"ALESSANDRIA";"CASTELLAZZO BORMIDA";1;"Indennita' di contingenza";"3714";"0";3178;0;1472;1628;40
"PIEMONTE";"ALESSANDRIA";"CASTELLETTO D'ERRO";1;"Indennita' di contingenza";"171";"0";139;0;46;82;6
"PIEMONTE";"ALESSANDRIA";"CASTELLETTO D'ORBA";1;"Indennita' di contingenza";"1533";"0";1336;0;580;707;35
"PIEMONTE";"ALESSANDRIA";"CASTELLETTO MERLI";1;"Indennita' di contingenza";"453";"0";331;0;81;237;10
"PIEMONTE";"ALESSANDRIA";"CASTELLETTO MONFERRATO";1;"Indennita' di contingenza";"1013";"0";864;0;317;521;15
"PIEMONTE";"ALESSANDRIA";"CASTELNUOVO BORMIDA";1;"Indennita' di contingenza";"675";"0";539;0;255;261;10
"PIEMONTE";"ALESSANDRIA";"CASTELNUOVO SCRIVIA";1;"Indennita' di contingenza";"4826";"0";4142;0;1739;2246;79
"PIEMONTE";"ALESSANDRIA";"CASTELSPINA";1;"Indennita' di contingenza";"377";"0";326;0;115;201;6
"PIEMONTE";"ALESSANDRIA";"CAVATORE";1;"Indennita' di contingenza";"269";"0";204;0;112;87;3
"PIEMONTE";"ALESSANDRIA";"CELLA MONTE";1;"Indennita' di contingenza";"495";"0";391;0;103;271;13
"PIEMONTE";"ALESSANDRIA";"CERESETO";1;"Indennita' di contingenza";"431";"0";338;0;134;180;21
"PIEMONTE";"ALESSANDRIA";"CERRETO GRUE";1;"Indennita' di contingenza";"328";"0";285;0;87;185;8
"PIEMONTE";"ALESSANDRIA";"CERRINA MONFERRATO";1;"Indennita' di contingenza";"1239";"0";933;0;320;573;26
"PIEMONTE";"ALESSANDRIA";"CONIOLO";1;"Indennita' di contingenza";"360";"0";306;0;134;157;10
"PIEMONTE";"ALESSANDRIA";"CONZANO";1;"Indennita' di contingenza";"709";"0";593;0;196;368;15
"PIEMONTE";"ALESSANDRIA";"COSTA VESCOVATO";1;"Indennita' di contingenza";"384";"0";307;0;64;231;10
"PIEMONTE";"ALESSANDRIA";"CREMOLINO";1;"Indennita' di contingenza";"681";"0";562;0;290;241;20
"PIEMONTE";"ALESSANDRIA";"CUCCARO MONFERRATO";1;"Indennita' di contingenza";"401";"0";364;0;131;225;7
"PIEMONTE";"ALESSANDRIA";"DENICE";1;"Indennita' di contingenza";"238";"0";191;0;74;108;5
"PIEMONTE";"ALESSANDRIA";"DERNICE";1;"Indennita' di contingenza";"283";"0";210;0;51;150;3
"PIEMONTE";"ALESSANDRIA";"FABBRICA CURONE";1;"Indennita' di contingenza";"1015";"0";762;0;240;485;26
"PIEMONTE";"ALESSANDRIA";"FELIZZANO";1;"Indennita' di contingenza";"2106";"0";1841;0;989;799;29
"PIEMONTE";"ALESSANDRIA";"FRACONALTO";1;"Indennita' di contingenza";"248";"0";196;0;58;129;5
"PIEMONTE";"ALESSANDRIA";"FRANCAVILLA BISIO";1;"Indennita' di contingenza";"362";"0";300;0;90;198;6
"PIEMONTE";"ALESSANDRIA";"FRASCARO";1;"Indennita' di contingenza";"360";"0";298;0;100;189;3
"PIEMONTE";"ALESSANDRIA";"FRASSINELLO MONFERRATO";1;"Indennita' di contingenza";"572";"0";479;0;159;301;14
"PIEMONTE";"ALESSANDRIA";"FRASSINETO PO";1;"Indennita' di contingenza";"1219";"0";1001;0;434;524;17
"PIEMONTE";"ALESSANDRIA";"FRESONARA";1;"Indennita' di contingenza";"608";"0";532;0;260;258;10
"PIEMONTE";"ALESSANDRIA";"FRUGAROLO";1;"Indennita' di contingenza";"1597";"0";1388;0;614;745;18
"PIEMONTE";"ALESSANDRIA";"FUBINE";1;"Indennita' di contingenza";"1447";"0";1209;0;541;616;37
"PIEMONTE";"ALESSANDRIA";"GABIANO";1;"Indennita' di contingenza";"1233";"0";1014;0;371;597;18
"PIEMONTE";"ALESSANDRIA";"GAMALERO";1;"Indennita' di contingenza";"697";"0";600;0;262;325;9
"PIEMONTE";"ALESSANDRIA";"GARBAGNA";1;"Indennita' di contingenza";"643";"0";486;0;167;290;15
"PIEMONTE";"ALESSANDRIA";"GAVAZZANA";1;"Indennita' di contingenza";"91";"0";77;0;22;52;2
"PIEMONTE";"ALESSANDRIA";"GAVI";1;"Indennita' di contingenza";"3735";"0";3138;0;1288;1705;88
"PIEMONTE";"ALESSANDRIA";"GIAROLE";1;"Indennita' di contingenza";"620";"0";510;0;224;262;17
"PIEMONTE";"ALESSANDRIA";"GREMIASCO";1;"Indennita' di contingenza";"391";"0";278;0;87;175;11
"PIEMONTE";"ALESSANDRIA";"GROGNARDO";1;"Indennita' di contingenza";"313";"0";247;0;94;148;2
"PIEMONTE";"ALESSANDRIA";"GRONDONA";1;"Indennita' di contingenza";"444";"0";336;0;146;173;13
"PIEMONTE";"ALESSANDRIA";"GUAZZORA";1;"Indennita' di contingenza";"323";"0";294;0;125;154;11
"PIEMONTE";"ALESSANDRIA";"ISOLA SANT'ANTONIO";1;"Indennita' di contingenza";"719";"0";643;0;274;354;12
"PIEMONTE";"ALESSANDRIA";"LERMA";1;"Indennita' di contingenza";"678";"0";565;0;289;254;15
"PIEMONTE";"ALESSANDRIA";"LU";1;"Indennita' di contingenza";"1293";"0";1075;0;281;726;57
"PIEMONTE";"ALESSANDRIA";"MALVICINO";1;"Indennita' di contingenza";"112";"0";92;0;34;57;1
"PIEMONTE";"ALESSANDRIA";"MASIO";1;"Indennita' di contingenza";"1355";"0";1212;0;631;554;15
"PIEMONTE";"ALESSANDRIA";"MELAZZO";1;"Indennita' di contingenza";"994";"0";752;0;314;401;21
"PIEMONTE";"ALESSANDRIA";"MERANA";1;"Indennita' di contingenza";"186";"0";148;0;78;63;5
"PIEMONTE";"ALESSANDRIA";"MIRABELLO MONFERRATO";1;"Indennita' di contingenza";"1246";"0";1005;0;363;588;36
"PIEMONTE";"ALESSANDRIA";"MOLARE";1;"Indennita' di contingenza";"1609";"0";1319;0;637;640;19
"PIEMONTE";"ALESSANDRIA";"MOLINO DEI TORTI";1;"Indennita' di contingenza";"690";"0";615;0;237;361;11
"PIEMONTE";"ALESSANDRIA";"MOMBELLO MONFERRATO";1;"Indennita' di contingenza";"993";"0";759;0;269;446;30
"PIEMONTE";"ALESSANDRIA";"MOMPERONE";1;"Indennita' di contingenza";"250";"0";198;0;73;119;4
"PIEMONTE";"ALESSANDRIA";"MONCESTINO";1;"Indennita' di contingenza";"207";"0";138;0;45;81;9
"PIEMONTE";"ALESSANDRIA";"MONGIARDINO LIGURE";1;"Indennita' di contingenza";"269";"0";177;0;34;133;6
"PIEMONTE";"ALESSANDRIA";"MONLEALE";1;"Indennita' di contingenza";"655";"0";553;0;152;376;17
"PIEMONTE";"ALESSANDRIA";"MONTACUTO";1;"Indennita' di contingenza";"402";"0";287;0;85;184;15
"PIEMONTE";"ALESSANDRIA";"MONTALDEO";1;"Indennita' di contingenza";"351";"0";300;0;136;155;5
"PIEMONTE";"ALESSANDRIA";"MONTALDO BORMIDA";1;"Indennita' di contingenza";"617";"0";504;0;209;272;16
"PIEMONTE";"ALESSANDRIA";"MONTECASTELLO";1;"Indennita' di contingenza";"336";"0";280;0;127;145;7
"PIEMONTE";"ALESSANDRIA";"MONTECHIARO D'ACQUI";1;"Indennita' di contingenza";"543";"0";450;0;189;240;12
"PIEMONTE";"ALESSANDRIA";"MONTEGIOCO";1;"Indennita' di contingenza";"240";"0";202;0;42;149;6
"PIEMONTE";"ALESSANDRIA";"MONTEMARZINO";1;"Indennita' di contingenza";"411";"0";348;0;62;276;6
"PIEMONTE";"ALESSANDRIA";"MORANO SUL PO";1;"Indennita' di contingenza";"1431";"0";1279;0;669;580;16
"PIEMONTE";"ALESSANDRIA";"MORBELLO";1;"Indennita' di contingenza";"457";"0";332;0;145;171;7
"PIEMONTE";"ALESSANDRIA";"MORNESE";1;"Indennita' di contingenza";"594";"0";516;0;170;324;12
"PIEMONTE";"ALESSANDRIA";"MORSASCO";1;"Indennita' di contingenza";"575";"0";493;0;285;196;9
"PIEMONTE";"ALESSANDRIA";"MURISENGO";1;"Indennita' di contingenza";"1366";"0";1073;0;325;694;25
"PIEMONTE";"ALESSANDRIA";"NOVI LIGURE";1;"Indennita' di contingenza";"25707";"0";22038;0;11009;10479;282
"PIEMONTE";"ALESSANDRIA";"OCCIMIANO";1;"Indennita' di contingenza";"1207";"0";1045;0;413;596;20
"PIEMONTE";"ALESSANDRIA";"ODALENGO GRANDE";1;"Indennita' di contingenza";"507";"0";333;0;95;213;18
"PIEMONTE";"ALESSANDRIA";"ODALENGO PICCOLO";1;"Indennita' di contingenza";"229";"0";164;0;66;94;2
"PIEMONTE";"ALESSANDRIA";"OLIVOLA";1;"Indennita' di contingenza";"146";"0";108;0;43;57;6
"PIEMONTE";"ALESSANDRIA";"ORSARA BORMIDA";1;"Indennita' di contingenza";"422";"0";334;0;134;187;8
"PIEMONTE";"ALESSANDRIA";"OTTIGLIO";1;"Indennita' di contingenza";"705";"0";568;0;259;274;25
"PIEMONTE";"ALESSANDRIA";"OVADA";1;"Indennita' di contingenza";"10485";"0";9195;0;5051;3880;143
"PIEMONTE";"ALESSANDRIA";"OVIGLIO";1;"Indennita' di contingenza";"1148";"0";978;0;391;568;15
"PIEMONTE";"ALESSANDRIA";"OZZANO MONFERRATO";1;"Indennita' di contingenza";"1417";"0";1187;0;556;585;27
"PIEMONTE";"ALESSANDRIA";"PADERNA";1;"Indennita' di contingenza";"247";"0";207;0;60;143;3
"PIEMONTE";"ALESSANDRIA";"PARETO";1;"Indennita' di contingenza";"686";"0";527;0;226;270;22
"PIEMONTE";"ALESSANDRIA";"PARODI LIGURE";1;"Indennita' di contingenza";"717";"0";624;0;254;344;16
"PIEMONTE";"ALESSANDRIA";"PASTURANA";1;"Indennita' di contingenza";"655";"0";579;0;242;322;8
"PIEMONTE";"ALESSANDRIA";"PECETTO DI VALENZA";1;"Indennita' di contingenza";"939";"0";802;0;394;381;11
"PIEMONTE";"ALESSANDRIA";"PIETRA MARAZZI";1;"Indennita' di contingenza";"608";"0";531;0;174;340;8
"PIEMONTE";"ALESSANDRIA";"PIOVERA";1;"Indennita' di contingenza";"587";"0";521;0;252;254;10
"PIEMONTE";"ALESSANDRIA";"POMARO MONFERRATO";1;"Indennita' di contingenza";"380";"0";317;0;140;168;7
"PIEMONTE";"ALESSANDRIA";"PONTECURONE";1;"Indennita' di contingenza";"3574";"0";3176;0;1854;1266;23
"PIEMONTE";"ALESSANDRIA";"PONTESTURA";1;"Indennita' di contingenza";"1516";"0";1278;0;597;631;26
"PIEMONTE";"ALESSANDRIA";"PONTI";1;"Indennita' di contingenza";"667";"0";539;0;182;336;16
"PIEMONTE";"ALESSANDRIA";"PONZANO MONFERRATO";1;"Indennita' di contingenza";"369";"0";266;0;88;161;9
"PIEMONTE";"ALESSANDRIA";"PONZONE";1;"Indennita' di contingenza";"1176";"0";803;0;312;464;8
"PIEMONTE";"ALESSANDRIA";"POZZOL GROPPO";1;"Indennita' di contingenza";"385";"0";327;0;124;189;12
"PIEMONTE";"ALESSANDRIA";"POZZOLO FORMIGARO";1;"Indennita' di contingenza";"3732";"0";3151;0;1584;1466;54
"PIEMONTE";"ALESSANDRIA";"PRASCO";1;"Indennita' di contingenza";"443";"0";353;0;168;173;10
"PIEMONTE";"ALESSANDRIA";"PREDOSA";1;"Indennita' di contingenza";"1811";"0";1600;0;739;805;32
"PIEMONTE";"ALESSANDRIA";"QUARGNENTO";1;"Indennita' di contingenza";"1029";"0";920;0;457;434;23
"PIEMONTE";"ALESSANDRIA";"QUATTORDIO";1;"Indennita' di contingenza";"1679";"0";1515;0;690;758;43
"PIEMONTE";"ALESSANDRIA";"RICALDONE";1;"Indennita' di contingenza";"597";"0";509;0;224;266;15
"PIEMONTE";"ALESSANDRIA";"RIVALTA BORMIDA";1;"Indennita' di contingenza";"1323";"0";1127;0;437;641;28
"PIEMONTE";"ALESSANDRIA";"RIVARONE";1;"Indennita' di contingenza";"275";"0";240;0;102;126;9
"PIEMONTE";"ALESSANDRIA";"ROCCAFORTE LIGURE";1;"Indennita' di contingenza";"178";"0";120;0;35;77;6
"PIEMONTE";"ALESSANDRIA";"ROCCA GRIMALDA";1;"Indennita' di contingenza";"1132";"0";954;0;513;411;22
"PIEMONTE";"ALESSANDRIA";"ROCCHETTA LIGURE";1;"Indennita' di contingenza";"250";"0";191;0;70;107;8
"PIEMONTE";"ALESSANDRIA";"ROSIGNANO MONFERRATO";1;"Indennita' di contingenza";"1349";"0";1074;0;363;652;45
"PIEMONTE";"ALESSANDRIA";"SALA MONFERRATO";1;"Indennita' di contingenza";"497";"0";412;0;135;248;15
"PIEMONTE";"ALESSANDRIA";"SALE";1;"Indennita' di contingenza";"3868";"0";3220;0;1191;1920;54
"PIEMONTE";"ALESSANDRIA";"SAN CRISTOFORO";1;"Indennita' di contingenza";"523";"0";445;0;184;241;13
"PIEMONTE";"ALESSANDRIA";"SAN GIORGIO MONFERRATO";1;"Indennita' di contingenza";"1091";"0";944;0;402;513;16
"PIEMONTE";"ALESSANDRIA";"SAN SALVATORE MONFERRATO";1;"Indennita' di contingenza";"4012";"0";3426;0;1440;1867;60
"PIEMONTE";"ALESSANDRIA";"SAN SEBASTIANO CURONE";1;"Indennita' di contingenza";"507";"0";398;0;96;289;7
"PIEMONTE";"ALESSANDRIA";"SANT'AGATA FOSSILI";1;"Indennita' di contingenza";"352";"0";291;0;67;210;8
"PIEMONTE";"ALESSANDRIA";"SARDIGLIANO";1;"Indennita' di contingenza";"472";"0";396;0;139;241;10
"PIEMONTE";"ALESSANDRIA";"SAREZZANO";1;"Indennita' di contingenza";"926";"0";759;0;188;545;15
"PIEMONTE";"ALESSANDRIA";"SERRALUNGA DI CREA";1;"Indennita' di contingenza";"616";"0";536;0;182;335;14
"PIEMONTE";"ALESSANDRIA";"SERRAVALLE SCRIVIA";1;"Indennita' di contingenza";"5028";"0";4228;0;2019;2087;62
"PIEMONTE";"ALESSANDRIA";"SEZZADIO";1;"Indennita' di contingenza";"1293";"0";1096;0;353;707;18
"PIEMONTE";"ALESSANDRIA";"SILVANO D'ORBA";1;"Indennita' di contingenza";"1494";"0";1306;0;683;588;25
"PIEMONTE";"ALESSANDRIA";"SOLERO";1;"Indennita' di contingenza";"1514";"0";1324;0;668;605;29
"PIEMONTE";"ALESSANDRIA";"SOLONGHELLO";1;"Indennita' di contingenza";"266";"0";218;0;59;146;11
"PIEMONTE";"ALESSANDRIA";"SPIGNO MONFERRATO";1;"Indennita' di contingenza";"1386";"0";1116;0;528;549;27
"PIEMONTE";"ALESSANDRIA";"SPINETO SCRIVIA";1;"Indennita' di contingenza";"339";"0";291;0;119;162;6
"PIEMONTE";"ALESSANDRIA";"STAZZANO";1;"Indennita' di contingenza";"1655";"0";1423;0;578;781;33
"PIEMONTE";"ALESSANDRIA";"STREVI";1;"Indennita' di contingenza";"1451";"0";1149;0;519;589;25
"PIEMONTE";"ALESSANDRIA";"TAGLIOLO MONFERRATO";1;"Indennita' di contingenza";"1108";"0";952;0;597;326;16
"PIEMONTE";"ALESSANDRIA";"TASSAROLO";1;"Indennita' di contingenza";"422";"0";379;0;121;250;5
"PIEMONTE";"ALESSANDRIA";"TERRUGGIA";1;"Indennita' di contingenza";"610";"0";516;0;138;345;22
"PIEMONTE";"ALESSANDRIA";"TERZO";1;"Indennita' di contingenza";"707";"0";559;0;216;319;18
"PIEMONTE";"ALESSANDRIA";"TICINETO";1;"Indennita' di contingenza";"1176";"0";1033;0;479;524;20
"PIEMONTE";"ALESSANDRIA";"TORTONA";1;"Indennita' di contingenza";"24046";"0";20114;0;8231;11452;226
"PIEMONTE";"ALESSANDRIA";"TREVILLE";1;"Indennita' di contingenza";"297";"0";236;0;71;155;9
"PIEMONTE";"ALESSANDRIA";"TRISOBBIO";1;"Indennita' di contingenza";"558";"0";427;0;231;184;7
"PIEMONTE";"ALESSANDRIA";"VALENZA";1;"Indennita' di contingenza";"17884";"0";15179;0;6505;8114;274
"PIEMONTE";"ALESSANDRIA";"VALMACCA";1;"Indennita' di contingenza";"1019";"0";930;0;388;514;21
"PIEMONTE";"ALESSANDRIA";"VIGNALE MONFERRATO";1;"Indennita' di contingenza";"1093";"0";878;0;313;529;25
"PIEMONTE";"ALESSANDRIA";"VIGNOLE BORBERA";1;"Indennita' di contingenza";"1630";"0";1383;0;628;711;22
"PIEMONTE";"ALESSANDRIA";"VIGUZZOLO";1;"Indennita' di contingenza";"2505";"0";2117;0;858;1185;38
"PIEMONTE";"ALESSANDRIA";"VILLADEATI";1;"Indennita' di contingenza";"597";"0";480;0;140;319;7
"PIEMONTE";"ALESSANDRIA";"VILLALVERNIA";1;"Indennita' di contingenza";"766";"0";664;0;294;358;7
"PIEMONTE";"ALESSANDRIA";"VILLAMIROGLIO";1;"Indennita' di contingenza";"308";"0";241;0;90;133;13
"PIEMONTE";"ALESSANDRIA";"VILLANOVA MONFERRATO";1;"Indennita' di contingenza";"1563";"0";1376;0;717;623;28
"PIEMONTE";"ALESSANDRIA";"VILLAROMAGNANO";1;"Indennita' di contingenza";"546";"0";470;0;126;341;2
"PIEMONTE";"ALESSANDRIA";"VISONE";1;"Indennita' di contingenza";"1108";"0";882;0;385;469;15
"PIEMONTE";"ALESSANDRIA";"VOLPEDO";1;"Indennita' di contingenza";"1097";"0";885;0;322;533;20
"PIEMONTE";"ALESSANDRIA";"VOLPEGLINO";1;"Indennita' di contingenza";"149";"0";124;0;26;95;2
"PIEMONTE";"ALESSANDRIA";"VOLTAGGIO";1;"Indennita' di contingenza";"720";"0";594;0;189;384;16
"PIEMONTE";"ASTI";"AGLIANO";1;"Indennita' di contingenza";"1482";"0";1146;0;307;773;43
"PIEMONTE";"ASTI";"ALBUGNANO";1;"Indennita' di contingenza";"348";"0";256;0;66;183;3
"PIEMONTE";"ASTI";"ANTIGNANO";1;"Indennita' di contingenza";"866";"0";719;0;175;503;25
"PIEMONTE";"ASTI";"ARAMENGO";1;"Indennita' di contingenza";"453";"0";298;0;105;173;8
"PIEMONTE";"ASTI";"ASTI";1;"Indennita' di contingenza";"62288";"0";49822;0;20917;27298;660
"PIEMONTE";"ASTI";"AZZANO D'ASTI";1;"Indennita' di contingenza";"283";"0";227;0;95;122;1
"PIEMONTE";"ASTI";"BALDICHIERI D'ASTI";1;"Indennita' di contingenza";"804";"0";666;0;279;377;6
"PIEMONTE";"ASTI";"BELVEGLIO";1;"Indennita' di contingenza";"350";"0";268;0;91;160;8
"PIEMONTE";"ASTI";"BERZANO DI SAN PIETRO";1;"Indennita' di contingenza";"279";"0";211;0;80;109;12
"PIEMONTE";"ASTI";"BRUNO";1;"Indennita' di contingenza";"386";"0";313;0;138;166;6
"PIEMONTE";"ASTI";"BUBBIO";1;"Indennita' di contingenza";"839";"0";685;0;201;445;22
"PIEMONTE";"ASTI";"BUTTIGLIERA D'ASTI";1;"Indennita' di contingenza";"1487";"0";1205;0;345;786;51
"PIEMONTE";"ASTI";"CALAMANDRANA";1;"Indennita' di contingenza";"1194";"0";968;0;464;464;28
"PIEMONTE";"ASTI";"CALLIANO";1;"Indennita' di contingenza";"1250";"0";1019;0;388;579;31
"PIEMONTE";"ASTI";"CALOSSO";1;"Indennita' di contingenza";"1308";"0";954;0;276;631;25
"PIEMONTE";"ASTI";"CAMERANO CASASCO";1;"Indennita' di contingenza";"421";"0";323;0;109;186;20
"PIEMONTE";"ASTI";"CANELLI";1;"Indennita' di contingenza";"8750";"0";6807;0;2588;3943;120
"PIEMONTE";"ASTI";"CANTARANA";1;"Indennita' di contingenza";"568";"0";443;0;158;254;16
"PIEMONTE";"ASTI";"CAPRIGLIO";1;"Indennita' di contingenza";"192";"0";136;0;54;74;1
"PIEMONTE";"ASTI";"CASORZO";1;"Indennita' di contingenza";"667";"0";528;0;206;297;13
"PIEMONTE";"ASTI";"CASSINASCO";1;"Indennita' di contingenza";"533";"0";397;0;182;199;5
"PIEMONTE";"ASTI";"CASTAGNOLE DELLE LANZE";1;"Indennita' di contingenza";"2865";"0";2341;0;557;1658;78
"PIEMONTE";"ASTI";"CASTAGNOLE MONFERRATO";1;"Indennita' di contingenza";"1070";"0";873;0;381;452;21
"PIEMONTE";"ASTI";"CASTEL BOGLIONE";1;"Indennita' di contingenza";"640";"0";453;0;132;293;14
"PIEMONTE";"ASTI";"CASTELL'ALFERO";1;"Indennita' di contingenza";"2058";"0";1661;0;642;937;45
"PIEMONTE";"ASTI";"CASTELLERO";1;"Indennita' di contingenza";"226";"0";189;0;66;118;0
"PIEMONTE";"ASTI";"CASTELLETTO MOLINA";1;"Indennita' di contingenza";"165";"0";132;0;39;86;4
"PIEMONTE";"ASTI";"CASTELLO DI ANNONE";1;"Indennita' di contingenza";"1385";"0";1175;0;593;543;17
"PIEMONTE";"ASTI";"CASTELNUOVO BELBO";1;"Indennita' di contingenza";"852";"0";721;0;359;332;14
"PIEMONTE";"ASTI";"CASTELNUOVO CALCEA";1;"Indennita' di contingenza";"735";"0";556;0;162;357;24
"PIEMONTE";"ASTI";"CASTELNUOVO DON BOSCO";1;"Indennita' di contingenza";"2202";"0";1674;0;473;1127;35
"PIEMONTE";"ASTI";"CASTEL ROCCHERO";1;"Indennita' di contingenza";"380";"0";313;0;68;185;5
"PIEMONTE";"ASTI";"CELLARENGO";1;"Indennita' di contingenza";"334";"0";275;0;51;206;10
"PIEMONTE";"ASTI";"CELLE ENOMONDO";1;"Indennita' di contingenza";"429";"0";344;0;63;266;10
"PIEMONTE";"ASTI";"CERRETO D'ASTI";1;"Indennita' di contingenza";"230";"0";180;0;52;117;6
"PIEMONTE";"ASTI";"CERRO TANARO";1;"Indennita' di contingenza";"477";"0";438;0;203;223;8
"PIEMONTE";"ASTI";"CESSOLE";1;"Indennita' di contingenza";"487";"0";357;0;87;246;13
"PIEMONTE";"ASTI";"CHIUSANO D'ASTI";1;"Indennita' di contingenza";"168";"0";141;0;50;77;7
"PIEMONTE";"ASTI";"CINAGLIO";1;"Indennita' di contingenza";"358";"0";276;0;108;158;4
"PIEMONTE";"ASTI";"CISTERNA D'ASTI";1;"Indennita' di contingenza";"1008";"0";827;0;154;638;21
"PIEMONTE";"ASTI";"COAZZOLO";1;"Indennita' di contingenza";"212";"0";186;0;24;155;4
"PIEMONTE";"ASTI";"COCCONATO";1;"Indennita' di contingenza";"1328";"0";1097;0;374;686;22
"PIEMONTE";"ASTI";"COLCAVAGNO";1;"Indennita' di contingenza";"150";"0";127;0;31;87;7
"PIEMONTE";"ASTI";"CORSIONE";1;"Indennita' di contingenza";"183";"0";139;0;40;89;6
"PIEMONTE";"ASTI";"CORTANDONE";1;"Indennita' di contingenza";"216";"0";180;0;36;131;9
"PIEMONTE";"ASTI";"CORTANZE";1;"Indennita' di contingenza";"278";"0";222;0;68;142;10
"PIEMONTE";"ASTI";"CORTAZZONE";1;"Indennita' di contingenza";"448";"0";321;0;82;222;6
"PIEMONTE";"ASTI";"CORTIGLIONE";1;"Indennita' di contingenza";"512";"0";417;0;159;237;16
"PIEMONTE";"ASTI";"COSSOMBRATO";1;"Indennita' di contingenza";"326";"0";259;0;68;184;5
"PIEMONTE";"ASTI";"COSTIGLIOLE D'ASTI";1;"Indennita' di contingenza";"4877";"0";3782;0;1008;2584;101
"PIEMONTE";"ASTI";"CUNICO";1;"Indennita' di contingenza";"426";"0";346;0;122;208;12
"PIEMONTE";"ASTI";"DUSINO SAN MICHELE";1;"Indennita' di contingenza";"634";"0";474;0;163;285;11
"PIEMONTE";"ASTI";"FERRERE";1;"Indennita' di contingenza";"1028";"0";773;0;187;546;15
"PIEMONTE";"ASTI";"FONTANILE";1;"Indennita' di contingenza";"520";"0";420;0;125;270;13
"PIEMONTE";"ASTI";"FRINCO";1;"Indennita' di contingenza";"558";"0";392;0;127;247;6
"PIEMONTE";"ASTI";"GRANA";1;"Indennita' di contingenza";"640";"0";514;0;161;325;18
"PIEMONTE";"ASTI";"GRAZZANO BADOGLIO";1;"Indennita' di contingenza";"667";"0";501;0;130;348;14
"PIEMONTE";"ASTI";"INCISA SCAPACCINO";1;"Indennita' di contingenza";"1726";"0";1384;0;676;643;34
"PIEMONTE";"ASTI";"ISOLA D'ASTI";1;"Indennita' di contingenza";"1711";"0";1396;0;454;868;41
"PIEMONTE";"ASTI";"LOAZZOLO";1;"Indennita' di contingenza";"355";"0";277;0;75;174;14
"PIEMONTE";"ASTI";"MARANZANA";1;"Indennita' di contingenza";"358";"0";284;0;100;177;4
"PIEMONTE";"ASTI";"MARETTO";1;"Indennita' di contingenza";"262";"0";205;0;76;119;6
"PIEMONTE";"ASTI";"MOASCA";1;"Indennita' di contingenza";"365";"0";298;0;76;202;8
"PIEMONTE";"ASTI";"MOMBALDONE";1;"Indennita' di contingenza";"283";"0";231;0;89;132;6
"PIEMONTE";"ASTI";"MOMBARUZZO";1;"Indennita' di contingenza";"1174";"0";932;0;393;498;21
"PIEMONTE";"ASTI";"MOMBERCELLI";1;"Indennita' di contingenza";"1848";"0";1459;0;454;950;31
"PIEMONTE";"ASTI";"MONALE";1;"Indennita' di contingenza";"708";"0";541;0;181;325;14
"PIEMONTE";"ASTI";"MONASTERO BORMIDA";1;"Indennita' di contingenza";"888";"0";718;0;227;434;35
"PIEMONTE";"ASTI";"MONCALVO";1;"Indennita' di contingenza";"3067";"0";2541;0;753;1651;70
"PIEMONTE";"ASTI";"MONCUCCO TORINESE";1;"Indennita' di contingenza";"627";"0";475;0;125;312;16
"PIEMONTE";"ASTI";"MONGARDINO";1;"Indennita' di contingenza";"721";"0";602;0;160;420;18
"PIEMONTE";"ASTI";"MONTABONE";1;"Indennita' di contingenza";"314";"0";269;0;76;179;8
"PIEMONTE";"ASTI";"MONTAFIA";1;"Indennita' di contingenza";"697";"0";519;0;154;326;22
"PIEMONTE";"ASTI";"MONTALDO SCARAMPI";1;"Indennita' di contingenza";"549";"0";447;0;124;309;9
"PIEMONTE";"ASTI";"MONTECHIARO D'ASTI";1;"Indennita' di contingenza";"1092";"0";920;0;329;559;17
"PIEMONTE";"ASTI";"MONTEGROSSO D'ASTI";1;"Indennita' di contingenza";"1774";"0";1368;0;383;910;48
"PIEMONTE";"ASTI";"MONTEMAGNO";1;"Indennita' di contingenza";"1104";"0";907;0;266;610;20
"PIEMONTE";"ASTI";"MONTIGLIO";1;"Indennita' di contingenza";"1264";"0";975;0;319;611;29
"PIEMONTE";"ASTI";"MORANSENGO";1;"Indennita' di contingenza";"168";"0";138;0;56;72;3
"PIEMONTE";"ASTI";"NIZZA MONFERRATO";1;"Indennita' di contingenza";"8012";"0";6483;0;2543;3676;123
"PIEMONTE";"ASTI";"OLMO GENTILE";1;"Indennita' di contingenza";"123";"0";94;0;33;55;3
"PIEMONTE";"ASTI";"PASSERANO MARMORITO";1;"Indennita' di contingenza";"398";"0";319;0;77;224;11
"PIEMONTE";"ASTI";"PENANGO";1;"Indennita' di contingenza";"467";"0";364;0;98;252;9
"PIEMONTE";"ASTI";"PIEA";1;"Indennita' di contingenza";"450";"0";328;0;106;192;16
"PIEMONTE";"ASTI";"PINO D'ASTI";1;"Indennita' di contingenza";"192";"0";154;0;56;79;17
"PIEMONTE";"ASTI";"PIOVA' MASSAIA";1;"Indennita' di contingenza";"568";"0";427;0;117;280;12
"PIEMONTE";"ASTI";"PORTACOMARO";1;"Indennita' di contingenza";"1464";"0";1210;0;483;687;28
"PIEMONTE";"ASTI";"QUARANTI";1;"Indennita' di contingenza";"198";"0";156;0;74;73;5
"PIEMONTE";"ASTI";"REFRANCORE";1;"Indennita' di contingenza";"1289";"0";1061;0;460;557;25
"PIEMONTE";"ASTI";"REVIGLIASCO D'ASTI";1;"Indennita' di contingenza";"615";"0";454;0;159;267;11
"PIEMONTE";"ASTI";"ROATTO";1;"Indennita' di contingenza";"279";"0";213;0;47;154;10
"PIEMONTE";"ASTI";"ROBELLA";1;"Indennita' di contingenza";"524";"0";377;0;109;249;12
"PIEMONTE";"ASTI";"ROCCA D'ARAZZO";1;"Indennita' di contingenza";"802";"0";688;0;241;422;17
"PIEMONTE";"ASTI";"ROCCAVERANO";1;"Indennita' di contingenza";"632";"0";489;0;102;362;13
"PIEMONTE";"ASTI";"ROCCHETTA PALAFEA";1;"Indennita' di contingenza";"409";"0";284;0;96;173;10
"PIEMONTE";"ASTI";"ROCCHETTA TANARO";1;"Indennita' di contingenza";"1309";"0";1106;0;510;553;33
"PIEMONTE";"ASTI";"SAN DAMIANO D'ASTI";1;"Indennita' di contingenza";"5755";"0";4730;0;1286;3220;95
"PIEMONTE";"ASTI";"SAN GIORGIO SCARAMPI";1;"Indennita' di contingenza";"163";"0";132;0;28;93;8
"PIEMONTE";"ASTI";"SAN MARTINO ALFIERI";1;"Indennita' di contingenza";"603";"0";501;0;111;361;17
"PIEMONTE";"ASTI";"SAN MARZANO OLIVETO";1;"Indennita' di contingenza";"798";"0";645;0;184;422;26
"PIEMONTE";"ASTI";"SAN PAOLO SOLBRITO";1;"Indennita' di contingenza";"635";"0";541;0;196;328;12
"PIEMONTE";"ASTI";"SCANDELUZZA";1;"Indennita' di contingenza";"230";"0";199;0;50;130;11
"PIEMONTE";"ASTI";"SCURZOLENGO";1;"Indennita' di contingenza";"525";"0";438;0;230;195;9
"PIEMONTE";"ASTI";"SEROLE";1;"Indennita' di contingenza";"168";"0";141;0;56;74;5
"PIEMONTE";"ASTI";"SESSAME";1;"Indennita' di contingenza";"308";"0";241;0;84;144;5
"PIEMONTE";"ASTI";"SETTIME";1;"Indennita' di contingenza";"421";"0";343;0;116;213;9
"PIEMONTE";"ASTI";"SOGLIO";1;"Indennita' di contingenza";"137";"0";127;0;35;82;6
"PIEMONTE";"ASTI";"TIGLIOLE";1;"Indennita' di contingenza";"1233";"0";967;0;327;585;23
"PIEMONTE";"ASTI";"TONCO";1;"Indennita' di contingenza";"797";"0";625;0;239;363;21
"PIEMONTE";"ASTI";"TONENGO";1;"Indennita' di contingenza";"159";"0";113;0;32;73;4
"PIEMONTE";"ASTI";"VAGLIO SERRA";1;"Indennita' di contingenza";"265";"0";206;0;83;114;7
"PIEMONTE";"ASTI";"VALFENERA";1;"Indennita' di contingenza";"1507";"0";1232;0;435;739;33
"PIEMONTE";"ASTI";"VESIME";1;"Indennita' di contingenza";"661";"0";495;0;99;358;17
"PIEMONTE";"ASTI";"VIALE";1;"Indennita' di contingenza";"242";"0";189;0;51;122;8
"PIEMONTE";"ASTI";"VIARIGI";1;"Indennita' di contingenza";"1035";"0";826;0;361;426;27
"PIEMONTE";"ASTI";"VIGLIANO D'ASTI";1;"Indennita' di contingenza";"649";"0";506;0;109;372;12
"PIEMONTE";"ASTI";"VILLAFRANCA D'ASTI";1;"Indennita' di contingenza";"2286";"0";1778;0;682;1019;43
"PIEMONTE";"ASTI";"VILLANOVA D'ASTI";1;"Indennita' di contingenza";"3311";"0";2754;0;1094;1527;58
"PIEMONTE";"ASTI";"VILLA SAN SECONDO";1;"Indennita' di contingenza";"381";"0";296;0;103;178;11
"PIEMONTE";"ASTI";"VINCHIO";1;"Indennita' di contingenza";"671";"0";567;0;206;340;13
"PIEMONTE";"CUNEO";"ACCEGLIO";1;"Indennita' di contingenza";"275";"0";176;0;44;121;5
"PIEMONTE";"CUNEO";"AISONE";1;"Indennita' di contingenza";"277";"0";189;0;40;137;8
"PIEMONTE";"CUNEO";"ALBA";1;"Indennita' di contingenza";"24416";"0";20552;0;5600;14257;285
"PIEMONTE";"CUNEO";"ALBARETTO DELLA TORRE";1;"Indennita' di contingenza";"199";"0";171;0;31;129;8
"PIEMONTE";"CUNEO";"ALTO";1;"Indennita' di contingenza";"114";"0";100;0;38;53;6
"PIEMONTE";"CUNEO";"ARGENTERA";1;"Indennita' di contingenza";"102";"0";75;0;17;50;2
"PIEMONTE";"CUNEO";"ARGUELLO";1;"Indennita' di contingenza";"137";"0";110;0;20;83;1
"PIEMONTE";"CUNEO";"BAGNASCO";1;"Indennita' di contingenza";"953";"0";707;0;282;371;20
"PIEMONTE";"CUNEO";"BAGNOLO PIEMONTE";1;"Indennita' di contingenza";"4013";"0";3117;0;820;2168;45
"PIEMONTE";"CUNEO";"BALDISSERO D'ALBA";1;"Indennita' di contingenza";"811";"0";599;0;117;448;29
"PIEMONTE";"CUNEO";"BARBARESCO";1;"Indennita' di contingenza";"485";"0";412;0;70;325;8
"PIEMONTE";"CUNEO";"BARGE";1;"Indennita' di contingenza";"5646";"0";4495;0;1229;2991;118
"PIEMONTE";"CUNEO";"BAROLO";1;"Indennita' di contingenza";"588";"0";510;0;121;368;16
"PIEMONTE";"CUNEO";"BASTIA MONDOVI'";1;"Indennita' di contingenza";"511";"0";391;0;106;261;12
"PIEMONTE";"CUNEO";"BATTIFOLLO";1;"Indennita' di contingenza";"272";"0";204;0;89;107;6
"PIEMONTE";"CUNEO";"BEINETTE";1;"Indennita' di contingenza";"1988";"0";1592;0;353;1161;39
"PIEMONTE";"CUNEO";"BELLINO";1;"Indennita' di contingenza";"275";"0";202;0;30;143;13
"PIEMONTE";"CUNEO";"BELVEDERE LANGHE";1;"Indennita' di contingenza";"288";"0";248;0;62;170;12
"PIEMONTE";"CUNEO";"BENE VAGIENNA";1;"Indennita' di contingenza";"2644";"0";2163;0;422;1580;85
"PIEMONTE";"CUNEO";"BENEVELLO";1;"Indennita' di contingenza";"318";"0";270;0;59;191;13
"PIEMONTE";"CUNEO";"BERGOLO";1;"Indennita' di contingenza";"68";"0";59;0;13;42;1
"PIEMONTE";"CUNEO";"BERNEZZO";1;"Indennita' di contingenza";"1727";"0";1437;0;331;1049;34
"PIEMONTE";"CUNEO";"BONVICINO";1;"Indennita' di contingenza";"135";"0";90;0;25;62;2
"PIEMONTE";"CUNEO";"BORGOMALE";1;"Indennita' di contingenza";"308";"0";260;0;52;182;8
"PIEMONTE";"CUNEO";"BORGO SAN DALMAZZO";1;"Indennita' di contingenza";"8041";"0";6702;0;2067;4401;103
"PIEMONTE";"CUNEO";"BOSIA";1;"Indennita' di contingenza";"198";"0";173;0;51;113;4
"PIEMONTE";"CUNEO";"BOSSOLASCO";1;"Indennita' di contingenza";"535";"0";426;0;93;315;7
"PIEMONTE";"CUNEO";"BOVES";1;"Indennita' di contingenza";"6695";"0";5551;0;1143;4154;102
"PIEMONTE";"CUNEO";"BRA";1;"Indennita' di contingenza";"20829";"0";17323;0;5293;11307;245
"PIEMONTE";"CUNEO";"BRIAGLIA";1;"Indennita' di contingenza";"238";"0";172;0;40;124;4
"PIEMONTE";"CUNEO";"BRIGA ALTA";1;"Indennita' di contingenza";"95";"0";80;0;18;53;6
"PIEMONTE";"CUNEO";"BRONDELLO";1;"Indennita' di contingenza";"288";"0";201;0;51;137;7
"PIEMONTE";"CUNEO";"BROSSASCO";1;"Indennita' di contingenza";"1006";"0";776;0;221;509;24
"PIEMONTE";"CUNEO";"BUSCA";1;"Indennita' di contingenza";"6693";"0";5364;0;1104;4014;103
"PIEMONTE";"CUNEO";"CAMERANA";1;"Indennita' di contingenza";"716";"0";608;0;150;423;16
"PIEMONTE";"CUNEO";"CAMO";1;"Indennita' di contingenza";"191";"0";165;0;19;139;5
"PIEMONTE";"CUNEO";"CANALE";1;"Indennita' di contingenza";"3918";"0";3117;0;859;2150;61
"PIEMONTE";"CUNEO";"CANOSIO";1;"Indennita' di contingenza";"108";"0";83;0;25;55;2
"PIEMONTE";"CUNEO";"CAPRAUNA";1;"Indennita' di contingenza";"181";"0";144;0;42;89;10
"PIEMONTE";"CUNEO";"CARAGLIO";1;"Indennita' di contingenza";"4368";"0";3763;0;884;2692;105
"PIEMONTE";"CUNEO";"CARAMAGNA PIEMONTE";1;"Indennita' di contingenza";"1721";"0";1512;0;466;981;36
"PIEMONTE";"CUNEO";"CARDE'";1;"Indennita' di contingenza";"876";"0";774;0;133;588;31
"PIEMONTE";"CUNEO";"CARRU'";1;"Indennita' di contingenza";"3353";"0";2616;0;663;1798;86
"PIEMONTE";"CUNEO";"CARTIGNANO";1;"Indennita' di contingenza";"171";"0";143;0;40;92;5
"PIEMONTE";"CUNEO";"CASALGRASSO";1;"Indennita' di contingenza";"1003";"0";845;0;207;583;25
"PIEMONTE";"CUNEO";"CASTAGNITO";1;"Indennita' di contingenza";"1131";"0";878;0;212;634;14
"PIEMONTE";"CUNEO";"CASTELDELFINO";1;"Indennita' di contingenza";"362";"0";198;0;49;133;6
"PIEMONTE";"CUNEO";"CASTELLAR";1;"Indennita' di contingenza";"175";"0";138;0;28;99;8
"PIEMONTE";"CUNEO";"CASTELLETTO STURA";1;"Indennita' di contingenza";"831";"0";680;0;106;540;19
"PIEMONTE";"CUNEO";"CASTELLETTO UZZONE";1;"Indennita' di contingenza";"346";"0";248;0;44;198;5
"PIEMONTE";"CUNEO";"CASTELLINALDO";1;"Indennita' di contingenza";"682";"0";563;0;147;387;13
"PIEMONTE";"CUNEO";"CASTELLINO TANARO";1;"Indennita' di contingenza";"312";"0";222;0;77;126;10
"PIEMONTE";"CUNEO";"CASTELMAGNO";1;"Indennita' di contingenza";"172";"0";98;0;26;65;4
"PIEMONTE";"CUNEO";"CASTELNUOVO DI CEVA";1;"Indennita' di contingenza";"128";"0";112;0;17;85;5
"PIEMONTE";"CUNEO";"CASTIGLIONE FALLETTO";1;"Indennita' di contingenza";"406";"0";362;0;63;292;4
"PIEMONTE";"CUNEO";"CASTIGLIONE TINELLA";1;"Indennita' di contingenza";"805";"0";692;0;90;561;21
"PIEMONTE";"CUNEO";"CASTINO";1;"Indennita' di contingenza";"496";"0";403;0;90;282;12
"PIEMONTE";"CUNEO";"CAVALLERLEONE";1;"Indennita' di contingenza";"457";"0";401;0;62;310;15
"PIEMONTE";"CUNEO";"CAVALLERMAGGIORE";1;"Indennita' di contingenza";"3516";"0";3001;0;782;2072;82
"PIEMONTE";"CUNEO";"CELLE DI MACRA";1;"Indennita' di contingenza";"156";"0";91;0;27;58;4
"PIEMONTE";"CUNEO";"CENTALLO";1;"Indennita' di contingenza";"4226";"0";3705;0;666;2878;78
"PIEMONTE";"CUNEO";"CERESOLE ALBA";1;"Indennita' di contingenza";"1381";"0";1152;0;308;790;25
"PIEMONTE";"CUNEO";"CERRETTO LANGHE";1;"Indennita' di contingenza";"325";"0";262;0;63;178;13
"PIEMONTE";"CUNEO";"CERVASCA";1;"Indennita' di contingenza";"2630";"0";2150;0;568;1481;46
"PIEMONTE";"CUNEO";"CERVERE";1;"Indennita' di contingenza";"1248";"0";998;0;224;729;22
"PIEMONTE";"CUNEO";"CEVA";1;"Indennita' di contingenza";"4557";"0";3532;0;1056;2323;65
"PIEMONTE";"CUNEO";"CHERASCO";1;"Indennita' di contingenza";"4949";"0";4152;0;967;2990;88
"PIEMONTE";"CUNEO";"CHIUSA DI PESIO";1;"Indennita' di contingenza";"2819";"0";2164;0;562;1471;59
"PIEMONTE";"CUNEO";"CIGLIE'";1;"Indennita' di contingenza";"210";"0";144;0;36;97;2
"PIEMONTE";"CUNEO";"CISSONE";1;"Indennita' di contingenza";"132";"0";105;0;16;84;4
"PIEMONTE";"CUNEO";"CLAVESANA";1;"Indennita' di contingenza";"909";"0";680;0;178;458;25
"PIEMONTE";"CUNEO";"CORNELIANO D'ALBA";1;"Indennita' di contingenza";"1443";"0";1150;0;228;877;28
"PIEMONTE";"CUNEO";"CORTEMILIA";1;"Indennita' di contingenza";"2214";"0";1812;0;465;1269;35
"PIEMONTE";"CUNEO";"COSSANO BELBO";1;"Indennita' di contingenza";"987";"0";797;0;194;567;17
"PIEMONTE";"CUNEO";"COSTIGLIOLE SALUZZO";1;"Indennita' di contingenza";"2496";"0";1981;0;610;1298;29
"PIEMONTE";"CUNEO";"CRAVANZANA";1;"Indennita' di contingenza";"389";"0";321;0;68;230;10
"PIEMONTE";"CUNEO";"CRISSOLO";1;"Indennita' di contingenza";"256";"0";140;0;27;104;6
"PIEMONTE";"CUNEO";"CUNEO";1;"Indennita' di contingenza";"44854";"0";38044;0;9670;27050;555
"PIEMONTE";"CUNEO";"DEMONTE";1;"Indennita' di contingenza";"1899";"0";1374;0;366;941;35
"PIEMONTE";"CUNEO";"DIANO D'ALBA";1;"Indennita' di contingenza";"2047";"0";1744;0;325;1337;37
"PIEMONTE";"CUNEO";"DOGLIANI";1;"Indennita' di contingenza";"3882";"0";3159;0;811;2207;79
"PIEMONTE";"CUNEO";"DRONERO";1;"Indennita' di contingenza";"5785";"0";5128;0;1561;3345;103
"PIEMONTE";"CUNEO";"ELVA";1;"Indennita' di contingenza";"151";"0";81;0;13;65;3
"PIEMONTE";"CUNEO";"ENTRACQUE";1;"Indennita' di contingenza";"766";"0";570;0;156;389;15
"PIEMONTE";"CUNEO";"ENVIE";1;"Indennita' di contingenza";"1418";"0";1150;0;173;920;28
"PIEMONTE";"CUNEO";"FARIGLIANO";1;"Indennita' di contingenza";"1385";"0";1139;0;325;749;28
"PIEMONTE";"CUNEO";"FAULE";1;"Indennita' di contingenza";"294";"0";256;0;57;187;4
"PIEMONTE";"CUNEO";"FEISOGLIO";1;"Indennita' di contingenza";"428";"0";361;0;114;226;8
"PIEMONTE";"CUNEO";"FOSSANO";1;"Indennita' di contingenza";"18127";"0";15798;0;4543;10676;284
"PIEMONTE";"CUNEO";"FRABOSA SOPRANA";1;"Indennita' di contingenza";"1025";"0";664;0;86;541;23
"PIEMONTE";"CUNEO";"FRABOSA SOTTANA";1;"Indennita' di contingenza";"996";"0";745;0;167;534;22
"PIEMONTE";"CUNEO";"FRASSINO";1;"Indennita' di contingenza";"441";"0";275;0;96;154;12
"PIEMONTE";"CUNEO";"GAIOLA";1;"Indennita' di contingenza";"335";"0";287;0;102;166;11
"PIEMONTE";"CUNEO";"GAMBASCA";1;"Indennita' di contingenza";"260";"0";177;0;52;109;9
"PIEMONTE";"CUNEO";"GARESSIO";1;"Indennita' di contingenza";"3600";"0";2775;0;1155;1490;74
"PIEMONTE";"CUNEO";"GENOLA";1;"Indennita' di contingenza";"1527";"0";1329;0;255;1007;30
"PIEMONTE";"CUNEO";"GORZEGNO";1;"Indennita' di contingenza";"373";"0";323;0;91;216;10
"PIEMONTE";"CUNEO";"GOTTASECCA";1;"Indennita' di contingenza";"198";"0";171;0;66;99;3
"PIEMONTE";"CUNEO";"GOVONE";1;"Indennita' di contingenza";"1643";"0";1393;0;326;1003;34
"PIEMONTE";"CUNEO";"GRINZANE CAVOUR";1;"Indennita' di contingenza";"1202";"0";1055;0;201;796;32
"PIEMONTE";"CUNEO";"GUARENE";1;"Indennita' di contingenza";"1876";"0";1579;0;382;1127;38
"PIEMONTE";"CUNEO";"IGLIANO";1;"Indennita' di contingenza";"89";"0";71;0;17;48;3
"PIEMONTE";"CUNEO";"ISASCA";1;"Indennita' di contingenza";"109";"0";99;0;6;86;5
"PIEMONTE";"CUNEO";"LAGNASCO";1;"Indennita' di contingenza";"1058";"0";955;0;163;758;20
"PIEMONTE";"CUNEO";"LA MORRA";1;"Indennita' di contingenza";"1963";"0";1596;0;243;1295;30
"PIEMONTE";"CUNEO";"LEQUIO BERRIA";1;"Indennita' di contingenza";"486";"0";412;0;101;285;17
"PIEMONTE";"CUNEO";"LEQUIO TANARO";1;"Indennita' di contingenza";"547";"0";433;0;84;321;15
"PIEMONTE";"CUNEO";"LESEGNO";1;"Indennita' di contingenza";"682";"0";538;0;194;322;13
"PIEMONTE";"CUNEO";"LEVICE";1;"Indennita' di contingenza";"331";"0";272;0;57;196;12
"PIEMONTE";"CUNEO";"LIMONE PIEMONTE";1;"Indennita' di contingenza";"1388";"0";1036;0;242;747;25
"PIEMONTE";"CUNEO";"LISIO";1;"Indennita' di contingenza";"264";"0";203;0;52;136;3
"PIEMONTE";"CUNEO";"MACRA";1;"Indennita' di contingenza";"91";"0";65;0;11;51;2
"PIEMONTE";"CUNEO";"MAGLIANO ALFIERI";1;"Indennita' di contingenza";"1224";"0";1009;0;255;714;23
"PIEMONTE";"CUNEO";"MAGLIANO ALPI";1;"Indennita' di contingenza";"1573";"0";1222;0;284;841;41
"PIEMONTE";"CUNEO";"MANGO";1;"Indennita' di contingenza";"1195";"0";948;0;211;690;28
"PIEMONTE";"CUNEO";"MANTA";1;"Indennita' di contingenza";"2264";"0";1906;0;583;1247;40
"PIEMONTE";"CUNEO";"MARENE";1;"Indennita' di contingenza";"1797";"0";1518;0;285;1165;41
"PIEMONTE";"CUNEO";"MARGARITA";1;"Indennita' di contingenza";"953";"0";771;0;188;545;13
"PIEMONTE";"CUNEO";"MARMORA";1;"Indennita' di contingenza";"142";"0";56;0;16;38;1
"PIEMONTE";"CUNEO";"MARSAGLIA";1;"Indennita' di contingenza";"359";"0";228;0;62;152;6
"PIEMONTE";"CUNEO";"MARTINIANA PO";1;"Indennita' di contingenza";"620";"0";343;0;93;233;9
"PIEMONTE";"CUNEO";"MELLE";1;"Indennita' di contingenza";"487";"0";340;0;90;218;21
"PIEMONTE";"CUNEO";"MOIOLA";1;"Indennita' di contingenza";"294";"0";257;0;66;179;6
"PIEMONTE";"CUNEO";"MOMBARCARO";1;"Indennita' di contingenza";"355";"0";265;0;63;193;7
"PIEMONTE";"CUNEO";"MOMBASIGLIO";1;"Indennita' di contingenza";"515";"0";370;0;89;267;6
"PIEMONTE";"CUNEO";"MONASTERO DI VASCO";1;"Indennita' di contingenza";"928";"0";679;0;151;482;21
"PIEMONTE";"CUNEO";"MONASTEROLO CASOTTO";1;"Indennita' di contingenza";"173";"0";124;0;16;100;3
"PIEMONTE";"CUNEO";"MONASTEROLO DI SAVIGLIANO";1;"Indennita' di contingenza";"864";"0";770;0;124;600;31
"PIEMONTE";"CUNEO";"MONCHIERO";1;"Indennita' di contingenza";"411";"0";342;0;62;256;17
"PIEMONTE";"CUNEO";"MONDOVI'";1;"Indennita' di contingenza";"17866";"0";14301;0;3913;9882;214
"PIEMONTE";"CUNEO";"MONESIGLIO";1;"Indennita' di contingenza";"724";"0";631;0;192;411;13
"PIEMONTE";"CUNEO";"MONFORTE D'ALBA";1;"Indennita' di contingenza";"1706";"0";1369;0;190;1117;34
"PIEMONTE";"CUNEO";"MONTA'";1;"Indennita' di contingenza";"3100";"0";2580;0;613;1861;44
"PIEMONTE";"CUNEO";"MONTALDO DI MONDOVI'";1;"Indennita' di contingenza";"652";"0";431;0;88;314;16
"PIEMONTE";"CUNEO";"MONTALDO ROERO";1;"Indennita' di contingenza";"749";"0";602;0;135;435;15
"PIEMONTE";"CUNEO";"MONTANERA";1;"Indennita' di contingenza";"523";"0";443;0;60;363;10
"PIEMONTE";"CUNEO";"MONTELUPO ALBESE";1;"Indennita' di contingenza";"335";"0";272;0;72;188;8
"PIEMONTE";"CUNEO";"MONTEMALE DI CUNEO";1;"Indennita' di contingenza";"247";"0";191;0;50;122;7
"PIEMONTE";"CUNEO";"MONTEROSSO GRANA";1;"Indennita' di contingenza";"570";"0";421;0;173;233;10
"PIEMONTE";"CUNEO";"MONTEU ROERO";1;"Indennita' di contingenza";"1265";"0";958;0;192;707;29
"PIEMONTE";"CUNEO";"MONTEZEMOLO";1;"Indennita' di contingenza";"187";"0";153;0;44;104;4
"PIEMONTE";"CUNEO";"MONTICELLO D'ALBA";1;"Indennita' di contingenza";"1412";"0";1228;0;259;920;17
"PIEMONTE";"CUNEO";"MORETTA";1;"Indennita' di contingenza";"3092";"0";2541;0;648;1781;56
"PIEMONTE";"CUNEO";"MOROZZO";1;"Indennita' di contingenza";"1464";"0";1224;0;164;977;50
"PIEMONTE";"CUNEO";"MURAZZANO";1;"Indennita' di contingenza";"831";"0";623;0;127;451;20
"PIEMONTE";"CUNEO";"MURELLO";1;"Indennita' di contingenza";"810";"0";668;0;124;516;14
"PIEMONTE";"CUNEO";"NARZOLE";1;"Indennita' di contingenza";"2355";"0";1945;0;362;1489;57
"PIEMONTE";"CUNEO";"NEIVE";1;"Indennita' di contingenza";"2181";"0";1744;0;377;1284;49
"PIEMONTE";"CUNEO";"NEVIGLIE";1;"Indennita' di contingenza";"349";"0";315;0;71;230;10
"PIEMONTE";"CUNEO";"NIELLA BELBO";1;"Indennita' di contingenza";"420";"0";327;0;84;224;9
"PIEMONTE";"CUNEO";"NIELLA TANARO";1;"Indennita' di contingenza";"863";"0";590;0;178;387;14
"PIEMONTE";"CUNEO";"NOVELLO";1;"Indennita' di contingenza";"674";"0";546;0;107;405;19
"PIEMONTE";"CUNEO";"NUCETTO";1;"Indennita' di contingenza";"383";"0";289;0;132;154;0
"PIEMONTE";"CUNEO";"ONCINO";1;"Indennita' di contingenza";"147";"0";74;0;23;42;5
"PIEMONTE";"CUNEO";"ORMEA";1;"Indennita' di contingenza";"2259";"0";1745;0;718;911;54
"PIEMONTE";"CUNEO";"OSTANA";1;"Indennita' di contingenza";"162";"0";90;0;30;51;4
"PIEMONTE";"CUNEO";"PAESANA";1;"Indennita' di contingenza";"2775";"0";1992;0;619;1241;71
"PIEMONTE";"CUNEO";"PAGNO";1;"Indennita' di contingenza";"448";"0";378;0;73;290;9
"PIEMONTE";"CUNEO";"PAMPARATO";1;"Indennita' di contingenza";"530";"0";408;0;64;317;15
"PIEMONTE";"CUNEO";"PAROLDO";1;"Indennita' di contingenza";"237";"0";178;0;43;123;8
"PIEMONTE";"CUNEO";"PERLETTO";1;"Indennita' di contingenza";"335";"0";272;0;57;206;2
"PIEMONTE";"CUNEO";"PERLO";1;"Indennita' di contingenza";"167";"0";131;0;25;99;4
"PIEMONTE";"CUNEO";"PEVERAGNO";1;"Indennita' di contingenza";"3856";"0";2937;0;563;2245;58
"PIEMONTE";"CUNEO";"PEZZOLO VALLE UZZONE";1;"Indennita' di contingenza";"397";"0";347;0;75;248;14
"PIEMONTE";"CUNEO";"PIANFEI";1;"Indennita' di contingenza";"1354";"0";983;0;178;741;28
"PIEMONTE";"CUNEO";"PIASCO";1;"Indennita' di contingenza";"2039";"0";1793;0;446;1273;39
"PIEMONTE";"CUNEO";"PIETRAPORZIO";1;"Indennita' di contingenza";"145";"0";107;0;58;38;3
"PIEMONTE";"CUNEO";"PIOBESI D'ALBA";1;"Indennita' di contingenza";"593";"0";514;0;115;391;5
"PIEMONTE";"CUNEO";"PIOZZO";1;"Indennita' di contingenza";"850";"0";609;0;168;413;15
"PIEMONTE";"CUNEO";"POCAPAGLIA";1;"Indennita' di contingenza";"1713";"0";1444;0;275;1102;27
"PIEMONTE";"CUNEO";"POLONGHERA";1;"Indennita' di contingenza";"918";"0";789;0;153;590;24
"PIEMONTE";"CUNEO";"PONTECHIANALE";1;"Indennita' di contingenza";"210";"0";138;0;25;105;7
"PIEMONTE";"CUNEO";"PRADLEVES";1;"Indennita' di contingenza";"372";"0";279;0;111;158;9
"PIEMONTE";"CUNEO";"PRAZZO";1;"Indennita' di contingenza";"323";"0";255;0;56;188;5
"PIEMONTE";"CUNEO";"PRIERO";1;"Indennita' di contingenza";"394";"0";287;0;75;193;10
"PIEMONTE";"CUNEO";"PRIOCCA";1;"Indennita' di contingenza";"1440";"0";1173;0;144;976;24
"PIEMONTE";"CUNEO";"PRIOLA";1;"Indennita' di contingenza";"751";"0";572;0;181;356;19
"PIEMONTE";"CUNEO";"PRUNETTO";1;"Indennita' di contingenza";"495";"0";419;0;119;283;8
"PIEMONTE";"CUNEO";"RACCONIGI";1;"Indennita' di contingenza";"7744";"0";6400;0;2399;3732;136
"PIEMONTE";"CUNEO";"REVELLO";1;"Indennita' di contingenza";"3177";"0";2495;0;486;1862;81
"PIEMONTE";"CUNEO";"RIFREDDO";1;"Indennita' di contingenza";"706";"0";621;0;149;420;30
"PIEMONTE";"CUNEO";"RITTANA";1;"Indennita' di contingenza";"193";"0";127;0;33;86;3
"PIEMONTE";"CUNEO";"ROASCHIA";1;"Indennita' di contingenza";"246";"0";190;0;69;114;4
"PIEMONTE";"CUNEO";"ROASCIO";1;"Indennita' di contingenza";"108";"0";81;0;18;58;4
"PIEMONTE";"CUNEO";"ROBILANTE";1;"Indennita' di contingenza";"1855";"0";1559;0;591;862;48
"PIEMONTE";"CUNEO";"ROBURENT";1;"Indennita' di contingenza";"617";"0";475;0;83;361;15
"PIEMONTE";"CUNEO";"ROCCABRUNA";1;"Indennita' di contingenza";"992";"0";768;0;218;513;18
"PIEMONTE";"CUNEO";"ROCCA CIGLIE'";1;"Indennita' di contingenza";"223";"0";158;0;37;117;1
"PIEMONTE";"CUNEO";"ROCCA DE' BALDI";1;"Indennita' di contingenza";"1374";"0";1096;0;254;758;39
"PIEMONTE";"CUNEO";"ROCCAFORTE MONDOVI'";1;"Indennita' di contingenza";"1608";"0";1186;0;273;834;42
"PIEMONTE";"CUNEO";"ROCCASPARVERA";1;"Indennita' di contingenza";"526";"0";374;0;160;196;11
"PIEMONTE";"CUNEO";"ROCCAVIONE";1;"Indennita' di contingenza";"2193";"0";1729;0;624;1024;39
"PIEMONTE";"CUNEO";"ROCCHETTA BELBO";1;"Indennita' di contingenza";"179";"0";144;0;26;110;6
"PIEMONTE";"CUNEO";"RODDI";1;"Indennita' di contingenza";"715";"0";590;0;151;405;15
"PIEMONTE";"CUNEO";"RODDINO";1;"Indennita' di contingenza";"343";"0";259;0;69;170;12
"PIEMONTE";"CUNEO";"RODELLO";1;"Indennita' di contingenza";"606";"0";520;0;113;374;19
"PIEMONTE";"CUNEO";"ROSSANA";1;"Indennita' di contingenza";"821";"0";646;0;218;390;20
"PIEMONTE";"CUNEO";"RUFFIA";1;"Indennita' di contingenza";"222";"0";206;0;62;129;8
"PIEMONTE";"CUNEO";"SALE DELLE LANGHE";1;"Indennita' di contingenza";"441";"0";329;0;91;214;9
"PIEMONTE";"CUNEO";"SALE SAN GIOVANNI";1;"Indennita' di contingenza";"200";"0";157;0;48;100;3
"PIEMONTE";"CUNEO";"SALICETO";1;"Indennita' di contingenza";"1375";"0";1117;0;384;684;24
"PIEMONTE";"CUNEO";"SALMOUR";1;"Indennita' di contingenza";"426";"0";340;0;73;250;13
"PIEMONTE";"CUNEO";"SALUZZO";1;"Indennita' di contingenza";"13285";"0";10765;0;2751;7654;170
"PIEMONTE";"CUNEO";"SAMBUCO";1;"Indennita' di contingenza";"122";"0";299;0;108;174;9
"PIEMONTE";"CUNEO";"SAMPEYRE";1;"Indennita' di contingenza";"1422";"0";732;0;134;548;14
"PIEMONTE";"CUNEO";"SAN BENEDETTO BELBO";1;"Indennita' di contingenza";"187";"0";158;0;32;109;8
"PIEMONTE";"CUNEO";"SAN DAMIANO MACRA";1;"Indennita' di contingenza";"587";"0";438;0;146;279;11
"PIEMONTE";"CUNEO";"SANFRE'";1;"Indennita' di contingenza";"1623";"0";1356;0;335;938;40
"PIEMONTE";"CUNEO";"SANFRONT";1;"Indennita' di contingenza";"2180";"0";1618;0;483;1026;51
"PIEMONTE";"CUNEO";"SAN MICHELE MONDOVI'";1;"Indennita' di contingenza";"1716";"0";1304;0;426;795;40
"PIEMONTE";"CUNEO";"SANT'ALBANO STURA";1;"Indennita' di contingenza";"1551";"0";1327;0;229;1031;34
"PIEMONTE";"CUNEO";"SANTA VITTORIA D'ALBA";1;"Indennita' di contingenza";"1719";"0";1387;0;282;1058;27
"PIEMONTE";"CUNEO";"SANTO STEFANO BELBO";1;"Indennita' di contingenza";"3387";"0";2828;0;570;2151;56
"PIEMONTE";"CUNEO";"SANTO STEFANO ROERO";1;"Indennita' di contingenza";"958";"0";796;0;184;573;21
"PIEMONTE";"CUNEO";"SAVIGLIANO";1;"Indennita' di contingenza";"15033";"0";12951;0;4056;8426;205
"PIEMONTE";"CUNEO";"SCAGNELLO";1;"Indennita' di contingenza";"178";"0";133;0;40;84;2
"PIEMONTE";"CUNEO";"SCARNAFIGI";1;"Indennita' di contingenza";"1464";"0";1234;0;226;936;38
"PIEMONTE";"CUNEO";"SERRALUNGA D'ALBA";1;"Indennita' di contingenza";"444";"0";358;0;66;273;10
"PIEMONTE";"CUNEO";"SERRAVALLE LANGHE";1;"Indennita' di contingenza";"285";"0";215;0;65;131;13
"PIEMONTE";"CUNEO";"SINIO";1;"Indennita' di contingenza";"384";"0";307;0;56;241;9
"PIEMONTE";"CUNEO";"SOMANO";1;"Indennita' di contingenza";"392";"0";326;0;68;233;16
"PIEMONTE";"CUNEO";"SOMMARIVA DEL BOSCO";1;"Indennita' di contingenza";"4485";"0";3707;0;1284;2257;67
"PIEMONTE";"CUNEO";"SOMMARIVA PERNO";1;"Indennita' di contingenza";"1776";"0";1431;0;357;998;34
"PIEMONTE";"CUNEO";"STROPPO";1;"Indennita' di contingenza";"155";"0";108;0;36;64;4
"PIEMONTE";"CUNEO";"TARANTASCA";1;"Indennita' di contingenza";"1176";"0";1004;0;154;808;20
"PIEMONTE";"CUNEO";"TORRE BORMIDA";1;"Indennita' di contingenza";"217";"0";178;0;31;134;5
"PIEMONTE";"CUNEO";"TORRE MONDOVI'";1;"Indennita' di contingenza";"572";"0";438;0;124;288;19
"PIEMONTE";"CUNEO";"TORRE SAN GIORGIO";1;"Indennita' di contingenza";"478";"0";397;0;59;316;18
"PIEMONTE";"CUNEO";"TORRESINA";1;"Indennita' di contingenza";"87";"0";75;0;16;51;2
"PIEMONTE";"CUNEO";"TREISO";1;"Indennita' di contingenza";"564";"0";482;0;95;363;16
"PIEMONTE";"CUNEO";"TREZZO TINELLA";1;"Indennita' di contingenza";"345";"0";299;0;48;229;14
"PIEMONTE";"CUNEO";"TRINITA'";1;"Indennita' di contingenza";"1590";"0";1309;0;261;971;36
"PIEMONTE";"CUNEO";"VALDIERI";1;"Indennita' di contingenza";"925";"0";724;0;289;376;32
"PIEMONTE";"CUNEO";"VALGRANA";1;"Indennita' di contingenza";"669";"0";537;0;104;396;13
"PIEMONTE";"CUNEO";"VALLORIATE";1;"Indennita' di contingenza";"271";"0";173;0;45;121;1
"PIEMONTE";"CUNEO";"VALMALA";1;"Indennita' di contingenza";"102";"0";73;0;17;55;0
"PIEMONTE";"CUNEO";"VENASCA";1;"Indennita' di contingenza";"1250";"0";1050;0;249;725;43
"PIEMONTE";"CUNEO";"VERDUNO";1;"Indennita' di contingenza";"357";"0";302;0;67;218;10
"PIEMONTE";"CUNEO";"VERNANTE";1;"Indennita' di contingenza";"1261";"0";1015;0;351;591;44
"PIEMONTE";"CUNEO";"VERZUOLO";1;"Indennita' di contingenza";"4802";"0";4077;0;1324;2643;54
"PIEMONTE";"CUNEO";"VEZZA D'ALBA";1;"Indennita' di contingenza";"1607";"0";1402;0;232;1123;13
"PIEMONTE";"CUNEO";"VICOFORTE";1;"Indennita' di contingenza";"2220";"0";1625;0;339;1202;39
"PIEMONTE";"CUNEO";"VIGNOLO";1;"Indennita' di contingenza";"1230";"0";970;0;297;625;19
"PIEMONTE";"CUNEO";"VILLAFALLETTO";1;"Indennita' di contingenza";"2295";"0";2033;0;292;1663;44
"PIEMONTE";"CUNEO";"VILLANOVA MONDOVI'";1;"Indennita' di contingenza";"3546";"0";2736;0;625;1967;81
"PIEMONTE";"CUNEO";"VILLANOVA SOLARO";1;"Indennita' di contingenza";"696";"0";576;0;83;467;15
"PIEMONTE";"CUNEO";"VILLAR SAN COSTANZO";1;"Indennita' di contingenza";"1048";"0";785;0;205;525;31
"PIEMONTE";"CUNEO";"VINADIO";1;"Indennita' di contingenza";"732";"0";528;0;163;335;8
"PIEMONTE";"CUNEO";"VIOLA";1;"Indennita' di contingenza";"477";"0";318;0;77;217;8
"PIEMONTE";"CUNEO";"VOTTIGNASCO";1;"Indennita' di contingenza";"470";"0";390;0;62;309;13
"PIEMONTE";"NOVARA";"AGRATE CONTURBIA";1;"Indennita' di contingenza";"790";"0";594;0;188;378;16
"PIEMONTE";"NOVARA";"AMENO";1;"Indennita' di contingenza";"834";"0";588;0;201;370;10
"PIEMONTE";"NOVARA";"ANTRONA SCHIERANCO";1;"Indennita' di contingenza";"503";"0";419;0;90;312;0
"PIEMONTE";"NOVARA";"ANZOLA D'OSSOLA";1;"Indennita' di contingenza";"375";"0";313;0;129;169;9
"PIEMONTE";"NOVARA";"ARIZZANO";1;"Indennita' di contingenza";"1364";"0";1113;0;367;717;13
"PIEMONTE";"NOVARA";"ARMENO";1;"Indennita' di contingenza";"1793";"0";1287;0;422;805;26
"PIEMONTE";"NOVARA";"AROLA";1;"Indennita' di contingenza";"258";"0";174;0;59;95;11
"PIEMONTE";"NOVARA";"ARONA";1;"Indennita' di contingenza";"13127";"0";10628;0;3332;6991;144
"PIEMONTE";"NOVARA";"AURANO";1;"Indennita' di contingenza";"183";"0";116;0;39;70;0
"PIEMONTE";"NOVARA";"BACENO";1;"Indennita' di contingenza";"829";"0";637;0;179;426;17
"PIEMONTE";"NOVARA";"BANNIO ANZINO";1;"Indennita' di contingenza";"554";"0";386;0;112;240;19
"PIEMONTE";"NOVARA";"BARENGO";1;"Indennita' di contingenza";"785";"0";668;0;230;399;29
"PIEMONTE";"NOVARA";"BAVENO";1;"Indennita' di contingenza";"3690";"0";3000;0;1102;1808;42
"PIEMONTE";"NOVARA";"BEE";1;"Indennita' di contingenza";"466";"0";379;0;107;254;11
"PIEMONTE";"NOVARA";"BELGIRATE";1;"Indennita' di contingenza";"448";"0";373;0;96;265;8
"PIEMONTE";"NOVARA";"BELLINZAGO NOVARESE";1;"Indennita' di contingenza";"6308";"0";5551;0;1894;3392;132
"PIEMONTE";"NOVARA";"BEURA-CARDEZZA";1;"Indennita' di contingenza";"1168";"0";944;0;346;570;18
"PIEMONTE";"NOVARA";"BIANDRATE";1;"Indennita' di contingenza";"981";"0";834;0;329;466;27
"PIEMONTE";"NOVARA";"BOCA";1;"Indennita' di contingenza";"933";"0";724;0;333;365;15
"PIEMONTE";"NOVARA";"BOGNANCO";1;"Indennita' di contingenza";"392";"0";289;0;68;202;10
"PIEMONTE";"NOVARA";"BOGOGNO";1;"Indennita' di contingenza";"952";"0";796;0;245;509;26
"PIEMONTE";"NOVARA";"BOLZANO NOVARESE";1;"Indennita' di contingenza";"779";"0";626;0;247;350;16
"PIEMONTE";"NOVARA";"BORGOLAVEZZARO";1;"Indennita' di contingenza";"1664";"0";1456;0;709;698;14
"PIEMONTE";"NOVARA";"BORGOMANERO";1;"Indennita' di contingenza";"15235";"0";12619;0;3675;8473;209
"PIEMONTE";"NOVARA";"BORGO TICINO";1;"Indennita' di contingenza";"2399";"0";1935;0;924;949;30
"PIEMONTE";"NOVARA";"BRIGA NOVARESE";1;"Indennita' di contingenza";"1974";"0";1657;0;506;1082;30
"PIEMONTE";"NOVARA";"BRIONA";1;"Indennita' di contingenza";"955";"0";864;0;297;531;29
"PIEMONTE";"NOVARA";"BROVELLO-CARPUGNINO";1;"Indennita' di contingenza";"340";"0";266;0;54;197;11
"PIEMONTE";"NOVARA";"CALASCA-CASTIGLIONE";1;"Indennita' di contingenza";"803";"0";522;0;223;274;12
"PIEMONTE";"NOVARA";"CALTIGNAGA";1;"Indennita' di contingenza";"1726";"0";1562;0;653;845;28
"PIEMONTE";"NOVARA";"CAMBIASCA";1;"Indennita' di contingenza";"1228";"0";1144;0;465;646;8
"PIEMONTE";"NOVARA";"CAMERI";1;"Indennita' di contingenza";"7108";"0";6218;0;2515;3545;64
"PIEMONTE";"NOVARA";"CANNERO RIVIERA";1;"Indennita' di contingenza";"1052";"0";749;0;155;565;13
"PIEMONTE";"NOVARA";"CANNOBIO";1;"Indennita' di contingenza";"4445";"0";2990;0;759;2133;38
"PIEMONTE";"NOVARA";"CAPREZZO";1;"Indennita' di contingenza";"161";"0";128;0;36;91;0
"PIEMONTE";"NOVARA";"CARPIGNANO SESIA";1;"Indennita' di contingenza";"2048";"0";1723;0;639;1013;44
"PIEMONTE";"NOVARA";"CASALBELTRAME";1;"Indennita' di contingenza";"531";"0";449;0;189;243;10
"PIEMONTE";"NOVARA";"CASALE CORTE CERRO";1;"Indennita' di contingenza";"2356";"0";1989;0;791;1136;25
"PIEMONTE";"NOVARA";"CASALEGGIO NOVARA";1;"Indennita' di contingenza";"645";"0";574;0;227;311;29
"PIEMONTE";"NOVARA";"CASALINO";1;"Indennita' di contingenza";"1229";"0";1051;0;499;511;22
"PIEMONTE";"NOVARA";"CASALVOLONE";1;"Indennita' di contingenza";"728";"0";650;0;317;310;17
"PIEMONTE";"NOVARA";"CASTELLAZZO NOVARESE";1;"Indennita' di contingenza";"248";"0";215;0;65;145;4
"PIEMONTE";"NOVARA";"CASTELLETTO SOPRA TICINO";1;"Indennita' di contingenza";"6110";"0";5060;0;2311;2616;69
"PIEMONTE";"NOVARA";"CAVAGLIETTO";1;"Indennita' di contingenza";"351";"0";303;0;96;192;6
"PIEMONTE";"NOVARA";"CAVAGLIO D'AGOGNA";1;"Indennita' di contingenza";"1108";"0";943;0;362;530;21
"PIEMONTE";"NOVARA";"CAVAGLIO-SPOCCIA";1;"Indennita' di contingenza";"296";"0";182;0;38;123;3
"PIEMONTE";"NOVARA";"CAVALLIRIO";1;"Indennita' di contingenza";"808";"0";688;0;298;353;28
"PIEMONTE";"NOVARA";"CEPPO MORELLI";1;"Indennita' di contingenza";"387";"0";230;0;73;145;7
"PIEMONTE";"NOVARA";"CERANO";1;"Indennita' di contingenza";"5615";"0";4862;0;1885;2781;106
"PIEMONTE";"NOVARA";"CESARA";1;"Indennita' di contingenza";"543";"0";398;0;109;255;19
"PIEMONTE";"NOVARA";"COLAZZA";1;"Indennita' di contingenza";"329";"0";260;0;79;167;9
"PIEMONTE";"NOVARA";"COMIGNAGO";1;"Indennita' di contingenza";"526";"0";438;0;151;264;13
"PIEMONTE";"NOVARA";"COSSOGNO";1;"Indennita' di contingenza";"518";"0";367;0;130;224;6
"PIEMONTE";"NOVARA";"CRAVEGGIA";1;"Indennita' di contingenza";"616";"0";399;0;107;273;10
"PIEMONTE";"NOVARA";"CRESSA";1;"Indennita' di contingenza";"1202";"0";1061;0;598;418;19
"PIEMONTE";"NOVARA";"CREVOLADOSSOLA";1;"Indennita' di contingenza";"3585";"0";2599;0;951;1554;41
"PIEMONTE";"NOVARA";"CRODO";1;"Indennita' di contingenza";"1358";"0";947;0;242;673;21
"PIEMONTE";"NOVARA";"CUREGGIO";1;"Indennita' di contingenza";"1714";"0";1419;0;627;714;41
"PIEMONTE";"NOVARA";"CURSOLO-ORASSO";1;"Indennita' di contingenza";"218";"0";119;0;26;90;2
"PIEMONTE";"NOVARA";"DIVIGNANO";1;"Indennita' di contingenza";"844";"0";685;0;307;343;16
"PIEMONTE";"NOVARA";"DOMODOSSOLA";1;"Indennita' di contingenza";"16035";"0";12077;0;4302;7439;135
"PIEMONTE";"NOVARA";"DORMELLETTO";1;"Indennita' di contingenza";"1996";"0";1617;0;531;1052;17
"PIEMONTE";"NOVARA";"DRUOGNO";1;"Indennita' di contingenza";"738";"0";567;0;113;430;8
"PIEMONTE";"NOVARA";"FALMENTA";1;"Indennita' di contingenza";"359";"0";250;0;52;180;10
"PIEMONTE";"NOVARA";"FARA NOVARESE";1;"Indennita' di contingenza";"1804";"0";1559;0;614;887;35
"PIEMONTE";"NOVARA";"FONTANETO D'AGOGNA";1;"Indennita' di contingenza";"1955";"0";1605;0;772;747;59
"PIEMONTE";"NOVARA";"FORMAZZA";1;"Indennita' di contingenza";"406";"0";330;0;42;277;6
"PIEMONTE";"NOVARA";"GALLIATE";1;"Indennita' di contingenza";"11007";"0";9165;0;3453;5418;134
"PIEMONTE";"NOVARA";"GARBAGNA NOVARESE";1;"Indennita' di contingenza";"681";"0";577;0;225;324;22
"PIEMONTE";"NOVARA";"GARGALLO";1;"Indennita' di contingenza";"1206";"0";1031;0;401;591;24
"PIEMONTE";"NOVARA";"GATTICO";1;"Indennita' di contingenza";"2308";"0";1924;0;485;1377;44
"PIEMONTE";"NOVARA";"GERMAGNO";1;"Indennita' di contingenza";"132";"0";110;0;19;90;1
"PIEMONTE";"NOVARA";"GHEMME";1;"Indennita' di contingenza";"3228";"0";2648;0;1069;1503;49
"PIEMONTE";"NOVARA";"GHIFFA";1;"Indennita' di contingenza";"1851";"0";1429;0;509;866;37
"PIEMONTE";"NOVARA";"GIGNESE";1;"Indennita' di contingenza";"768";"0";589;0;137;437;5
"PIEMONTE";"NOVARA";"GOZZANO";1;"Indennita' di contingenza";"5031";"0";4264;0;1462;2653;57
"PIEMONTE";"NOVARA";"GRANOZZO CON MONTICELLO";1;"Indennita' di contingenza";"869";"0";785;0;428;337;19
"PIEMONTE";"NOVARA";"GRAVELLONA TOCE";1;"Indennita' di contingenza";"6042";"0";4855;0;2188;2510;65
"PIEMONTE";"NOVARA";"GRIGNASCO";1;"Indennita' di contingenza";"3823";"0";3089;0;1196;1784;62
"PIEMONTE";"NOVARA";"GURRO";1;"Indennita' di contingenza";"511";"0";247;0;53;182;4
"PIEMONTE";"NOVARA";"INTRAGNA";1;"Indennita' di contingenza";"149";"0";104;0;27;76;0
"PIEMONTE";"NOVARA";"INVORIO";1;"Indennita' di contingenza";"2779";"0";2326;0;762;1465;55
"PIEMONTE";"NOVARA";"LANDIONA";1;"Indennita' di contingenza";"521";"0";441;0;155;257;22
"PIEMONTE";"NOVARA";"LESA";1;"Indennita' di contingenza";"1939";"0";1539;0;474;1023;21
"PIEMONTE";"NOVARA";"LOREGLIA";1;"Indennita' di contingenza";"347";"0";266;0;69;185;5
"PIEMONTE";"NOVARA";"MACUGNAGA";1;"Indennita' di contingenza";"569";"0";369;0;70;278;7
"PIEMONTE";"NOVARA";"MADONNA DEL SASSO";1;"Indennita' di contingenza";"382";"0";284;0;138;130;8
"PIEMONTE";"NOVARA";"MAGGIORA";1;"Indennita' di contingenza";"1285";"0";1006;0;371;611;16
"PIEMONTE";"NOVARA";"MALESCO";1;"Indennita' di contingenza";"1182";"0";864;0;276;526;25
"PIEMONTE";"NOVARA";"MANDELLO VITTA";1;"Indennita' di contingenza";"227";"0";211;0;58;139;5
"PIEMONTE";"NOVARA";"MARANO TICINO";1;"Indennita' di contingenza";"1025";"0";866;0;303;514;34
"PIEMONTE";"NOVARA";"MASERA";1;"Indennita' di contingenza";"1037";"0";707;0;264;424;11
"PIEMONTE";"NOVARA";"MASSINO VISCONTI";1;"Indennita' di contingenza";"778";"0";623;0;138;453;22
"PIEMONTE";"NOVARA";"MASSIOLA";1;"Indennita' di contingenza";"187";"0";156;0;56;93;2
"PIEMONTE";"NOVARA";"MEINA";1;"Indennita' di contingenza";"1706";"0";1411;0;452;926;16
"PIEMONTE";"NOVARA";"MERGOZZO";1;"Indennita' di contingenza";"1693";"0";1362;0;622;689;33
"PIEMONTE";"NOVARA";"MEZZOMERICO";1;"Indennita' di contingenza";"647";"0";540;0;227;293;12
"PIEMONTE";"NOVARA";"MIASINO";1;"Indennita' di contingenza";"793";"0";544;0;129;392;12
"PIEMONTE";"NOVARA";"MIAZZINA";1;"Indennita' di contingenza";"307";"0";251;0;99;148;1
"PIEMONTE";"NOVARA";"MOMO";1;"Indennita' di contingenza";"2296";"0";1980;0;631;1288;27
"PIEMONTE";"NOVARA";"MONTECRESTESE";1;"Indennita' di contingenza";"1015";"0";640;0;165;442;16
"PIEMONTE";"NOVARA";"MONTESCHENO";1;"Indennita' di contingenza";"435";"0";360;0;101;242;7
"PIEMONTE";"NOVARA";"NEBBIUNO";1;"Indennita' di contingenza";"1073";"0";758;0;179;547;16
"PIEMONTE";"NOVARA";"NIBBIOLA";1;"Indennita' di contingenza";"545";"0";484;0;238;237;6
"PIEMONTE";"NOVARA";"NONIO";1;"Indennita' di contingenza";"707";"0";542;0;237;284;9
"PIEMONTE";"NOVARA";"NOVARA";1;"Indennita' di contingenza";"82130";"0";69168;0;26921;40128;841
"PIEMONTE";"NOVARA";"OGGEBBIO";1;"Indennita' di contingenza";"794";"0";536;0;191;333;7
"PIEMONTE";"NOVARA";"OLEGGIO";1;"Indennita' di contingenza";"8894";"0";7196;0;2449;4475;124
"PIEMONTE";"NOVARA";"OLEGGIO CASTELLO";1;"Indennita' di contingenza";"1078";"0";902;0;301;570;15
"PIEMONTE";"NOVARA";"OMEGNA";1;"Indennita' di contingenza";"12879";"0";10616;0;4871;5479;91
"PIEMONTE";"NOVARA";"ORNAVASSO";1;"Indennita' di contingenza";"2591";"0";1946;0;593;1268;47
"PIEMONTE";"NOVARA";"ORTA SAN GIULIO";1;"Indennita' di contingenza";"898";"0";716;0;168;524;14
"PIEMONTE";"NOVARA";"PALLANZENO";1;"Indennita' di contingenza";"987";"0";813;0;303;469;21
"PIEMONTE";"NOVARA";"PARUZZARO";1;"Indennita' di contingenza";"1030";"0";811;0;236;534;18
"PIEMONTE";"NOVARA";"PELLA";1;"Indennita' di contingenza";"980";"0";839;0;311;487;17
"PIEMONTE";"NOVARA";"PETTENASCO";1;"Indennita' di contingenza";"970";"0";795;0;234;526;17
"PIEMONTE";"NOVARA";"PIEDIMULERA";1;"Indennita' di contingenza";"1333";"0";1080;0;548;498;14
"PIEMONTE";"NOVARA";"PIEVE VERGONTE";1;"Indennita' di contingenza";"2329";"0";1852;0;787;992;38
"PIEMONTE";"NOVARA";"PISANO";1;"Indennita' di contingenza";"512";"0";396;0;174;209;6
"PIEMONTE";"NOVARA";"POGNO";1;"Indennita' di contingenza";"1166";"0";969;0;346;588;15
"PIEMONTE";"NOVARA";"POMBIA";1;"Indennita' di contingenza";"960";"0";796;0;364;401;17
"PIEMONTE";"NOVARA";"PRATO SESIA";1;"Indennita' di contingenza";"1567";"0";1319;0;552;703;38
"PIEMONTE";"NOVARA";"PREMENO";1;"Indennita' di contingenza";"650";"0";518;0;126;372;8
"PIEMONTE";"NOVARA";"PREMIA";1;"Indennita' di contingenza";"565";"0";326;0;90;228;7
"PIEMONTE";"NOVARA";"PREMOSELLO-CHIOVENDA";1;"Indennita' di contingenza";"1777";"0";1431;0;498;864;38
"PIEMONTE";"NOVARA";"QUARNA SOPRA";1;"Indennita' di contingenza";"299";"0";232;0;47;168;2
"PIEMONTE";"NOVARA";"QUARNA SOTTO";1;"Indennita' di contingenza";"434";"0";310;0;109;187;6
"PIEMONTE";"NOVARA";"RE";1;"Indennita' di contingenza";"722";"0";494;0;107;348;17
"PIEMONTE";"NOVARA";"RECETTO";1;"Indennita' di contingenza";"763";"0";638;0;240;356;21
"PIEMONTE";"NOVARA";"ROMAGNANO SESIA";1;"Indennita' di contingenza";"3639";"0";3142;0;1454;1592;56
"PIEMONTE";"NOVARA";"ROMENTINO";1;"Indennita' di contingenza";"3356";"0";2874;0;1088;1673;70
"PIEMONTE";"NOVARA";"SAN BERNARDINO VERBANO";1;"Indennita' di contingenza";"833";"0";680;0;255;384;10
"PIEMONTE";"NOVARA";"SAN MAURIZIO D'OPAGLIO";1;"Indennita' di contingenza";"2173";"0";1861;0;957;833;31
"PIEMONTE";"NOVARA";"SAN NAZZARO SESIA";1;"Indennita' di contingenza";"611";"0";532;0;233;272;18
"PIEMONTE";"NOVARA";"SAN PIETRO MOSEZZO";1;"Indennita' di contingenza";"1333";"0";1160;0;496;627;23
"PIEMONTE";"NOVARA";"SANTA MARIA MAGGIORE";1;"Indennita' di contingenza";"1005";"0";692;0;146;517;11
"PIEMONTE";"NOVARA";"SEPPIANA";1;"Indennita' di contingenza";"214";"0";179;0;53;120;3
"PIEMONTE";"NOVARA";"SILLAVENGO";1;"Indennita' di contingenza";"524";"0";466;0;141;296;18
"PIEMONTE";"NOVARA";"SIZZANO";1;"Indennita' di contingenza";"1186";"0";934;0;352;533;33
"PIEMONTE";"NOVARA";"SORISO";1;"Indennita' di contingenza";"597";"0";494;0;180;303;8
"PIEMONTE";"NOVARA";"SOZZAGO";1;"Indennita' di contingenza";"597";"0";526;0;179;316;20
"PIEMONTE";"NOVARA";"STRESA";1;"Indennita' di contingenza";"4127";"0";3251;0;798;2346;51
"PIEMONTE";"NOVARA";"SUNO";1;"Indennita' di contingenza";"2343";"0";2001;0;907;1004;62
"PIEMONTE";"NOVARA";"TERDOBBIATE";1;"Indennita' di contingenza";"402";"0";374;0;209;161;1
"PIEMONTE";"NOVARA";"TOCENO";1;"Indennita' di contingenza";"541";"0";402;0;107;265;13
"PIEMONTE";"NOVARA";"TORNACO";1;"Indennita' di contingenza";"745";"0";627;0;251;345;19
"PIEMONTE";"NOVARA";"TRAREGO VIGGIONA";1;"Indennita' di contingenza";"404";"0";245;0;69;166;3
"PIEMONTE";"NOVARA";"TRASQUERA";1;"Indennita' di contingenza";"342";"0";201;0;61;119;14
"PIEMONTE";"NOVARA";"TRECATE";1;"Indennita' di contingenza";"11626";"0";9864;0;4254;5286;145
"PIEMONTE";"NOVARA";"TRONTANO";1;"Indennita' di contingenza";"1334";"0";969;0;391;553;11
"PIEMONTE";"NOVARA";"VALSTRONA";1;"Indennita' di contingenza";"1116";"0";841;0;276;541;4
"PIEMONTE";"NOVARA";"VANZONE CON SAN CARLO";1;"Indennita' di contingenza";"404";"0";265;0;111;143;6
"PIEMONTE";"NOVARA";"VAPRIO D'AGOGNA";1;"Indennita' di contingenza";"790";"0";693;0;195;461;24
"PIEMONTE";"NOVARA";"VARALLO POMBIA";1;"Indennita' di contingenza";"3277";"0";2763;0;1281;1382;53
"PIEMONTE";"NOVARA";"VARZO";1;"Indennita' di contingenza";"2016";"0";1308;0;442;814;29
"PIEMONTE";"NOVARA";"VERBANIA";1;"Indennita' di contingenza";"26262";"0";21032;0;8179;12241;223
"PIEMONTE";"NOVARA";"VERUNO";1;"Indennita' di contingenza";"1091";"0";1022;0;376;607;17
"PIEMONTE";"NOVARA";"VESPOLATE";1;"Indennita' di contingenza";"1767";"0";1497;0;673;746;44
"PIEMONTE";"NOVARA";"VICOLUNGO";1;"Indennita' di contingenza";"682";"0";591;0;221;345;17
"PIEMONTE";"NOVARA";"VIGANELLA";1;"Indennita' di contingenza";"204";"0";176;0;62;104;6
"PIEMONTE";"NOVARA";"VIGNONE";1;"Indennita' di contingenza";"662";"0";522;0;201;309;8
"PIEMONTE";"NOVARA";"VILLADOSSOLA";1;"Indennita' di contingenza";"6169";"0";4986;0;2262;2597;49
"PIEMONTE";"NOVARA";"VILLETTE";1;"Indennita' di contingenza";"204";"0";128;0;30;87;5
"PIEMONTE";"NOVARA";"VINZAGLIO";1;"Indennita' di contingenza";"514";"0";451;0;183;247;13
"PIEMONTE";"NOVARA";"VOGOGNA";1;"Indennita' di contingenza";"1536";"0";1223;0;566;612;25
"PIEMONTE";"TORINO";"AGLIE'";1;"Indennita' di contingenza";"2167";"0";1624;0;508;1051;23
"PIEMONTE";"TORINO";"AIRASCA";1;"Indennita' di contingenza";"2151";"0";1813;0;889;883;20
"PIEMONTE";"TORINO";"ALA DI STURA";1;"Indennita' di contingenza";"404";"0";288;0;73;197;15
"PIEMONTE";"TORINO";"ALBIANO D'IVREA";1;"Indennita' di contingenza";"1333";"0";1143;0;524;565;23
"PIEMONTE";"TORINO";"ALICE SUPERIORE";1;"Indennita' di contingenza";"512";"0";371;0;135;212;13
"PIEMONTE";"TORINO";"ALMESE";1;"Indennita' di contingenza";"3620";"0";2950;0;1154;1620;83
"PIEMONTE";"TORINO";"ALPETTE";1;"Indennita' di contingenza";"283";"0";245;0;117;119;7
"PIEMONTE";"TORINO";"ALPIGNANO";1;"Indennita' di contingenza";"10911";"0";9076;0;4954;3897;82
"PIEMONTE";"TORINO";"ANDEZENO";1;"Indennita' di contingenza";"1288";"0";1079;0;333;699;24
"PIEMONTE";"TORINO";"ANDRATE";1;"Indennita' di contingenza";"409";"0";309;0;111;164;21
"PIEMONTE";"TORINO";"ANGROGNA";1;"Indennita' di contingenza";"738";"0";368;0;172;173;10
"PIEMONTE";"TORINO";"ARIGNANO";1;"Indennita' di contingenza";"674";"0";501;0;118;335;18
"PIEMONTE";"TORINO";"AVIGLIANA";1;"Indennita' di contingenza";"7346";"0";5931;0;2487;3245;90
"PIEMONTE";"TORINO";"AZEGLIO";1;"Indennita' di contingenza";"992";"0";752;0;281;438;13
"PIEMONTE";"TORINO";"BAIRO";1;"Indennita' di contingenza";"650";"0";499;0;151;320;13
"PIEMONTE";"TORINO";"BALANGERO";1;"Indennita' di contingenza";"2297";"0";1815;0;790;951;40
"PIEMONTE";"TORINO";"BALDISSERO CANAVESE";1;"Indennita' di contingenza";"450";"0";329;0;103;209;9
"PIEMONTE";"TORINO";"BALDISSERO TORINESE";1;"Indennita' di contingenza";"1997";"0";1560;0;405;1094;26
"PIEMONTE";"TORINO";"BALME";1;"Indennita' di contingenza";"108";"0";77;0;27;46;4
"PIEMONTE";"TORINO";"BANCHETTE";1;"Indennita' di contingenza";"3172";"0";2522;0;1114;1337;33
"PIEMONTE";"TORINO";"BARBANIA";1;"Indennita' di contingenza";"1058";"0";801;0;298;470;11
"PIEMONTE";"TORINO";"BARDONECCHIA";1;"Indennita' di contingenza";"2622";"0";1921;0;552;1298;28
"PIEMONTE";"TORINO";"BARONE CANAVESE";1;"Indennita' di contingenza";"459";"0";409;0;102;284;16
"PIEMONTE";"TORINO";"BEINASCO";1;"Indennita' di contingenza";"14427";"0";12422;0;7255;4841;117
"PIEMONTE";"TORINO";"BIBIANA";1;"Indennita' di contingenza";"2161";"0";1676;0;463;1084;66
"PIEMONTE";"TORINO";"BOBBIO PELLICE";1;"Indennita' di contingenza";"563";"0";307;0;132;153;13
"PIEMONTE";"TORINO";"BOLLENGO";1;"Indennita' di contingenza";"1560";"0";1196;0;415;715;25
"PIEMONTE";"TORINO";"BORGARO TORINESE";1;"Indennita' di contingenza";"6659";"0";5684;0;3077;2470;51
"PIEMONTE";"TORINO";"BORGIALLO";1;"Indennita' di contingenza";"415";"0";285;0;120;141;14
"PIEMONTE";"TORINO";"BORGOFRANCO D'IVREA";1;"Indennita' di contingenza";"2949";"0";2444;0;1170;1173;36
"PIEMONTE";"TORINO";"BORGOMASINO";1;"Indennita' di contingenza";"762";"0";572;0;154;385;19
"PIEMONTE";"TORINO";"BORGONE SUSA";1;"Indennita' di contingenza";"1704";"0";1304;0;618;625;38
"PIEMONTE";"TORINO";"BOSCONERO";1;"Indennita' di contingenza";"1990";"0";1635;0;650;923;25
"PIEMONTE";"TORINO";"BRANDIZZO";1;"Indennita' di contingenza";"5362";"0";4499;0;2460;1910;51
"PIEMONTE";"TORINO";"BRICHERASIO";1;"Indennita' di contingenza";"3026";"0";2398;0;785;1519;42
"PIEMONTE";"TORINO";"BROSSO";1;"Indennita' di contingenza";"414";"0";291;0;82;189;8
"PIEMONTE";"TORINO";"BROZOLO";1;"Indennita' di contingenza";"387";"0";264;0;75;171;7
"PIEMONTE";"TORINO";"BRUINO";1;"Indennita' di contingenza";"4365";"0";3736;0;1595;2013;63
"PIEMONTE";"TORINO";"BRUSASCO";1;"Indennita' di contingenza";"1216";"0";931;0;415;456;22
"PIEMONTE";"TORINO";"BRUZOLO";1;"Indennita' di contingenza";"969";"0";815;0;459;334;13
"PIEMONTE";"TORINO";"BURIASCO";1;"Indennita' di contingenza";"1013";"0";813;0;204;572;17
"PIEMONTE";"TORINO";"BUROLO";1;"Indennita' di contingenza";"1059";"0";769;0;310;435;9
"PIEMONTE";"TORINO";"BUSANO";1;"Indennita' di contingenza";"877";"0";753;0;295;427;16
"PIEMONTE";"TORINO";"BUSSOLENO";1;"Indennita' di contingenza";"5231";"0";4217;0;2148;1899;67
"PIEMONTE";"TORINO";"BUTTIGLIERA ALTA";1;"Indennita' di contingenza";"4288";"0";3580;0;1394;2083;46
"PIEMONTE";"TORINO";"CAFASSE";1;"Indennita' di contingenza";"2879";"0";2365;0;956;1310;45
"PIEMONTE";"TORINO";"CALUSO";1;"Indennita' di contingenza";"5970";"0";5066;0;2005;2875;84
"PIEMONTE";"TORINO";"CAMBIANO";1;"Indennita' di contingenza";"4194";"0";3573;0;1475;1964;58
"PIEMONTE";"TORINO";"CAMPIGLIONE FENILE";1;"Indennita' di contingenza";"930";"0";744;0;189;517;24
"PIEMONTE";"TORINO";"CANDIA CANAVESE";1;"Indennita' di contingenza";"1110";"0";905;0;343;522;23
"PIEMONTE";"TORINO";"CANDIOLO";1;"Indennita' di contingenza";"3057";"0";2702;0;1214;1398;43
"PIEMONTE";"TORINO";"CANISCHIO";1;"Indennita' di contingenza";"293";"0";210;0;57;142;5
"PIEMONTE";"TORINO";"CANTALUPA";1;"Indennita' di contingenza";"1271";"0";1032;0;317;660;23
"PIEMONTE";"TORINO";"CANTOIRA";1;"Indennita' di contingenza";"465";"0";322;0;85;219;11
"PIEMONTE";"TORINO";"CAPRIE";1;"Indennita' di contingenza";"1401";"0";1154;0;520;580;30
"PIEMONTE";"TORINO";"CARAVINO";1;"Indennita' di contingenza";"946";"0";804;0;238;519;23
"PIEMONTE";"TORINO";"CAREMA";1;"Indennita' di contingenza";"788";"0";541;0;161;343;20
"PIEMONTE";"TORINO";"CARIGNANO";1;"Indennita' di contingenza";"7114";"0";5895;0;2203;3401;134
"PIEMONTE";"TORINO";"CARMAGNOLA";1;"Indennita' di contingenza";"18508";"0";15287;0;6014;8653;273
"PIEMONTE";"TORINO";"CASALBORGONE";1;"Indennita' di contingenza";"1287";"0";930;0;449;414;39
"PIEMONTE";"TORINO";"CASCINETTE D'IVREA";1;"Indennita' di contingenza";"1253";"0";1028;0;387;615;12
"PIEMONTE";"TORINO";"CASELETTE";1;"Indennita' di contingenza";"1855";"0";1598;0;662;888;19
"PIEMONTE";"TORINO";"CASELLE TORINESE";1;"Indennita' di contingenza";"9709";"0";7845;0;3784;3862;83
"PIEMONTE";"TORINO";"CASTAGNETO PO";1;"Indennita' di contingenza";"870";"0";673;0;244;406;14
"PIEMONTE";"TORINO";"CASTAGNOLE PIEMONTE";1;"Indennita' di contingenza";"1250";"0";1093;0;377;650;38
"PIEMONTE";"TORINO";"CASTELLAMONTE";1;"Indennita' di contingenza";"7570";"0";5962;0;2547;3177;92
"PIEMONTE";"TORINO";"CASTELNUOVO NIGRA";1;"Indennita' di contingenza";"475";"0";332;0;131;179;14
"PIEMONTE";"TORINO";"CASTIGLIONE TORINESE";1;"Indennita' di contingenza";"3667";"0";2973;0;1060;1826;40
"PIEMONTE";"TORINO";"CAVAGNOLO";1;"Indennita' di contingenza";"1686";"0";1283;0;558;659;31
"PIEMONTE";"TORINO";"CAVOUR";1;"Indennita' di contingenza";"4129";"0";3123;0;761;2240;80
"PIEMONTE";"TORINO";"CERCENASCO";1;"Indennita' di contingenza";"1259";"0";1077;0;354;661;44
"PIEMONTE";"TORINO";"CERES";1;"Indennita' di contingenza";"866";"0";660;0;198;424;18
"PIEMONTE";"TORINO";"CERESOLE REALE";1;"Indennita' di contingenza";"115";"0";118;0;29;82;3
"PIEMONTE";"TORINO";"CESANA TORINESE";1;"Indennita' di contingenza";"774";"0";554;0;94;444;8
"PIEMONTE";"TORINO";"CHIALAMBERTO";1;"Indennita' di contingenza";"325";"0";239;0;49;182;5
"PIEMONTE";"TORINO";"CHIANOCCO";1;"Indennita' di contingenza";"1223";"0";1055;0;628;380;17
"PIEMONTE";"TORINO";"CHIAVERANO";1;"Indennita' di contingenza";"1812";"0";1340;0;546;744;22
"PIEMONTE";"TORINO";"CHIERI";1;"Indennita' di contingenza";"24360";"0";19844;0;7655;11539;252
"PIEMONTE";"TORINO";"CHIESANUOVA";1;"Indennita' di contingenza";"193";"0";149;0;63;75;7
"PIEMONTE";"TORINO";"CHIOMONTE";1;"Indennita' di contingenza";"892";"0";688;0;263;387;14
"PIEMONTE";"TORINO";"CHIUSA DI SAN MICHELE";1;"Indennita' di contingenza";"1223";"0";1006;0;473;497;17
"PIEMONTE";"TORINO";"CHIVASSO";1;"Indennita' di contingenza";"20869";"0";16889;0;8331;8003;196
"PIEMONTE";"TORINO";"CICONIO";1;"Indennita' di contingenza";"245";"0";249;0;96;140;8
"PIEMONTE";"TORINO";"CINTANO";1;"Indennita' di contingenza";"223";"0";165;0;73;83;4
"PIEMONTE";"TORINO";"CINZANO";1;"Indennita' di contingenza";"260";"0";191;0;57;118;9
"PIEMONTE";"TORINO";"CIRIE'";1;"Indennita' di contingenza";"14170";"0";11638;0;5333;5844;215
"PIEMONTE";"TORINO";"CLAVIERE";1;"Indennita' di contingenza";"159";"0";117;0;21;94;2
"PIEMONTE";"TORINO";"COASSOLO TORINESE";1;"Indennita' di contingenza";"1065";"0";709;0;302;370;20
"PIEMONTE";"TORINO";"COAZZE";1;"Indennita' di contingenza";"2062";"0";1568;0;770;721;39
"PIEMONTE";"TORINO";"COLLEGNO";1;"Indennita' di contingenza";"37902";"0";31161;0;16701;13704;271
"PIEMONTE";"TORINO";"COLLERETTO CASTELNUOVO";1;"Indennita' di contingenza";"304";"0";233;0;91;132;6
"PIEMONTE";"TORINO";"COLLERETTO GIACOSA";1;"Indennita' di contingenza";"532";"0";429;0;211;201;8
"PIEMONTE";"TORINO";"CONDOVE";1;"Indennita' di contingenza";"3581";"0";2789;0;1311;1354;62
"PIEMONTE";"TORINO";"CORIO";1;"Indennita' di contingenza";"2374";"0";1721;0;650;986;44
"PIEMONTE";"TORINO";"COSSANO CANAVESE";1;"Indennita' di contingenza";"469";"0";388;0;94;250;21
"PIEMONTE";"TORINO";"CUCEGLIO";1;"Indennita' di contingenza";"659";"0";551;0;173;345;18
"PIEMONTE";"TORINO";"CUMIANA";1;"Indennita' di contingenza";"4888";"0";3927;0;1489;2280;54
"PIEMONTE";"TORINO";"CUORGNE'";1;"Indennita' di contingenza";"8272";"0";6628;0;3015;3380;121
"PIEMONTE";"TORINO";"DRUENTO";1;"Indennita' di contingenza";"5500";"0";4694;0;2397;2170;58
"PIEMONTE";"TORINO";"EXILLES";1;"Indennita' di contingenza";"310";"0";196;0;54;134;6
"PIEMONTE";"TORINO";"FAVRIA";1;"Indennita' di contingenza";"3233";"0";2585;0;1106;1363;52
"PIEMONTE";"TORINO";"FELETTO";1;"Indennita' di contingenza";"1850";"0";1540;0;699;787;26
"PIEMONTE";"TORINO";"FENESTRELLE";1;"Indennita' di contingenza";"643";"0";536;0;168;330;18
"PIEMONTE";"TORINO";"FIANO";1;"Indennita' di contingenza";"1798";"0";1455;0;500;889;31
"PIEMONTE";"TORINO";"FIORANO CANAVESE";1;"Indennita' di contingenza";"733";"0";614;0;219;363;4
"PIEMONTE";"TORINO";"FOGLIZZO";1;"Indennita' di contingenza";"1690";"0";1404;0;499;839;28
"PIEMONTE";"TORINO";"FORNO CANAVESE";1;"Indennita' di contingenza";"3248";"0";2687;0;1110;1340;78
"PIEMONTE";"TORINO";"FRASSINETTO";1;"Indennita' di contingenza";"298";"0";179;0;71;91;4
"PIEMONTE";"TORINO";"FRONT";1;"Indennita' di contingenza";"1144";"0";961;0;451;456;33
"PIEMONTE";"TORINO";"FROSSASCO";1;"Indennita' di contingenza";"1717";"0";1376;0;450;865;27
"PIEMONTE";"TORINO";"GARZIGLIANA";1;"Indennita' di contingenza";"410";"0";346;0;86;226;24
"PIEMONTE";"TORINO";"GASSINO TORINESE";1;"Indennita' di contingenza";"6756";"0";5578;0;2607;2796;71
"PIEMONTE";"TORINO";"GERMAGNANO";1;"Indennita' di contingenza";"1046";"0";819;0;397;390;21
"PIEMONTE";"TORINO";"GIAGLIONE";1;"Indennita' di contingenza";"570";"0";464;0;131;321;8
"PIEMONTE";"TORINO";"GIAVENO";1;"Indennita' di contingenza";"9855";"0";7615;0;3001;4368;101
"PIEMONTE";"TORINO";"GIVOLETTO";1;"Indennita' di contingenza";"1435";"0";1144;0;439;669;20
"PIEMONTE";"TORINO";"GRAVERE";1;"Indennita' di contingenza";"447";"0";316;0;116;189;7
"PIEMONTE";"TORINO";"GROSCAVALLO";1;"Indennita' di contingenza";"232";"0";178;0;49;124;3
"PIEMONTE";"TORINO";"GROSSO";1;"Indennita' di contingenza";"664";"0";535;0;161;354;13
"PIEMONTE";"TORINO";"GRUGLIASCO";1;"Indennita' di contingenza";"28067";"0";23402;0;14149;8735;196
"PIEMONTE";"TORINO";"INGRIA";1;"Indennita' di contingenza";"123";"0";72;0;30;34;6
"PIEMONTE";"TORINO";"INVERSO PINASCA";1;"Indennita' di contingenza";"545";"0";435;0;228;178;10
"PIEMONTE";"TORINO";"ISOLABELLA";1;"Indennita' di contingenza";"221";"0";191;0;45;140;5
"PIEMONTE";"TORINO";"ISSIGLIO";1;"Indennita' di contingenza";"377";"0";277;0;93;142;22
"PIEMONTE";"TORINO";"IVREA";1;"Indennita' di contingenza";"22581";"0";17408;0;7019;9856;190
"PIEMONTE";"TORINO";"LA CASSA";1;"Indennita' di contingenza";"772";"0";653;0;348;283;8
"PIEMONTE";"TORINO";"LA LOGGIA";1;"Indennita' di contingenza";"4240";"0";3539;0;1699;1714;46
"PIEMONTE";"TORINO";"LANZO TORINESE";1;"Indennita' di contingenza";"4465";"0";3547;0;1218;2171;63
"PIEMONTE";"TORINO";"LAURIANO";1;"Indennita' di contingenza";"1034";"0";870;0;378;459;18
"PIEMONTE";"TORINO";"LEINI";1;"Indennita' di contingenza";"8892";"0";7161;0;3398;3545;97
"PIEMONTE";"TORINO";"LEMIE";1;"Indennita' di contingenza";"302";"0";216;0;101;104;2
"PIEMONTE";"TORINO";"LESSOLO";1;"Indennita' di contingenza";"1652";"0";1284;0;501;718;28
"PIEMONTE";"TORINO";"LEVONE";1;"Indennita' di contingenza";"401";"0";345;0;109;215;13
"PIEMONTE";"TORINO";"LOCANA";1;"Indennita' di contingenza";"1831";"0";1313;0;457;758;47
"PIEMONTE";"TORINO";"LOMBARDORE";1;"Indennita' di contingenza";"1076";"0";877;0;423;425;15
"PIEMONTE";"TORINO";"LOMBRIASCO";1;"Indennita' di contingenza";"690";"0";567;0;146;381;21
"PIEMONTE";"TORINO";"LORANZE'";1;"Indennita' di contingenza";"961";"0";772;0;299;434;17
"PIEMONTE";"TORINO";"LUGNACCO";1;"Indennita' di contingenza";"315";"0";243;0;139;87;10
"PIEMONTE";"TORINO";"LUSERNA SAN GIOVANNI";1;"Indennita' di contingenza";"6589";"0";4984;0;1949;2797;112
"PIEMONTE";"TORINO";"LUSERNETTA";1;"Indennita' di contingenza";"422";"0";336;0;119;194;10
"PIEMONTE";"TORINO";"LUSIGLIE'";1;"Indennita' di contingenza";"407";"0";360;0;115;213;11
"PIEMONTE";"TORINO";"MACELLO";1;"Indennita' di contingenza";"861";"0";693;0;152;501;17
"PIEMONTE";"TORINO";"MAGLIONE";1;"Indennita' di contingenza";"427";"0";332;0;126;185;10
"PIEMONTE";"TORINO";"MARENTINO";1;"Indennita' di contingenza";"752";"0";552;0;157;370;12
"PIEMONTE";"TORINO";"MASSELLO";1;"Indennita' di contingenza";"107";"0";74;0;47;23;1
"PIEMONTE";"TORINO";"MATHI";1;"Indennita' di contingenza";"3251";"0";2639;0;1107;1398;67
"PIEMONTE";"TORINO";"MATTIE";1;"Indennita' di contingenza";"560";"0";432;0;195;188;23
"PIEMONTE";"TORINO";"MAZZE'";1;"Indennita' di contingenza";"2904";"0";2307;0;1091;1103;64
"PIEMONTE";"TORINO";"MEANA DI SUSA";1;"Indennita' di contingenza";"720";"0";556;0;218;287;27
"PIEMONTE";"TORINO";"MERCENASCO";1;"Indennita' di contingenza";"1002";"0";790;0;277;491;11
"PIEMONTE";"TORINO";"MEUGLIANO";1;"Indennita' di contingenza";"134";"0";74;0;27;39;5
"PIEMONTE";"TORINO";"MEZZENILE";1;"Indennita' di contingenza";"825";"0";543;0;252;260;19
"PIEMONTE";"TORINO";"MOMBELLO DI TORINO";1;"Indennita' di contingenza";"255";"0";198;0;68;114;11
"PIEMONTE";"TORINO";"MOMPANTERO";1;"Indennita' di contingenza";"562";"0";441;0;208;214;6
"PIEMONTE";"TORINO";"MONASTERO DI LANZO";1;"Indennita' di contingenza";"389";"0";259;0;84;139;15
"PIEMONTE";"TORINO";"MONCALIERI";1;"Indennita' di contingenza";"48324";"0";39293;0;18782;19440;418
"PIEMONTE";"TORINO";"MONCENISIO";1;"Indennita' di contingenza";"39";"0";33;0;8;21;4
"PIEMONTE";"TORINO";"MONTALDO TORINESE";1;"Indennita' di contingenza";"379";"0";300;0;84;199;5
"PIEMONTE";"TORINO";"MONTALENGHE";1;"Indennita' di contingenza";"665";"0";540;0;247;265;21
"PIEMONTE";"TORINO";"MONTALTO DORA";1;"Indennita' di contingenza";"2680";"0";2181;0;1014;1102;34
"PIEMONTE";"TORINO";"MONTANARO";1;"Indennita' di contingenza";"4187";"0";3629;0;1878;1630;57
"PIEMONTE";"TORINO";"MONTEU DA PO";1;"Indennita' di contingenza";"622";"0";505;0;247;237;9
"PIEMONTE";"TORINO";"MORIONDO TORINESE";1;"Indennita' di contingenza";"509";"0";429;0;130;271;14
"PIEMONTE";"TORINO";"NICHELINO";1;"Indennita' di contingenza";"34086";"0";28708;0;17033;10967;222
"PIEMONTE";"TORINO";"NOASCA";1;"Indennita' di contingenza";"275";"0";189;0;69;108;8
"PIEMONTE";"TORINO";"NOLE";1;"Indennita' di contingenza";"5090";"0";4146;0;1674;2294;82
"PIEMONTE";"TORINO";"NOMAGLIO";1;"Indennita' di contingenza";"313";"0";264;0;88;154;10
"PIEMONTE";"TORINO";"NONE";1;"Indennita' di contingenza";"5266";"0";4422;0;2113;2154;68
"PIEMONTE";"TORINO";"NOVALESA";1;"Indennita' di contingenza";"428";"0";370;0;99;248;8
"PIEMONTE";"TORINO";"OGLIANICO";1;"Indennita' di contingenza";"977";"0";834;0;392;408;17
"PIEMONTE";"TORINO";"ORBASSANO";1;"Indennita' di contingenza";"14481";"0";12004;0;6627;5029;103
"PIEMONTE";"TORINO";"ORIO CANAVESE";1;"Indennita' di contingenza";"673";"0";565;0;193;357;13
"PIEMONTE";"TORINO";"OSASCO";1;"Indennita' di contingenza";"656";"0";544;0;163;356;13
"PIEMONTE";"TORINO";"OSASIO";1;"Indennita' di contingenza";"444";"0";367;0;84;251;18
"PIEMONTE";"TORINO";"OULX";1;"Indennita' di contingenza";"1743";"0";1201;0;330;824;21
"PIEMONTE";"TORINO";"OZEGNA";1;"Indennita' di contingenza";"874";"0";739;0;250;433;21
"PIEMONTE";"TORINO";"PALAZZO CANAVESE";1;"Indennita' di contingenza";"697";"0";536;0;183;321;7
"PIEMONTE";"TORINO";"PANCALIERI";1;"Indennita' di contingenza";"1497";"0";1220;0;296;840;44
"PIEMONTE";"TORINO";"PARELLA";1;"Indennita' di contingenza";"430";"0";327;0;101;216;4
"PIEMONTE";"TORINO";"PAVAROLO";1;"Indennita' di contingenza";"539";"0";400;0;159;229;8
"PIEMONTE";"TORINO";"PAVONE CANAVESE";1;"Indennita' di contingenza";"3155";"0";2566;0;1312;1154;47
"PIEMONTE";"TORINO";"PECCO";1;"Indennita' di contingenza";"195";"0";172;0;64;97;6
"PIEMONTE";"TORINO";"PECETTO TORINESE";1;"Indennita' di contingenza";"2501";"0";1989;0;575;1359;24
"PIEMONTE";"TORINO";"PEROSA ARGENTINA";1;"Indennita' di contingenza";"3484";"0";2890;0;1193;1583;42
"PIEMONTE";"TORINO";"PEROSA CANAVESE";1;"Indennita' di contingenza";"386";"0";321;0;101;216;1
"PIEMONTE";"TORINO";"PERRERO";1;"Indennita' di contingenza";"919";"0";681;0;342;327;7
"PIEMONTE";"TORINO";"PERTUSIO";1;"Indennita' di contingenza";"508";"0";441;0;150;263;10
"PIEMONTE";"TORINO";"PESSINETTO";1;"Indennita' di contingenza";"596";"0";491;0;206;252;15
"PIEMONTE";"TORINO";"PIANEZZA";1;"Indennita' di contingenza";"8134";"0";6920;0;3206;3386;90
"PIEMONTE";"TORINO";"PINASCA";1;"Indennita' di contingenza";"2401";"0";1922;0;799;1023;45
"PIEMONTE";"TORINO";"PINEROLO";1;"Indennita' di contingenza";"29315";"0";23694;0;9557;13376;331
"PIEMONTE";"TORINO";"PINO TORINESE";1;"Indennita' di contingenza";"6094";"0";5055;0;1195;3568;51
"PIEMONTE";"TORINO";"PIOBESI TORINESE";1;"Indennita' di contingenza";"2068";"0";1782;0;598;1106;41
"PIEMONTE";"TORINO";"PIOSSASCO";1;"Indennita' di contingenza";"11580";"0";9637;0;4829;4528;81
"PIEMONTE";"TORINO";"PISCINA";1;"Indennita' di contingenza";"2089";"0";1754;0;600;1062;50
"PIEMONTE";"TORINO";"PIVERONE";1;"Indennita' di contingenza";"1009";"0";812;0;222;550;14
"PIEMONTE";"TORINO";"POIRINO";1;"Indennita' di contingenza";"6268";"0";5104;0;1844;3083;78
"PIEMONTE";"TORINO";"POMARETTO";1;"Indennita' di contingenza";"1004";"0";792;0;401;368;9
"PIEMONTE";"TORINO";"PONT-CANAVESE";1;"Indennita' di contingenza";"3587";"0";2868;0;1295;1402;87
"PIEMONTE";"TORINO";"PORTE";1;"Indennita' di contingenza";"781";"0";670;0;256;386;12
"PIEMONTE";"TORINO";"PRAGELATO";1;"Indennita' di contingenza";"411";"0";315;0;32;266;6
"PIEMONTE";"TORINO";"PRALI";1;"Indennita' di contingenza";"328";"0";237;0;116;118;3
"PIEMONTE";"TORINO";"PRALORMO";1;"Indennita' di contingenza";"1147";"0";933;0;243;639;26
"PIEMONTE";"TORINO";"PRAMOLLO";1;"Indennita' di contingenza";"311";"0";220;0;105;99;9
"PIEMONTE";"TORINO";"PRAROSTINO";1;"Indennita' di contingenza";"796";"0";497;0;228;243;17
"PIEMONTE";"TORINO";"PRASCORSANO";1;"Indennita' di contingenza";"542";"0";422;0;200;198;13
"PIEMONTE";"TORINO";"PRATIGLIONE";1;"Indennita' di contingenza";"516";"0";380;0;177;187;10
"PIEMONTE";"TORINO";"QUAGLIUZZO";1;"Indennita' di contingenza";"265";"0";213;0;83;122;3
"PIEMONTE";"TORINO";"QUASSOLO";1;"Indennita' di contingenza";"378";"0";313;0;174;130;5
"PIEMONTE";"TORINO";"QUINCINETTO";1;"Indennita' di contingenza";"933";"0";764;0;265;448;30
"PIEMONTE";"TORINO";"REANO";1;"Indennita' di contingenza";"923";"0";780;0;296;464;8
"PIEMONTE";"TORINO";"RIBORDONE";1;"Indennita' di contingenza";"151";"0";107;0;45;57;2
"PIEMONTE";"TORINO";"RIVALBA";1;"Indennita' di contingenza";"717";"0";571;0;177;375;10
"PIEMONTE";"TORINO";"RIVALTA DI TORINO";1;"Indennita' di contingenza";"10565";"0";8735;0;4448;4047;83
"PIEMONTE";"TORINO";"RIVA PRESSO CHIERI";1;"Indennita' di contingenza";"2264";"0";1855;0;534;1236;49
"PIEMONTE";"TORINO";"RIVARA";1;"Indennita' di contingenza";"2013";"0";1647;0;614;973;29
"PIEMONTE";"TORINO";"RIVAROLO CANAVESE";1;"Indennita' di contingenza";"9163";"0";7263;0;2630;4368;107
"PIEMONTE";"TORINO";"RIVAROSSA";1;"Indennita' di contingenza";"795";"0";609;0;223;357;6
"PIEMONTE";"TORINO";"RIVOLI";1;"Indennita' di contingenza";"38479";"0";31983;0;16983;14238;261
"PIEMONTE";"TORINO";"ROBASSOMERO";1;"Indennita' di contingenza";"2067";"0";1749;0;727;970;24
"PIEMONTE";"TORINO";"ROCCA CANAVESE";1;"Indennita' di contingenza";"1241";"0";988;0;412;537;31
"PIEMONTE";"TORINO";"ROLETTO";1;"Indennita' di contingenza";"1188";"0";978;0;293;631;30
"PIEMONTE";"TORINO";"ROMANO CANAVESE";1;"Indennita' di contingenza";"2138";"0";1732;0;771;909;22
"PIEMONTE";"TORINO";"RONCO CANAVESE";1;"Indennita' di contingenza";"1109";"0";281;0;67;194;15
"PIEMONTE";"TORINO";"RONDISSONE";1;"Indennita' di contingenza";"1380";"0";1175;0;517;595;46
"PIEMONTE";"TORINO";"RORA'";1;"Indennita' di contingenza";"221";"0";131;0;45;80;3
"PIEMONTE";"TORINO";"ROSTA";1;"Indennita' di contingenza";"2490";"0";2036;0;930;1044;31
"PIEMONTE";"TORINO";"ROURE";1;"Indennita' di contingenza";"899";"0";740;0;303;398;19
"PIEMONTE";"TORINO";"RUBIANA";1;"Indennita' di contingenza";"1039";"0";785;0;244;510;11
"PIEMONTE";"TORINO";"RUEGLIO";1;"Indennita' di contingenza";"808";"0";466;0;228;192;19
"PIEMONTE";"TORINO";"SALASSA";1;"Indennita' di contingenza";"1224";"0";1028;0;485;470;35
"PIEMONTE";"TORINO";"SALBERTRAND";1;"Indennita' di contingenza";"384";"0";256;0;89;151;4
"PIEMONTE";"TORINO";"SALERANO CANAVESE";1;"Indennita' di contingenza";"353";"0";289;0;116;163;5
"PIEMONTE";"TORINO";"SALZA DI PINEROLO";1;"Indennita' di contingenza";"89";"0";65;0;47;18;0
"PIEMONTE";"TORINO";"SAMONE";1;"Indennita' di contingenza";"1039";"0";819;0;324;464;13
"PIEMONTE";"TORINO";"SAN BENIGNO CANAVESE";1;"Indennita' di contingenza";"3553";"0";2982;0;1341;1521;41
"PIEMONTE";"TORINO";"SAN CARLO CANAVESE";1;"Indennita' di contingenza";"2569";"0";1914;0;784;1053;36
"PIEMONTE";"TORINO";"SAN COLOMBANO BELMONTE";1;"Indennita' di contingenza";"244";"0";186;0;71;103;5
"PIEMONTE";"TORINO";"SAN DIDERO";1;"Indennita' di contingenza";"291";"0";230;0;110;104;11
"PIEMONTE";"TORINO";"SAN FRANCESCO AL CAMPO";1;"Indennita' di contingenza";"2840";"0";2255;0;786;1366;44
"PIEMONTE";"TORINO";"SANGANO";1;"Indennita' di contingenza";"2107";"0";1718;0;709;958;12
"PIEMONTE";"TORINO";"SAN GERMANO CHISONE";1;"Indennita' di contingenza";"1509";"0";1213;0;606;562;20
"PIEMONTE";"TORINO";"SAN GILLIO";1;"Indennita' di contingenza";"1458";"0";1228;0;509;676;14
"PIEMONTE";"TORINO";"SAN GIORGIO CANAVESE";1;"Indennita' di contingenza";"1786";"0";1533;0;491;967;39
"PIEMONTE";"TORINO";"SAN GIORIO DI SUSA";1;"Indennita' di contingenza";"748";"0";610;0;349;233;13
"PIEMONTE";"TORINO";"SAN GIUSTO CANAVESE";1;"Indennita' di contingenza";"2136";"0";1688;0;631;982;39
"PIEMONTE";"TORINO";"SAN MARTINO CANAVESE";1;"Indennita' di contingenza";"616";"0";486;0;145;316;10
"PIEMONTE";"TORINO";"SAN MAURIZIO CANAVESE";1;"Indennita' di contingenza";"5410";"0";4564;0;1937;2383;88
"PIEMONTE";"TORINO";"SAN MAURO TORINESE";1;"Indennita' di contingenza";"12360";"0";10403;0;4704;5422;107
"PIEMONTE";"TORINO";"SAN PIETRO VAL LEMINA";1;"Indennita' di contingenza";"955";"0";740;0;205;504;21
"PIEMONTE";"TORINO";"SAN PONSO";1;"Indennita' di contingenza";"196";"0";171;0;64;95;7
"PIEMONTE";"TORINO";"SAN RAFFAELE CIMENA";1;"Indennita' di contingenza";"1777";"0";1444;0;555;837;25
"PIEMONTE";"TORINO";"SAN SEBASTIANO DA PO";1;"Indennita' di contingenza";"1191";"0";861;0;290;528;20
"PIEMONTE";"TORINO";"SAN SECONDO DI PINEROLO";1;"Indennita' di contingenza";"2587";"0";2080;0;665;1325;36
"PIEMONTE";"TORINO";"SANT'AMBROGIO DI TORINO";1;"Indennita' di contingenza";"3061";"0";2535;0;1326;1092;54
"PIEMONTE";"TORINO";"SANT'ANTONINO DI SUSA";1;"Indennita' di contingenza";"2998";"0";2408;0;1150;1157;55
"PIEMONTE";"TORINO";"SANTENA";1;"Indennita' di contingenza";"7661";"0";6311;0;2865;3214;81
"PIEMONTE";"TORINO";"SAUZE DI CESANA";1;"Indennita' di contingenza";"155";"0";89;0;16;69;2
"PIEMONTE";"TORINO";"SAUZE D'OULX";1;"Indennita' di contingenza";"770";"0";505;0;117;374;5
"PIEMONTE";"TORINO";"SCALENGHE";1;"Indennita' di contingenza";"2010";"0";1713;0;458;1156;51
"PIEMONTE";"TORINO";"SCARMAGNO";1;"Indennita' di contingenza";"662";"0";547;0;148;376;14
"PIEMONTE";"TORINO";"SCIOLZE";1;"Indennita' di contingenza";"921";"0";744;0;251;476;8
"PIEMONTE";"TORINO";"SESTRIERE";1;"Indennita' di contingenza";"614";"0";465;0;76;373;8
"PIEMONTE";"TORINO";"SETTIMO ROTTARO";1;"Indennita' di contingenza";"480";"0";429;0;108;189;19
"PIEMONTE";"TORINO";"SETTIMO TORINESE";1;"Indennita' di contingenza";"34505";"0";29732;0;17356;11582;253
"PIEMONTE";"TORINO";"SETTIMO VITTONE";1;"Indennita' di contingenza";"1433";"0";1021;0;354;611;24
"PIEMONTE";"TORINO";"SPARONE";1;"Indennita' di contingenza";"1073";"0";733;0;324;345;32
"PIEMONTE";"TORINO";"STRAMBINELLO";1;"Indennita' di contingenza";"221";"0";191;0;76;104;7
"PIEMONTE";"TORINO";"STRAMBINO";1;"Indennita' di contingenza";"4778";"0";4073;0;1564;2357;62
"PIEMONTE";"TORINO";"SUSA";1;"Indennita' di contingenza";"5799";"0";4636;0;1948;2605;59
"PIEMONTE";"TORINO";"TAVAGNASCO";1;"Indennita' di contingenza";"685";"0";503;0;210;270;9
"PIEMONTE";"TORINO";"TORINO";1;"Indennita' di contingenza";"854925";"0";667330;0;319538;332073;5564
"PIEMONTE";"TORINO";"TORRAZZA PIEMONTE";1;"Indennita' di contingenza";"1755";"0";1497;0;811;617;37
"PIEMONTE";"TORINO";"TORRE CANAVESE";1;"Indennita' di contingenza";"510";"0";410;0;166;234;6
"PIEMONTE";"TORINO";"TORRE PELLICE";1;"Indennita' di contingenza";"3958";"0";2741;0;1110;1526;48
"PIEMONTE";"TORINO";"TRANA";1;"Indennita' di contingenza";"2123";"0";1619;0;623;938;27
"PIEMONTE";"TORINO";"TRAUSELLA";1;"Indennita' di contingenza";"139";"0";84;0;30;45;4
"PIEMONTE";"TORINO";"TRAVERSELLA";1;"Indennita' di contingenza";"430";"0";281;0;101;163;8
"PIEMONTE";"TORINO";"TRAVES";1;"Indennita' di contingenza";"473";"0";383;0;236;128;13
"PIEMONTE";"TORINO";"TROFARELLO";1;"Indennita' di contingenza";"6405";"0";5448;0;2585;2645;83
"PIEMONTE";"TORINO";"USSEAUX";1;"Indennita' di contingenza";"217";"0";133;0;36;88;5
"PIEMONTE";"TORINO";"USSEGLIO";1;"Indennita' di contingenza";"303";"0";211;0;71;130;5
"PIEMONTE";"TORINO";"VAIE";1;"Indennita' di contingenza";"855";"0";697;0;320;344;18
"PIEMONTE";"TORINO";"VAL DELLA TORRE";1;"Indennita' di contingenza";"2112";"0";1637;0;673;880;44
"PIEMONTE";"TORINO";"VALLO TORINESE";1;"Indennita' di contingenza";"348";"0";241;0;90;135;10
"PIEMONTE";"TORINO";"VALGIOIE";1;"Indennita' di contingenza";"533";"0";465;0;121;327;13
"PIEMONTE";"TORINO";"VALPERGA";1;"Indennita' di contingenza";"2803";"0";2275;0;882;1286;58
"PIEMONTE";"TORINO";"VALPRATO SOANA";1;"Indennita' di contingenza";"296";"0";102;0;27;66;5
"PIEMONTE";"TORINO";"VARISELLA";1;"Indennita' di contingenza";"535";"0";459;0;188;223;17
"PIEMONTE";"TORINO";"VAUDA CANAVESE";1;"Indennita' di contingenza";"967";"0";764;0;210;512;29
"PIEMONTE";"TORINO";"VENARIA";1;"Indennita' di contingenza";"21793";"0";18094;0;10203;7384;140
"PIEMONTE";"TORINO";"VENAUS";1;"Indennita' di contingenza";"833";"0";675;0;194;440;21
"PIEMONTE";"TORINO";"VEROLENGO";1;"Indennita' di contingenza";"4609";"0";3911;0;1462;1642;66
"PIEMONTE";"TORINO";"VERRUA SAVOIA";1;"Indennita' di contingenza";"1155";"0";807;0;310;450;14
"PIEMONTE";"TORINO";"VESTIGNE'";1;"Indennita' di contingenza";"778";"0";634;0;204;396;16
"PIEMONTE";"TORINO";"VIALFRE'";1;"Indennita' di contingenza";"207";"0";186;0;46;135;1
"PIEMONTE";"TORINO";"VICO CANAVESE";1;"Indennita' di contingenza";"815";"0";552;0;213;300;20
"PIEMONTE";"TORINO";"VIDRACCO";1;"Indennita' di contingenza";"279";"0";223;0;73;137;7
"PIEMONTE";"TORINO";"VIGONE";1;"Indennita' di contingenza";"3998";"0";3280;0;936;2175;83
"PIEMONTE";"TORINO";"VILLAFRANCA PIEMONTE";1;"Indennita' di contingenza";"3754";"0";2918;0;830;1952;69
"PIEMONTE";"TORINO";"VILLANOVA CANAVESE";1;"Indennita' di contingenza";"820";"0";682;0;212;418;24
"PIEMONTE";"TORINO";"VILLARBASSE";1;"Indennita' di contingenza";"1946";"0";1646;0;503;1103;16
"PIEMONTE";"TORINO";"VILLAR DORA";1;"Indennita' di contingenza";"1616";"0";1267;0;546;648;36
"PIEMONTE";"TORINO";"VILLAREGGIA";1;"Indennita' di contingenza";"856";"0";718;0;257;414;30
"PIEMONTE";"TORINO";"VILLAR FOCCHIARDO";1;"Indennita' di contingenza";"1640";"0";1247;0;557;616;27
"PIEMONTE";"TORINO";"VILLAR PELLICE";1;"Indennita' di contingenza";"1064";"0";640;0;272;319;12
"PIEMONTE";"TORINO";"VILLAR PEROSA";1;"Indennita' di contingenza";"3382";"0";2829;0;1445;1269;54
"PIEMONTE";"TORINO";"VILLASTELLONE";1;"Indennita' di contingenza";"3602";"0";3073;0;1398;1575;37
"PIEMONTE";"TORINO";"VINOVO";1;"Indennita' di contingenza";"9393";"0";7889;0;3176;4463;99
"PIEMONTE";"TORINO";"VIRLE PIEMONTE";1;"Indennita' di contingenza";"731";"0";618;0;169;415;19
"PIEMONTE";"TORINO";"VISCHE";1;"Indennita' di contingenza";"1201";"0";855;0;269;530;30
"PIEMONTE";"TORINO";"VISTRORIO";1;"Indennita' di contingenza";"389";"0";331;0;148;165;7
"PIEMONTE";"TORINO";"VIU'";1;"Indennita' di contingenza";"1130";"0";739;0;190;506;26
"PIEMONTE";"TORINO";"VOLPIANO";1;"Indennita' di contingenza";"8330";"0";6870;0;3157;3492;90
"PIEMONTE";"TORINO";"VOLVERA";1;"Indennita' di contingenza";"4745";"0";3938;0;1905;1901;55
"PIEMONTE";"VERCELLI";"AILOCHE";1;"Indennita' di contingenza";"296";"0";220;0;117;96;3
"PIEMONTE";"VERCELLI";"ALAGNA VALSESIA";1;"Indennita' di contingenza";"342";"0";243;0;50;177;7
"PIEMONTE";"VERCELLI";"ALBANO VERCELLESE";1;"Indennita' di contingenza";"349";"0";291;0;114;165;3
"PIEMONTE";"VERCELLI";"ALICE CASTELLO";1;"Indennita' di contingenza";"1875";"0";1446;0;516;814;80
"PIEMONTE";"VERCELLI";"ANDORNO MICCA";1;"Indennita' di contingenza";"3242";"0";2727;0;1175;1474;35
"PIEMONTE";"VERCELLI";"ARBORIO";1;"Indennita' di contingenza";"905";"0";798;0;282;465;35
"PIEMONTE";"VERCELLI";"ASIGLIANO VERCELLESE";1;"Indennita' di contingenza";"1218";"0";1040;0;455;531;39
"PIEMONTE";"VERCELLI";"BALMUCCIA";1;"Indennita' di contingenza";"122";"0";88;0;19;64;3
"PIEMONTE";"VERCELLI";"BALOCCO";1;"Indennita' di contingenza";"249";"0";207;0;59;135;12
"PIEMONTE";"VERCELLI";"BENNA";1;"Indennita' di contingenza";"910";"0";786;0;303;459;11
"PIEMONTE";"VERCELLI";"BIANZE'";1;"Indennita' di contingenza";"1888";"0";1638;0;768;800;37
"PIEMONTE";"VERCELLI";"BIELLA";1;"Indennita' di contingenza";"43152";"0";35026;0;11603;22540;385
"PIEMONTE";"VERCELLI";"BIOGLIO";1;"Indennita' di contingenza";"919";"0";721;0;309;396;10
"PIEMONTE";"VERCELLI";"BOCCIOLETO";1;"Indennita' di contingenza";"325";"0";218;0;46;155;7
"PIEMONTE";"VERCELLI";"BORGO D'ALE";1;"Indennita' di contingenza";"2271";"0";1714;0;661;915;73
"PIEMONTE";"VERCELLI";"BORGOSESIA";1;"Indennita' di contingenza";"12745";"0";10323;0;3770;6222;170
"PIEMONTE";"VERCELLI";"BORGO VERCELLI";1;"Indennita' di contingenza";"1847";"0";1604;0;756;792;32
"PIEMONTE";"VERCELLI";"BORRIANA";1;"Indennita' di contingenza";"705";"0";583;0;200;355;20
"PIEMONTE";"VERCELLI";"BREIA";1;"Indennita' di contingenza";"168";"0";120;0;49;68;2
"PIEMONTE";"VERCELLI";"BRUSNENGO";1;"Indennita' di contingenza";"1697";"0";1342;0;428;858;24
"PIEMONTE";"VERCELLI";"BURONZO";1;"Indennita' di contingenza";"972";"0";859;0;308;530;14
"PIEMONTE";"VERCELLI";"CALLABIANA";1;"Indennita' di contingenza";"174";"0";143;0;42;99;2
"PIEMONTE";"VERCELLI";"CAMANDONA";1;"Indennita' di contingenza";"404";"0";302;0;94;196;9
"PIEMONTE";"VERCELLI";"CAMBURZANO";1;"Indennita' di contingenza";"1022";"0";871;0;353;484;23
"PIEMONTE";"VERCELLI";"CAMPERTOGNO";1;"Indennita' di contingenza";"195";"0";153;0;18;124;7
"PIEMONTE";"VERCELLI";"CAMPIGLIA CERVO";1;"Indennita' di contingenza";"188";"0";149;0;27;117;3
"PIEMONTE";"VERCELLI";"CANDELO";1;"Indennita' di contingenza";"6148";"0";5260;0;2447;2652;83
"PIEMONTE";"VERCELLI";"CAPRILE";1;"Indennita' di contingenza";"212";"0";168;0;88;71;6
"PIEMONTE";"VERCELLI";"CARCOFORO";1;"Indennita' di contingenza";"70";"0";50;0;10;37;1
"PIEMONTE";"VERCELLI";"CARESANA";1;"Indennita' di contingenza";"1083";"0";908;0;336;532;29
"PIEMONTE";"VERCELLI";"CARESANABLOT";1;"Indennita' di contingenza";"480";"0";421;0;172;236;12
"PIEMONTE";"VERCELLI";"CARISIO";1;"Indennita' di contingenza";"851";"0";706;0;320;368;14
"PIEMONTE";"VERCELLI";"CASANOVA ELVO";1;"Indennita' di contingenza";"259";"0";240;0;126;113;1
"PIEMONTE";"VERCELLI";"CASAPINTA";1;"Indennita' di contingenza";"452";"0";379;0;161;194;14
"PIEMONTE";"VERCELLI";"CASTELLETTO CERVO";1;"Indennita' di contingenza";"578";"0";439;0;255;171;8
"PIEMONTE";"VERCELLI";"CAVAGLIA' ";1;"Indennita' di contingenza";"2712";"0";2252;0;840;1284;66
"PIEMONTE";"VERCELLI";"CELLIO";1;"Indennita' di contingenza";"711";"0";522;0;211;280;19
"PIEMONTE";"VERCELLI";"CERRETO CASTELLO";1;"Indennita' di contingenza";"404";"0";346;0;153;177;11
"PIEMONTE";"VERCELLI";"CERRIONE";1;"Indennita' di contingenza";"2022";"0";1746;0;622;1021;65
"PIEMONTE";"VERCELLI";"CERVATTO";1;"Indennita' di contingenza";"61";"0";37;0;8;27;1
"PIEMONTE";"VERCELLI";"CIGLIANO";1;"Indennita' di contingenza";"3715";"0";3037;0;1096;1752;85
"PIEMONTE";"VERCELLI";"CIVIASCO";1;"Indennita' di contingenza";"209";"0";156;0;49;101;3
"PIEMONTE";"VERCELLI";"COGGIOLA";1;"Indennita' di contingenza";"2440";"0";2076;0;1011;987;49
"PIEMONTE";"VERCELLI";"COLLOBIANO";1;"Indennita' di contingenza";"125";"0";116;0;35;79;1
"PIEMONTE";"VERCELLI";"COSSATO";1;"Indennita' di contingenza";"12839";"0";10837;0;5222;5213;215
"PIEMONTE";"VERCELLI";"COSTANZANA";1;"Indennita' di contingenza";"874";"0";771;0;313;426;23
"PIEMONTE";"VERCELLI";"CRAVAGLIANA";1;"Indennita' di contingenza";"322";"0";189;0;67;114;4
"PIEMONTE";"VERCELLI";"CRESCENTINO";1;"Indennita' di contingenza";"5449";"0";4405;0;2018;2221;85
"PIEMONTE";"VERCELLI";"CREVACUORE";1;"Indennita' di contingenza";"1687";"0";1385;0;565;746;37
"PIEMONTE";"VERCELLI";"CROSA";1;"Indennita' di contingenza";"275";"0";233;0;86;135;8
"PIEMONTE";"VERCELLI";"CROVA";1;"Indennita' di contingenza";"419";"0";371;0;159;201;9
"PIEMONTE";"VERCELLI";"CURINO";1;"Indennita' di contingenza";"500";"0";365;0;121;209;9
"PIEMONTE";"VERCELLI";"DESANA";1;"Indennita' di contingenza";"881";"0";789;0;353;405;21
"PIEMONTE";"VERCELLI";"DONATO";1;"Indennita' di contingenza";"647";"0";393;0;133;236;12
"PIEMONTE";"VERCELLI";"DORZANO";1;"Indennita' di contingenza";"290";"0";239;0;105;114;10
"PIEMONTE";"VERCELLI";"FOBELLO";1;"Indennita' di contingenza";"291";"0";202;0;33;149;19
"PIEMONTE";"VERCELLI";"FONTANETTO PO";1;"Indennita' di contingenza";"1086";"0";954;0;496;434;12
"PIEMONTE";"VERCELLI";"FORMIGLIANA";1;"Indennita' di contingenza";"532";"0";449;0;167;261;15
"PIEMONTE";"VERCELLI";"GAGLIANICO";1;"Indennita' di contingenza";"3305";"0";2772;0;1024;1648;60
"PIEMONTE";"VERCELLI";"GATTINARA";1;"Indennita' di contingenza";"7530";"0";6027;0;2419;3387;112
"PIEMONTE";"VERCELLI";"GHISLARENGO";1;"Indennita' di contingenza";"658";"0";543;0;195;327;10
"PIEMONTE";"VERCELLI";"GIFFLENGA";1;"Indennita' di contingenza";"101";"0";87;0;27;51;9
"PIEMONTE";"VERCELLI";"GRAGLIA";1;"Indennita' di contingenza";"1316";"0";963;0;363;530;40
"PIEMONTE";"VERCELLI";"GREGGIO";1;"Indennita' di contingenza";"367";"0";330;0;95;212;14
"PIEMONTE";"VERCELLI";"GUARDABOSONE";1;"Indennita' di contingenza";"278";"0";217;0;94;116;5
"PIEMONTE";"VERCELLI";"LAMPORO";1;"Indennita' di contingenza";"427";"0";335;0;174;156;4
"PIEMONTE";"VERCELLI";"LENTA";1;"Indennita' di contingenza";"720";"0";842;0;346;455;15
"PIEMONTE";"VERCELLI";"LESSONA";1;"Indennita' di contingenza";"1811";"0";1612;0;695;853;43
"PIEMONTE";"VERCELLI";"LIGNANA";1;"Indennita' di contingenza";"456";"0";401;0;214;178;6
"PIEMONTE";"VERCELLI";"LIVORNO FERRARIS";1;"Indennita' di contingenza";"3664";"0";3089;0;1575;1378;69
"PIEMONTE";"VERCELLI";"LOZZOLO";1;"Indennita' di contingenza";"736";"0";569;0;173;372;12
"PIEMONTE";"VERCELLI";"MAGNANO";1;"Indennita' di contingenza";"322";"0";230;0;100;114;12
"PIEMONTE";"VERCELLI";"MASSAZZA";1;"Indennita' di contingenza";"488";"0";457;0;183;247;10
"PIEMONTE";"VERCELLI";"MASSERANO";1;"Indennita' di contingenza";"2003";"0";1588;0;675;855;27
"PIEMONTE";"VERCELLI";"MEZZANA MORTIGLIENGO";1;"Indennita' di contingenza";"728";"0";602;0;301;280;12
"PIEMONTE";"VERCELLI";"MIAGLIANO";1;"Indennita' di contingenza";"596";"0";499;0;199;278;15
"PIEMONTE";"VERCELLI";"MOLLIA";1;"Indennita' di contingenza";"105";"0";83;0;12;63;7
"PIEMONTE";"VERCELLI";"MONCRIVELLO";1;"Indennita' di contingenza";"1293";"0";1011;0;413;532;46
"PIEMONTE";"VERCELLI";"MONGRANDO";1;"Indennita' di contingenza";"3262";"0";2744;0;1266;1351;81
"PIEMONTE";"VERCELLI";"MOSSO SANTA MARIA";1;"Indennita' di contingenza";"1567";"0";1227;0;450;733;20
"PIEMONTE";"VERCELLI";"MOTTA DE' CONTI";1;"Indennita' di contingenza";"795";"0";674;0;328;288;44
"PIEMONTE";"VERCELLI";"MOTTALCIATA";1;"Indennita' di contingenza";"1151";"0";1048;0;441;555;31
"PIEMONTE";"VERCELLI";"MUZZANO";1;"Indennita' di contingenza";"534";"0";401;0;148;242;5
"PIEMONTE";"VERCELLI";"NETRO";1;"Indennita' di contingenza";"918";"0";605;0;227;346;22
"PIEMONTE";"VERCELLI";"OCCHIEPPO INFERIORE";1;"Indennita' di contingenza";"3339";"0";2725;0;1187;1385;77
"PIEMONTE";"VERCELLI";"OCCHIEPPO SUPERIORE";1;"Indennita' di contingenza";"2159";"0";1839;0;745;1005;62
"PIEMONTE";"VERCELLI";"OLCENENGO";1;"Indennita' di contingenza";"512";"0";470;0;166;295;5
"PIEMONTE";"VERCELLI";"OLDENICO";1;"Indennita' di contingenza";"247";"0";215;0;66;135;10
"PIEMONTE";"VERCELLI";"PALAZZOLO VERCELLESE";1;"Indennita' di contingenza";"1190";"0";1061;0;490;538;27
"PIEMONTE";"VERCELLI";"PERTENGO";1;"Indennita' di contingenza";"336";"0";295;0;142;146;5
"PIEMONTE";"VERCELLI";"PETTINENGO";1;"Indennita' di contingenza";"1490";"0";1253;0;608;621;8
"PIEMONTE";"VERCELLI";"PEZZANA";1;"Indennita' di contingenza";"945";"0";819;0;322;476;18
"PIEMONTE";"VERCELLI";"PIATTO";1;"Indennita' di contingenza";"399";"0";350;0;131;208;7
"PIEMONTE";"VERCELLI";"PIEDICAVALLO";1;"Indennita' di contingenza";"237";"0";160;0;40;118;1
"PIEMONTE";"VERCELLI";"PILA";1;"Indennita' di contingenza";"112";"0";83;0;18;58;5
"PIEMONTE";"VERCELLI";"PIODE";1;"Indennita' di contingenza";"163";"0";131;0;16;106;8
"PIEMONTE";"VERCELLI";"PISTOLESA";1;"Indennita' di contingenza";"162";"0";115;0;46;58;8
"PIEMONTE";"VERCELLI";"POLLONE";1;"Indennita' di contingenza";"1801";"0";1396;0;453;890;21
"PIEMONTE";"VERCELLI";"PONDERANO";1;"Indennita' di contingenza";"3006";"0";2481;0;1034;1344;54
"PIEMONTE";"VERCELLI";"PORTULA";1;"Indennita' di contingenza";"1570";"0";1313;0;684;600;19
"PIEMONTE";"VERCELLI";"POSTUA";1;"Indennita' di contingenza";"481";"0";360;0;165;161;13
"PIEMONTE";"VERCELLI";"PRALUNGO";1;"Indennita' di contingenza";"2360";"0";1994;0;805;1097;43
"PIEMONTE";"VERCELLI";"PRAROLO";1;"Indennita' di contingenza";"513";"0";460;0;217;227;12
"PIEMONTE";"VERCELLI";"PRAY";1;"Indennita' di contingenza";"2507";"0";2104;0;1091;937;45
"PIEMONTE";"VERCELLI";"QUAREGNA";1;"Indennita' di contingenza";"964";"0";824;0;355;432;19
"PIEMONTE";"VERCELLI";"QUARONA";1;"Indennita' di contingenza";"3221";"0";2740;0;1233;1402;53
"PIEMONTE";"VERCELLI";"QUINTO VERCELLESE";1;"Indennita' di contingenza";"385";"0";351;0;160;179;10
"PIEMONTE";"VERCELLI";"QUITTENGO";1;"Indennita' di contingenza";"258";"0";165;0;51;111;1
"PIEMONTE";"VERCELLI";"RASSA";1;"Indennita' di contingenza";"100";"0";61;0;8;48;1
"PIEMONTE";"VERCELLI";"RIMA SAN GIUSEPPE";1;"Indennita' di contingenza";"83";"0";57;0;9;41;4
"PIEMONTE";"VERCELLI";"RIMASCO";1;"Indennita' di contingenza";"186";"0";124;0;41;80;1
"PIEMONTE";"VERCELLI";"RIMELLA";1;"Indennita' di contingenza";"205";"0";124;0;27;84;3
"PIEMONTE";"VERCELLI";"RIVA VALDOBBIA";1;"Indennita' di contingenza";"199";"0";124;0;32;78;5
"PIEMONTE";"VERCELLI";"RIVE";1;"Indennita' di contingenza";"397";"0";353;0;191;153;7
"PIEMONTE";"VERCELLI";"ROASIO";1;"Indennita' di contingenza";"2087";"0";1526;0;445;1023;31
"PIEMONTE";"VERCELLI";"RONCO BIELLESE";1;"Indennita' di contingenza";"1331";"0";1089;0;397;662;15
"PIEMONTE";"VERCELLI";"RONSECCO";1;"Indennita' di contingenza";"622";"0";546;0;212;308;24
"PIEMONTE";"VERCELLI";"ROPPOLO";1;"Indennita' di contingenza";"620";"0";508;0;162;325;10
"PIEMONTE";"VERCELLI";"ROSAZZA";1;"Indennita' di contingenza";"136";"0";98;0;13;82;1
"PIEMONTE";"VERCELLI";"ROSSA";1;"Indennita' di contingenza";"177";"0";117;0;17;99;0
"PIEMONTE";"VERCELLI";"ROVASENDA";1;"Indennita' di contingenza";"864";"0";734;0;255;443;26
"PIEMONTE";"VERCELLI";"SABBIA";1;"Indennita' di contingenza";"145";"0";106;0;32;69;3
"PIEMONTE";"VERCELLI";"SAGLIANO MICCA";1;"Indennita' di contingenza";"1611";"0";1306;0;421;839;21
"PIEMONTE";"VERCELLI";"SALA BIELLESE";1;"Indennita' di contingenza";"532";"0";440;0;267;162;6
"PIEMONTE";"VERCELLI";"SALASCO";1;"Indennita' di contingenza";"204";"0";177;0;113;58;5
"PIEMONTE";"VERCELLI";"SALI VERCELLESE";1;"Indennita' di contingenza";"152";"0";141;0;52;88;1
"PIEMONTE";"VERCELLI";"SALUGGIA";1;"Indennita' di contingenza";"3239";"0";2672;0;1140;1394;71
"PIEMONTE";"VERCELLI";"SALUSSOLA";1;"Indennita' di contingenza";"1706";"0";1429;0;560;795;38
"PIEMONTE";"VERCELLI";"SANDIGLIANO";1;"Indennita' di contingenza";"2157";"0";1873;0;687;1088;48
"PIEMONTE";"VERCELLI";"SAN GERMANO VERCELLESE";1;"Indennita' di contingenza";"1711";"0";1499;0;773;683;26
"PIEMONTE";"VERCELLI";"SAN GIACOMO VERCELLESE";1;"Indennita' di contingenza";"383";"0";327;0;116;198;13
"PIEMONTE";"VERCELLI";"SAN PAOLO CERVO";1;"Indennita' di contingenza";"190";"0";120;0;35;84;1
"PIEMONTE";"VERCELLI";"SANTHIA'";1;"Indennita' di contingenza";"7426";"0";6423;0;3135;3079;118
"PIEMONTE";"VERCELLI";"SCOPA";1;"Indennita' di contingenza";"303";"0";234;0;58;157;14
"PIEMONTE";"VERCELLI";"SCOPELLO";1;"Indennita' di contingenza";"375";"0";261;0;69;175;11
"PIEMONTE";"VERCELLI";"SELVE MARCONE";1;"Indennita' di contingenza";"85";"0";76;0;26;49;1
"PIEMONTE";"VERCELLI";"SERRAVALLE SESIA";1;"Indennita' di contingenza";"4247";"0";3498;0;1581;1792;65
"PIEMONTE";"VERCELLI";"SOPRANA";1;"Indennita' di contingenza";"833";"0";695;0;388;278;16
"PIEMONTE";"VERCELLI";"SORDEVOLO";1;"Indennita' di contingenza";"1125";"0";898;0;264;593;27
"PIEMONTE";"VERCELLI";"SOSTEGNO";1;"Indennita' di contingenza";"665";"0";473;0;129;328;11
"PIEMONTE";"VERCELLI";"STRONA";1;"Indennita' di contingenza";"1085";"0";926;0;393;494;16
"PIEMONTE";"VERCELLI";"STROPPIANA";1;"Indennita' di contingenza";"1064";"0";922;0;420;467;30
"PIEMONTE";"VERCELLI";"TAVIGLIANO";1;"Indennita' di contingenza";"726";"0";574;0;186;353;14
"PIEMONTE";"VERCELLI";"TERNENGO";1;"Indennita' di contingenza";"235";"0";206;0;100;97;6
"PIEMONTE";"VERCELLI";"TOLLEGNO";1;"Indennita' di contingenza";"2481";"0";2140;0;915;1156;32
"PIEMONTE";"VERCELLI";"TORRAZZO";1;"Indennita' di contingenza";"240";"0";154;0;41;105;1
"PIEMONTE";"VERCELLI";"TRICERRO";1;"Indennita' di contingenza";"588";"0";522;0;201;298;17
"PIEMONTE";"VERCELLI";"TRINO";1;"Indennita' di contingenza";"7252";"0";6543;0;3098;3146;146
"PIEMONTE";"VERCELLI";"TRIVERO";1;"Indennita' di contingenza";"6498";"0";5284;0;2321;2763;106
"PIEMONTE";"VERCELLI";"TRONZANO VERCELLESE";1;"Indennita' di contingenza";"2976";"0";2596;0;1094;1387;69
"PIEMONTE";"VERCELLI";"VALDENGO";1;"Indennita' di contingenza";"1915";"0";1643;0;611;970;33
"PIEMONTE";"VERCELLI";"VALDUGGIA";1;"Indennita' di contingenza";"1984";"0";1585;0;524;1009;30
"PIEMONTE";"VERCELLI";"VALLANZENGO";1;"Indennita' di contingenza";"231";"0";198;0;77;107;9
"PIEMONTE";"VERCELLI";"VALLE MOSSO";1;"Indennita' di contingenza";"3859";"0";3239;0;1419;1689;76
"PIEMONTE";"VERCELLI";"VALLE SAN NICOLAO";1;"Indennita' di contingenza";"1056";"0";846;0;401;424;9
"PIEMONTE";"VERCELLI";"VARALLO";1;"Indennita' di contingenza";"6659";"0";5298;0;1610;3476;105
"PIEMONTE";"VERCELLI";"VEGLIO";1;"Indennita' di contingenza";"583";"0";467;0;196;254;12
"PIEMONTE";"VERCELLI";"VERCELLI";1;"Indennita' di contingenza";"43593";"0";36773;0;15032;20794;436
"PIEMONTE";"VERCELLI";"VERRONE";1;"Indennita' di contingenza";"825";"0";713;0;270;421;11
"PIEMONTE";"VERCELLI";"VIGLIANO BIELLESE";1;"Indennita' di contingenza";"6969";"0";5900;0;2491;3248;81
"PIEMONTE";"VERCELLI";"VILLA DEL BOSCO";1;"Indennita' di contingenza";"364";"0";240;0;63;166;6
"PIEMONTE";"VERCELLI";"VILLANOVA BIELLESE";1;"Indennita' di contingenza";"157";"0";130;0;40;78;10
"PIEMONTE";"VERCELLI";"VILLARBOIT";1;"Indennita' di contingenza";"525";"0";468;0;203;254;8
"PIEMONTE";"VERCELLI";"VILLATA";1;"Indennita' di contingenza";"1408";"0";1244;0;460;705;48
"PIEMONTE";"VERCELLI";"VIVERONE";1;"Indennita' di contingenza";"1224";"0";962;0;293;616;22
"PIEMONTE";"VERCELLI";"VOCCA";1;"Indennita' di contingenza";"146";"0";119;0;44;67;4
"PIEMONTE";"VERCELLI";"ZIMONE";1;"Indennita' di contingenza";"368";"0";305;0;90;199;12
"PIEMONTE";"VERCELLI";"ZUBIENA";1;"Indennita' di contingenza";"918";"0";743;0;314;396;13
"PIEMONTE";"VERCELLI";"ZUMAGLIA";1;"Indennita' di contingenza";"812";"0";701;0;288;381;18
"VALLE D'AOSTA";"AOSTA";"ALLEIN";1;"Indennita' di contingenza";"244";"0";154;0;50;88;11
"VALLE D'AOSTA";"AOSTA";"ANTEY-SAINT-ANDRE'";1;"Indennita' di contingenza";"432";"0";329;0;120;183;21
"VALLE D'AOSTA";"AOSTA";"AOSTA";1;"Indennita' di contingenza";"30539";"0";23557;0;10682;12082;407
"VALLE D'AOSTA";"AOSTA";"ARNAD";1;"Indennita' di contingenza";"1017";"0";760;0;314;370;58
"VALLE D'AOSTA";"AOSTA";"ARVIER";1;"Indennita' di contingenza";"604";"0";444;0;132;289;18
"VALLE D'AOSTA";"AOSTA";"AVISE";1;"Indennita' di contingenza";"250";"0";179;0;39;122;10
"VALLE D'AOSTA";"AOSTA";"AYAS";1;"Indennita' di contingenza";"994";"0";666;0;130;470;41
"VALLE D'AOSTA";"AOSTA";"AYMAVILLES";1;"Indennita' di contingenza";"1127";"0";830;0;356;416;49
"VALLE D'AOSTA";"AOSTA";"BARD";1;"Indennita' di contingenza";"122";"0";106;0;28;76;2
"VALLE D'AOSTA";"AOSTA";"BIONAZ";1;"Indennita' di contingenza";"207";"0";150;0;41;90;16
"VALLE D'AOSTA";"AOSTA";"BRISSOGNE";1;"Indennita' di contingenza";"421";"0";333;0;180;137;12
"VALLE D'AOSTA";"AOSTA";"BRUSSON";1;"Indennita' di contingenza";"792";"0";506;0;138;327;22
"VALLE D'AOSTA";"AOSTA";"CHALLAND-SAINT-ANSELME";1;"Indennita' di contingenza";"580";"0";485;0;119;320;39
"VALLE D'AOSTA";"AOSTA";"CHALLAND-SAINT-VICTOR";1;"Indennita' di contingenza";"466";"0";334;0;97;193;33
"VALLE D'AOSTA";"AOSTA";"CHAMBAVE";1;"Indennita' di contingenza";"724";"0";578;0;264;249;53
"VALLE D'AOSTA";"AOSTA";"CHAMOIS";1;"Indennita' di contingenza";"102";"0";82;0;23;52;2
"VALLE D'AOSTA";"AOSTA";"CHAMPDEPRAZ";1;"Indennita' di contingenza";"515";"0";415;0;254;136;18
"VALLE D'AOSTA";"AOSTA";"CHAMPORCHER";1;"Indennita' di contingenza";"373";"0";252;0;88;143;15
"VALLE D'AOSTA";"AOSTA";"CHARVENSOD";1;"Indennita' di contingenza";"1443";"0";1113;0;503;537;46
"VALLE D'AOSTA";"AOSTA";"CHATILLON";1;"Indennita' di contingenza";"3666";"0";2832;0;1171;1457;130
"VALLE D'AOSTA";"AOSTA";"COGNE";1;"Indennita' di contingenza";"1272";"0";958;0;390;490;60
"VALLE D'AOSTA";"AOSTA";"COURMAYEUR";1;"Indennita' di contingenza";"2173";"0";1436;0;265;1111;33
"VALLE D'AOSTA";"AOSTA";"DONNAS";1;"Indennita' di contingenza";"2013";"0";1524;0;705;706;63
"VALLE D'AOSTA";"AOSTA";"DOUES";1;"Indennita' di contingenza";"355";"0";207;0;42;154;9
"VALLE D'AOSTA";"AOSTA";"EMARESE";1;"Indennita' di contingenza";"161";"0";123;0;44;67;7
"VALLE D'AOSTA";"AOSTA";"ETROUBLES";1;"Indennita' di contingenza";"334";"0";202;0;62;112;21
"VALLE D'AOSTA";"AOSTA";"FENIS";1;"Indennita' di contingenza";"1188";"0";904;0;416;362;82
"VALLE D'AOSTA";"AOSTA";"FONTAINEMORE";1;"Indennita' di contingenza";"383";"0";233;0;101;113;8
"VALLE D'AOSTA";"AOSTA";"GABY";1;"Indennita' di contingenza";"451";"0";350;0;141;178;24
"VALLE D'AOSTA";"AOSTA";"GIGNOD";1;"Indennita' di contingenza";"726";"0";511;0;202;258;35
"VALLE D'AOSTA";"AOSTA";"GRESSAN";1;"Indennita' di contingenza";"1593";"0";1246;0;601;568;60
"VALLE D'AOSTA";"AOSTA";"GRESSONEY-LA-TRINITE'";1;"Indennita' di contingenza";"203";"0";159;0;67;78;11
"VALLE D'AOSTA";"AOSTA";"GRESSONEY-SAINT-JEAN";1;"Indennita' di contingenza";"624";"0";401;0;112;255;22
"VALLE D'AOSTA";"AOSTA";"HONE";1;"Indennita' di contingenza";"862";"0";674;0;282;334;42
"VALLE D'AOSTA";"AOSTA";"INTROD";1;"Indennita' di contingenza";"383";"0";329;0;92;194;19
"VALLE D'AOSTA";"AOSTA";"ISSIME";1;"Indennita' di contingenza";"316";"0";250;0;80;151;13
"VALLE D'AOSTA";"AOSTA";"ISSOGNE";1;"Indennita' di contingenza";"1113";"0";954;0;560;307;61
"VALLE D'AOSTA";"AOSTA";"JOVENCAN";1;"Indennita' di contingenza";"361";"0";245;0;86;140;15
"VALLE D'AOSTA";"AOSTA";"LA MAGDELEINE";1;"Indennita' di contingenza";"81";"0";55;0;22;30;3
"VALLE D'AOSTA";"AOSTA";"LA SALLE";1;"Indennita' di contingenza";"1171";"0";811;0;287;468;46
"VALLE D'AOSTA";"AOSTA";"LA THUILE";1;"Indennita' di contingenza";"603";"0";417;0;121;276;15
"VALLE D'AOSTA";"AOSTA";"LILLIANES";1;"Indennita' di contingenza";"383";"0";259;0;87;135;23
"VALLE D'AOSTA";"AOSTA";"MONTJOVET";1;"Indennita' di contingenza";"1037";"0";782;0;342;380;44
"VALLE D'AOSTA";"AOSTA";"MORGEX";1;"Indennita' di contingenza";"1343";"0";949;0;392;505;35
"VALLE D'AOSTA";"AOSTA";"NUS";1;"Indennita' di contingenza";"1716";"0";1180;0;489;610;64
"VALLE D'AOSTA";"AOSTA";"OLLOMONT";1;"Indennita' di contingenza";"124";"0";86;0;31;42;10
"VALLE D'AOSTA";"AOSTA";"OYACE";1;"Indennita' di contingenza";"148";"0";126;0;53;56;9
"VALLE D'AOSTA";"AOSTA";"PERLOZ";1;"Indennita' di contingenza";"345";"0";227;0;103;89;17
"VALLE D'AOSTA";"AOSTA";"POLLEIN";1;"Indennita' di contingenza";"695";"0";507;0;248;229;21
"VALLE D'AOSTA";"AOSTA";"PONTBOSET";1;"Indennita' di contingenza";"231";"0";159;0;46;108;5
"VALLE D'AOSTA";"AOSTA";"PONTEY";1;"Indennita' di contingenza";"410";"0";351;0;141;171;29
"VALLE D'AOSTA";"AOSTA";"PONT-SAINT-MARTIN";1;"Indennita' di contingenza";"3082";"0";2397;0;1001;1275;73
"VALLE D'AOSTA";"AOSTA";"PRE'-SAINT-DIDIER";1;"Indennita' di contingenza";"709";"0";505;0;143;340;18
"VALLE D'AOSTA";"AOSTA";"QUART";1;"Indennita' di contingenza";"1855";"0";1302;0;549;675;57
"VALLE D'AOSTA";"AOSTA";"RHEMES-NOTRE-DAME";1;"Indennita' di contingenza";"70";"0";53;0;19;30;3
"VALLE D'AOSTA";"AOSTA";"RHEMES-SAINT-GEORGES";1;"Indennita' di contingenza";"172";"0";122;0;45;57;19
"VALLE D'AOSTA";"AOSTA";"ROISAN";1;"Indennita' di contingenza";"377";"0";285;0;108;150;22
"VALLE D'AOSTA";"AOSTA";"SAINT-CHRISTOPHE";1;"Indennita' di contingenza";"1865";"0";1415;0;602;704;68
"VALLE D'AOSTA";"AOSTA";"SAINT-DENIS";1;"Indennita' di contingenza";"284";"0";202;0;87;82;24
"VALLE D'AOSTA";"AOSTA";"SAINT-MARCEL";1;"Indennita' di contingenza";"763";"0";604;0;337;242;22
"VALLE D'AOSTA";"AOSTA";"SAINT-NICOLAS";1;"Indennita' di contingenza";"219";"0";140;0;44;78;11
"VALLE D'AOSTA";"AOSTA";"SAINT-OYEN";1;"Indennita' di contingenza";"143";"0";116;0;25;75;13
"VALLE D'AOSTA";"AOSTA";"SAINT-PIERRE";1;"Indennita' di contingenza";"1486";"0";981;0;361;549;50
"VALLE D'AOSTA";"AOSTA";"SAINT-RHEMY";1;"Indennita' di contingenza";"409";"0";268;0;85;168;10
"VALLE D'AOSTA";"AOSTA";"SAINT-VINCENT";1;"Indennita' di contingenza";"3793";"0";2853;0;1057;1573;123
"VALLE D'AOSTA";"AOSTA";"SARRE";1;"Indennita' di contingenza";"2562";"0";1960;0;836;1024;57
"VALLE D'AOSTA";"AOSTA";"TORGNON";1;"Indennita' di contingenza";"369";"0";263;0;58;176;24
"VALLE D'AOSTA";"AOSTA";"VALGRISENCHE";1;"Indennita' di contingenza";"178";"0";141;0;22;107;10
"VALLE D'AOSTA";"AOSTA";"VALPELLINE";1;"Indennita' di contingenza";"449";"0";318;0;127;161;26
"VALLE D'AOSTA";"AOSTA";"VALSAVARENCHE";1;"Indennita' di contingenza";"174";"0";127;0;34;66;21
"VALLE D'AOSTA";"AOSTA";"VALTOURNENCHE";1;"Indennita' di contingenza";"1654";"0";1060;0;231;729;58
"VALLE D'AOSTA";"AOSTA";"VERRAYES";1;"Indennita' di contingenza";"945";"0";669;0;284;319;49
"VALLE D'AOSTA";"AOSTA";"VERRES";1;"Indennita' di contingenza";"2202";"0";1750;0;749;911;55
"VALLE D'AOSTA";"AOSTA";"VILLENEUVE";1;"Indennita' di contingenza";"772";"0";598;0;203;336;46
"LOMBARDIA";"BERGAMO";"ADRARA SAN MARTINO";1;"Indennita' di contingenza";"1247";"0";960;0;157;779;14
"LOMBARDIA";"BERGAMO";"ADRARA SAN ROCCO";1;"Indennita' di contingenza";"528";"0";420;0;56;353;8
"LOMBARDIA";"BERGAMO";"ALBANO SANT'ALESSANDRO";1;"Indennita' di contingenza";"3865";"0";3525;0;924;2495;50
"LOMBARDIA";"BERGAMO";"ALBINO";1;"Indennita' di contingenza";"12532";"0";10406;0;2127;7995;164
"LOMBARDIA";"BERGAMO";"ALGUA";1;"Indennita' di contingenza";"582";"0";487;0;70;402;10
"LOMBARDIA";"BERGAMO";"ALME'";1;"Indennita' di contingenza";"3893";"0";3471;0;765;2602;62
"LOMBARDIA";"BERGAMO";"ALMENNO SAN BARTOLOMEO";1;"Indennita' di contingenza";"2862";"0";2441;0;708;1648;49
"LOMBARDIA";"BERGAMO";"ALMENNO SAN SALVATORE";1;"Indennita' di contingenza";"4011";"0";3472;0;827;2545;51
"LOMBARDIA";"BERGAMO";"ALZANO LOMBARDO";1;"Indennita' di contingenza";"9166";"0";7956;0;1774;5993;109
"LOMBARDIA";"BERGAMO";"AMBIVERE";1;"Indennita' di contingenza";"1439";"0";1335;0;445;856;17
"LOMBARDIA";"BERGAMO";"ANTEGNATE";1;"Indennita' di contingenza";"1570";"0";1437;0;566;808;43
"LOMBARDIA";"BERGAMO";"ARCENE";1;"Indennita' di contingenza";"2828";"0";2528;0;800;1650;41
"LOMBARDIA";"BERGAMO";"ARDESIO";1;"Indennita' di contingenza";"2736";"0";2296;0;333;1874;54
"LOMBARDIA";"BERGAMO";"ARZAGO D'ADDA";1;"Indennita' di contingenza";"1193";"0";1085;0;395;654;30
"LOMBARDIA";"BERGAMO";"AVERARA";1;"Indennita' di contingenza";"291";"0";228;0;63;155;2
"LOMBARDIA";"BERGAMO";"AVIATICO";1;"Indennita' di contingenza";"390";"0";337;0;31;301;4
"LOMBARDIA";"BERGAMO";"AZZANO SAN PAOLO";1;"Indennita' di contingenza";"4054";"0";3678;0;892;2681;57
"LOMBARDIA";"BERGAMO";"AZZONE";1;"Indennita' di contingenza";"465";"0";355;0;66;273;6
"LOMBARDIA";"BERGAMO";"BAGNATICA";1;"Indennita' di contingenza";"1951";"0";1791;0;442;1311;15
"LOMBARDIA";"BERGAMO";"BARBATA";1;"Indennita' di contingenza";"381";"0";357;0;118;216;7
"LOMBARDIA";"BERGAMO";"BARIANO";1;"Indennita' di contingenza";"2653";"0";2399;0;991;1298;57
"LOMBARDIA";"BERGAMO";"BARZANA";1;"Indennita' di contingenza";"746";"0";664;0;215;422;14
"LOMBARDIA";"BERGAMO";"BEDULITA";1;"Indennita' di contingenza";"457";"0";323;0;71;240;6
"LOMBARDIA";"BERGAMO";"BERBENNO";1;"Indennita' di contingenza";"1830";"0";1307;0;226;1040;23
"LOMBARDIA";"BERGAMO";"BERGAMO";1;"Indennita' di contingenza";"97971";"0";85839;0;20809;62890;1011
"LOMBARDIA";"BERGAMO";"BERZO SAN FERMO";1;"Indennita' di contingenza";"788";"0";658;0;144;492;14
"LOMBARDIA";"BERGAMO";"BIANZANO";1;"Indennita' di contingenza";"416";"0";347;0;112;221;7
"LOMBARDIA";"BERGAMO";"BLELLO";1;"Indennita' di contingenza";"103";"0";60;0;9;46;3
"LOMBARDIA";"BERGAMO";"BOLGARE";1;"Indennita' di contingenza";"2463";"0";2312;0;470;1759;41
"LOMBARDIA";"BERGAMO";"BOLTIERE";1;"Indennita' di contingenza";"2401";"0";2160;0;831;1281;26
"LOMBARDIA";"BERGAMO";"BONATE SOPRA";1;"Indennita' di contingenza";"3678";"0";3394;0;855;2449;45
"LOMBARDIA";"BERGAMO";"BONATE SOTTO";1;"Indennita' di contingenza";"3681";"0";3353;0;1035;2196;62
"LOMBARDIA";"BERGAMO";"BORGO DI TERZO";1;"Indennita' di contingenza";"591";"0";477;0;138;329;7
"LOMBARDIA";"BERGAMO";"BOSSICO";1;"Indennita' di contingenza";"814";"0";641;0;90;519;18
"LOMBARDIA";"BERGAMO";"BOTTANUCO";1;"Indennita' di contingenza";"2597";"0";2421;0;690;1655;37
"LOMBARDIA";"BERGAMO";"BRACCA";1;"Indennita' di contingenza";"551";"0";465;0;135;316;9
"LOMBARDIA";"BERGAMO";"BRANZI";1;"Indennita' di contingenza";"682";"0";588;0;120;451;11
"LOMBARDIA";"BERGAMO";"BREMBATE";1;"Indennita' di contingenza";"4537";"0";4160;0;1335;2729;53
"LOMBARDIA";"BERGAMO";"BREMBATE DI SOPRA";1;"Indennita' di contingenza";"4251";"0";3849;0;1059;2683;59
"LOMBARDIA";"BERGAMO";"BREMBILLA";1;"Indennita' di contingenza";"3265";"0";2483;0;482;1928;40
"LOMBARDIA";"BERGAMO";"BRIGNANO GERA D'ADDA";1;"Indennita' di contingenza";"3344";"0";2968;0;1073;1786;66
"LOMBARDIA";"BERGAMO";"BRUMANO";1;"Indennita' di contingenza";"80";"0";57;0;4;52;0
"LOMBARDIA";"BERGAMO";"BRUSAPORTO";1;"Indennita' di contingenza";"1822";"0";1656;0;310;1291;28
"LOMBARDIA";"BERGAMO";"CALCINATE";1;"Indennita' di contingenza";"2654";"0";2537;0;528;1939;44
"LOMBARDIA";"BERGAMO";"CALCIO";1;"Indennita' di contingenza";"3431";"0";3115;0;1025;1999;54
"LOMBARDIA";"BERGAMO";"CALOLZIOCORTE";1;"Indennita' di contingenza";"10904";"0";9295;0;2981;6024;124
"LOMBARDIA";"BERGAMO";"CALUSCO D'ADDA";1;"Indennita' di contingenza";"5713";"0";5172;0;1716;3327;66
"LOMBARDIA";"BERGAMO";"CALVENZANO";1;"Indennita' di contingenza";"2147";"0";1975;0;695;1232;33
"LOMBARDIA";"BERGAMO";"CAMERATA CORNELLO";1;"Indennita' di contingenza";"449";"0";348;0;91;242;14
"LOMBARDIA";"BERGAMO";"CANONICA D'ADDA";1;"Indennita' di contingenza";"2637";"0";2421;0;781;1583;32
"LOMBARDIA";"BERGAMO";"CAPIZZONE";1;"Indennita' di contingenza";"830";"0";597;0;87;486;12
"LOMBARDIA";"BERGAMO";"CAPRIATE SAN GERVASIO";1;"Indennita' di contingenza";"5143";"0";4667;0;1579;2964;57
"LOMBARDIA";"BERGAMO";"CAPRINO BERGAMASCO";1;"Indennita' di contingenza";"1924";"0";1659;0;490;1109;28
"LOMBARDIA";"BERGAMO";"CARAVAGGIO";1;"Indennita' di contingenza";"10694";"0";9699;0;3473;5904;176
"LOMBARDIA";"BERGAMO";"CARENNO";1;"Indennita' di contingenza";"1038";"0";875;0;269;557;29
"LOMBARDIA";"BERGAMO";"CAROBBIO DEGLI ANGELI";1;"Indennita' di contingenza";"2098";"0";1906;0;366;1491;29
"LOMBARDIA";"BERGAMO";"CARONA";1;"Indennita' di contingenza";"376";"0";345;0;33;306;5
"LOMBARDIA";"BERGAMO";"CARVICO";1;"Indennita' di contingenza";"2766";"0";2482;0;818;1598;34
"LOMBARDIA";"BERGAMO";"CASAZZA";1;"Indennita' di contingenza";"2413";"0";2050;0;486;1499;39
"LOMBARDIA";"BERGAMO";"CASIRATE D'ADDA";1;"Indennita' di contingenza";"2048";"0";1872;0;674;1151;27
"LOMBARDIA";"BERGAMO";"CASNIGO";1;"Indennita' di contingenza";"2649";"0";2258;0;670;1483;73
"LOMBARDIA";"BERGAMO";"CASSIGLIO";1;"Indennita' di contingenza";"121";"0";99;0;27;62;5
"LOMBARDIA";"BERGAMO";"CASTELLI CALEPIO";1;"Indennita' di contingenza";"5823";"0";5418;0;1602;3646;91
"LOMBARDIA";"BERGAMO";"CASTEL ROZZONE";1;"Indennita' di contingenza";"1568";"0";1422;0;516;868;21
"LOMBARDIA";"BERGAMO";"CASTIONE DELLA PRESOLANA";1;"Indennita' di contingenza";"2360";"0";1791;0;245;1462;41
"LOMBARDIA";"BERGAMO";"CASTRO";1;"Indennita' di contingenza";"1252";"0";1038;0;496;508;20
"LOMBARDIA";"BERGAMO";"CAVERNAGO";1;"Indennita' di contingenza";"782";"0";711;0;127;570;6
"LOMBARDIA";"BERGAMO";"CAZZANO SANT'ANDREA";1;"Indennita' di contingenza";"829";"0";685;0;128;528;19
"LOMBARDIA";"BERGAMO";"CENATE SOPRA";1;"Indennita' di contingenza";"1150";"0";918;0;220;666;14
"LOMBARDIA";"BERGAMO";"CENATE SOTTO";1;"Indennita' di contingenza";"1476";"0";1343;0;241;1065;21
"LOMBARDIA";"BERGAMO";"CENE";1;"Indennita' di contingenza";"2662";"0";2230;0;547;1582;79
"LOMBARDIA";"BERGAMO";"CERETE";1;"Indennita' di contingenza";"952";"0";707;0;205;478;15
"LOMBARDIA";"BERGAMO";"CHIGNOLO D'ISOLA";1;"Indennita' di contingenza";"1461";"0";1332;0;334;963;14
"LOMBARDIA";"BERGAMO";"CHIUDUNO";1;"Indennita' di contingenza";"3268";"0";3020;0;901;2049;47
"LOMBARDIA";"BERGAMO";"CISANO BERGAMASCO";1;"Indennita' di contingenza";"4020";"0";3624;0;927;2599;52
"LOMBARDIA";"BERGAMO";"CISERANO";1;"Indennita' di contingenza";"3056";"0";2759;0;1038;1611;50
"LOMBARDIA";"BERGAMO";"CIVIDATE AL PIANO";1;"Indennita' di contingenza";"3441";"0";3131;0;1112;1934;43
"LOMBARDIA";"BERGAMO";"CLUSONE";1;"Indennita' di contingenza";"6462";"0";5147;0;912;4107;79
"LOMBARDIA";"BERGAMO";"COLERE";1;"Indennita' di contingenza";"854";"0";680;0;225;425;19
"LOMBARDIA";"BERGAMO";"COLOGNO AL SERIO";1;"Indennita' di contingenza";"5888";"0";5409;0;1359;3870;76
"LOMBARDIA";"BERGAMO";"COLZATE";1;"Indennita' di contingenza";"1276";"0";1065;0;292;750;15
"LOMBARDIA";"BERGAMO";"COMUN NUOVO";1;"Indennita' di contingenza";"1828";"0";1675;0;377;1242;34
"LOMBARDIA";"BERGAMO";"CORNA IMAGNA";1;"Indennita' di contingenza";"549";"0";348;0;54;277;8
"LOMBARDIA";"BERGAMO";"CORNALBA";1;"Indennita' di contingenza";"253";"0";206;0;32;169;3
"LOMBARDIA";"BERGAMO";"CORTENUOVA";1;"Indennita' di contingenza";"926";"0";880;0;343;512;15
"LOMBARDIA";"BERGAMO";"COSTA DI MEZZATE";1;"Indennita' di contingenza";"1395";"0";1271;0;422;814;20
"LOMBARDIA";"BERGAMO";"COSTA SERINA";1;"Indennita' di contingenza";"743";"0";595;0;73;504;13
"LOMBARDIA";"BERGAMO";"COSTA VALLE IMAGNA";1;"Indennita' di contingenza";"556";"0";482;0;85;384;7
"LOMBARDIA";"BERGAMO";"COSTA VOLPINO";1;"Indennita' di contingenza";"6381";"0";5488;0;2057;3246;89
"LOMBARDIA";"BERGAMO";"COVO";1;"Indennita' di contingenza";"2071";"0";1925;0;656;1192;45
"LOMBARDIA";"BERGAMO";"CREDARO";1;"Indennita' di contingenza";"1483";"0";1311;0;384;884;28
"LOMBARDIA";"BERGAMO";"CURNO";1;"Indennita' di contingenza";"4879";"0";4369;0;1192;3080;45
"LOMBARDIA";"BERGAMO";"CUSIO";1;"Indennita' di contingenza";"376";"0";263;0;51;196;7
"LOMBARDIA";"BERGAMO";"DALMINE";1;"Indennita' di contingenza";"13057";"0";11848;0;3672;7874;159
"LOMBARDIA";"BERGAMO";"DOSSENA";1;"Indennita' di contingenza";"718";"0";531;0;152;358;13
"LOMBARDIA";"BERGAMO";"ENDINE GAIANO";1;"Indennita' di contingenza";"2255";"0";1783;0;515;1223;24
"LOMBARDIA";"BERGAMO";"ENTRATICO";1;"Indennita' di contingenza";"955";"0";856;0;290;534;22
"LOMBARDIA";"BERGAMO";"ERVE";1;"Indennita' di contingenza";"544";"0";471;0;181;267;15
"LOMBARDIA";"BERGAMO";"FARA GERA D'ADDA";1;"Indennita' di contingenza";"3913";"0";3527;0;1148;2292;39
"LOMBARDIA";"BERGAMO";"FARA OLIVANA CON SOLA";1;"Indennita' di contingenza";"652";"0";619;0;182;403;16
"LOMBARDIA";"BERGAMO";"FILAGO";1;"Indennita' di contingenza";"1635";"0";1505;0;337;1130;18
"LOMBARDIA";"BERGAMO";"FINO DEL MONTE";1;"Indennita' di contingenza";"812";"0";580;0;94;480;3
"LOMBARDIA";"BERGAMO";"FIORANO AL SERIO";1;"Indennita' di contingenza";"1939";"0";1646;0;380;1231;26
"LOMBARDIA";"BERGAMO";"FONTANELLA";1;"Indennita' di contingenza";"2475";"0";2305;0;717;1488;70
"LOMBARDIA";"BERGAMO";"FONTENO";1;"Indennita' di contingenza";"603";"0";451;0;137;296;10
"LOMBARDIA";"BERGAMO";"FOPPOLO";1;"Indennita' di contingenza";"155";"0";117;0;23;83;7
"LOMBARDIA";"BERGAMO";"FORESTO SPARSO";1;"Indennita' di contingenza";"1758";"0";1476;0;271;1177;18
"LOMBARDIA";"BERGAMO";"FORNOVO SAN GIOVANNI";1;"Indennita' di contingenza";"1538";"0";1390;0;513;815;30
"LOMBARDIA";"BERGAMO";"FUIPIANO VALLE IMAGNA";1;"Indennita' di contingenza";"211";"0";139;0;13;120;2
"LOMBARDIA";"BERGAMO";"GANDELLINO";1;"Indennita' di contingenza";"885";"0";690;0;111;562;13
"LOMBARDIA";"BERGAMO";"GANDINO";1;"Indennita' di contingenza";"4523";"0";3870;0;715;3009;62
"LOMBARDIA";"BERGAMO";"GANDOSSO";1;"Indennita' di contingenza";"772";"0";691;0;324;352;6
"LOMBARDIA";"BERGAMO";"GAVERINA TERME";1;"Indennita' di contingenza";"719";"0";589;0;117;460;7
"LOMBARDIA";"BERGAMO";"GAZZANIGA";1;"Indennita' di contingenza";"4093";"0";3578;0;599;2879;59
"LOMBARDIA";"BERGAMO";"GEROSA";1;"Indennita' di contingenza";"398";"0";221;0;34;175;8
"LOMBARDIA";"BERGAMO";"GHISALBA";1;"Indennita' di contingenza";"2649";"0";2423;0;651;1693;40
"LOMBARDIA";"BERGAMO";"GORLAGO";1;"Indennita' di contingenza";"2880";"0";2559;0;619;1861;47
"LOMBARDIA";"BERGAMO";"GORLE";1;"Indennita' di contingenza";"2797";"0";2497;0;457;1990;32
"LOMBARDIA";"BERGAMO";"GORNO";1;"Indennita' di contingenza";"1517";"0";1215;0;289;873;40
"LOMBARDIA";"BERGAMO";"GRASSOBBIO";1;"Indennita' di contingenza";"2978";"0";2744;0;739;1920;85
"LOMBARDIA";"BERGAMO";"GROMO";1;"Indennita' di contingenza";"1080";"0";830;0;166;643;16
"LOMBARDIA";"BERGAMO";"GRONE";1;"Indennita' di contingenza";"560";"0";443;0;161;269;9
"LOMBARDIA";"BERGAMO";"GRUMELLO DEL MONTE";1;"Indennita' di contingenza";"4154";"0";3755;0;967;2697;66
"LOMBARDIA";"BERGAMO";"ISOLA DI FONDRA";1;"Indennita' di contingenza";"170";"0";136;0;38;91;3
"LOMBARDIA";"BERGAMO";"ISSO";1;"Indennita' di contingenza";"359";"0";327;0;84;231;6
"LOMBARDIA";"BERGAMO";"LALLIO";1;"Indennita' di contingenza";"1811";"0";1643;0;454;1149;19
"LOMBARDIA";"BERGAMO";"LEFFE";1;"Indennita' di contingenza";"3977";"0";3594;0;684;2791;65
"LOMBARDIA";"BERGAMO";"LENNA";1;"Indennita' di contingenza";"608";"0";495;0;162;322;6
"LOMBARDIA";"BERGAMO";"LEVATE";1;"Indennita' di contingenza";"2044";"0";1870;0;587;1235;27
"LOMBARDIA";"BERGAMO";"LOCATELLO";1;"Indennita' di contingenza";"594";"0";414;0;126;269;14
"LOMBARDIA";"BERGAMO";"LOVERE";1;"Indennita' di contingenza";"4983";"0";4252;0;1740;2409;66
"LOMBARDIA";"BERGAMO";"LURANO";1;"Indennita' di contingenza";"1103";"0";994;0;311;656;12
"LOMBARDIA";"BERGAMO";"LUZZANA";1;"Indennita' di contingenza";"475";"0";417;0;134;271;8
"LOMBARDIA";"BERGAMO";"MADONE";1;"Indennita' di contingenza";"1864";"0";1706;0;497;1167;25
"LOMBARDIA";"BERGAMO";"MAPELLO";1;"Indennita' di contingenza";"3459";"0";3177;0;1137;1961;42
"LOMBARDIA";"BERGAMO";"MARTINENGO";1;"Indennita' di contingenza";"5293";"0";4898;0;1104;3647;64
"LOMBARDIA";"BERGAMO";"MEDOLAGO";1;"Indennita' di contingenza";"978";"0";914;0;261;636;12
"LOMBARDIA";"BERGAMO";"MEZZOLDO";1;"Indennita' di contingenza";"262";"0";200;0;47;141;8
"LOMBARDIA";"BERGAMO";"MISANO DI GERA D'ADDA";1;"Indennita' di contingenza";"1526";"0";1378;0;408;923;36
"LOMBARDIA";"BERGAMO";"MOIO DE' CALVI";1;"Indennita' di contingenza";"163";"0";139;0;48;86;2
"LOMBARDIA";"BERGAMO";"MONASTEROLO DEL CASTELLO";1;"Indennita' di contingenza";"662";"0";576;0;151;409;7
"LOMBARDIA";"BERGAMO";"MONTELLO";1;"Indennita' di contingenza";"1502";"0";1356;0;347;961;25
"LOMBARDIA";"BERGAMO";"MONTE MARENZO";1;"Indennita' di contingenza";"900";"0";773;0;363;390;7
"LOMBARDIA";"BERGAMO";"MORENGO";1;"Indennita' di contingenza";"1293";"0";1224;0;544;625;31
"LOMBARDIA";"BERGAMO";"MORNICO AL SERIO";1;"Indennita' di contingenza";"1670";"0";1535;0;331;1168;24
"LOMBARDIA";"BERGAMO";"MOZZANICA";1;"Indennita' di contingenza";"2362";"0";2180;0;695;1391;49
"LOMBARDIA";"BERGAMO";"MOZZO";1;"Indennita' di contingenza";"4110";"0";3621;0;878;2655;46
"LOMBARDIA";"BERGAMO";"NEMBRO";1;"Indennita' di contingenza";"8480";"0";7584;0;1615;5761;107
"LOMBARDIA";"BERGAMO";"OLMO AL BREMBO";1;"Indennita' di contingenza";"437";"0";350;0;95;243;7
"LOMBARDIA";"BERGAMO";"OLTRE IL COLLE";1;"Indennita' di contingenza";"1047";"0";839;0;131;695;9
"LOMBARDIA";"BERGAMO";"OLTRESSENDA ALTA";1;"Indennita' di contingenza";"136";"0";120;0;15;104;0
"LOMBARDIA";"BERGAMO";"ONETA";1;"Indennita' di contingenza";"575";"0";481;0;96;367;10
"LOMBARDIA";"BERGAMO";"ONORE";1;"Indennita' di contingenza";"561";"0";383;0;61;293;21
"LOMBARDIA";"BERGAMO";"ORIO AL SERIO";1;"Indennita' di contingenza";"877";"0";852;0;196;627;17
"LOMBARDIA";"BERGAMO";"ORNICA";1;"Indennita' di contingenza";"278";"0";226;0;43;173;8
"LOMBARDIA";"BERGAMO";"OSIO SOPRA";1;"Indennita' di contingenza";"2543";"0";2314;0;697;1543;39
"LOMBARDIA";"BERGAMO";"OSIO SOTTO";1;"Indennita' di contingenza";"7015";"0";6409;0;2213;4015;108
"LOMBARDIA";"BERGAMO";"PAGAZZANO";1;"Indennita' di contingenza";"1215";"0";1133;0;387;710;20
"LOMBARDIA";"BERGAMO";"PALADINA";1;"Indennita' di contingenza";"2312";"0";2097;0;573;1461;34
"LOMBARDIA";"BERGAMO";"PALAZZAGO";1;"Indennita' di contingenza";"2181";"0";1939;0;462;1402;47
"LOMBARDIA";"BERGAMO";"PALOSCO";1;"Indennita' di contingenza";"3317";"0";3045;0;543;2432;23
"LOMBARDIA";"BERGAMO";"PARRE";1;"Indennita' di contingenza";"1824";"0";1515;0;209;1265;27
"LOMBARDIA";"BERGAMO";"PARZANICA";1;"Indennita' di contingenza";"450";"0";349;0;93;234;11
"LOMBARDIA";"BERGAMO";"PEDRENGO";1;"Indennita' di contingenza";"2609";"0";2411;0;546;1824;19
"LOMBARDIA";"BERGAMO";"PEIA";1;"Indennita' di contingenza";"1331";"0";1201;0;255;890;25
"LOMBARDIA";"BERGAMO";"PIANICO";1;"Indennita' di contingenza";"954";"0";831;0;238;570;17
"LOMBARDIA";"BERGAMO";"PIAZZA BREMBANA";1;"Indennita' di contingenza";"596";"0";562;0;126;414;16
"LOMBARDIA";"BERGAMO";"PIARIO";1;"Indennita' di contingenza";"797";"0";656;0;186;443;21
"LOMBARDIA";"BERGAMO";"PIAZZATORRE";1;"Indennita' di contingenza";"385";"0";314;0;42;268;4
"LOMBARDIA";"BERGAMO";"PIAZZOLO";1;"Indennita' di contingenza";"96";"0";81;0;11;69;1
"LOMBARDIA";"BERGAMO";"POGNANO";1;"Indennita' di contingenza";"812";"0";768;0;190;551;15
"LOMBARDIA";"BERGAMO";"PONTE NOSSA";1;"Indennita' di contingenza";"1803";"0";1522;0;352;1130;30
"LOMBARDIA";"BERGAMO";"PONTERANICA";1;"Indennita' di contingenza";"5217";"0";4592;0;1226;3221;77
"LOMBARDIA";"BERGAMO";"PONTE SAN PIETRO";1;"Indennita' di contingenza";"8136";"0";7486;0;2082;5234;94
"LOMBARDIA";"BERGAMO";"PONTIDA";1;"Indennita' di contingenza";"2044";"0";1809;0;415;1337;22
"LOMBARDIA";"BERGAMO";"PONTIROLO NUOVO";1;"Indennita' di contingenza";"2853";"0";2615;0;910;1598;60
"LOMBARDIA";"BERGAMO";"PRADALUNGA";1;"Indennita' di contingenza";"3037";"0";2693;0;596;2045;29
"LOMBARDIA";"BERGAMO";"PREDORE";1;"Indennita' di contingenza";"1260";"0";1115;0;234;854;14
"LOMBARDIA";"BERGAMO";"PREMOLO";1;"Indennita' di contingenza";"792";"0";656;0;115;531;5
"LOMBARDIA";"BERGAMO";"PRESEZZO";1;"Indennita' di contingenza";"2752";"0";2509;0;764;1696;27
"LOMBARDIA";"BERGAMO";"PUMENENGO";1;"Indennita' di contingenza";"1100";"0";994;0;263;686;24
"LOMBARDIA";"BERGAMO";"RANICA";1;"Indennita' di contingenza";"4133";"0";3673;0;771;2832;38
"LOMBARDIA";"BERGAMO";"RANZANICO";1;"Indennita' di contingenza";"607";"0";514;0;194;303;4
"LOMBARDIA";"BERGAMO";"RIVA DI SOLTO";1;"Indennita' di contingenza";"710";"0";602;0;166;415;16
"LOMBARDIA";"BERGAMO";"ROGNO";1;"Indennita' di contingenza";"2159";"0";1765;0;640;1041;49
"LOMBARDIA";"BERGAMO";"ROMANO DI LOMBARDIA";1;"Indennita' di contingenza";"11070";"0";10183;0;3606;6272;164
"LOMBARDIA";"BERGAMO";"RONCOBELLO";1;"Indennita' di contingenza";"434";"0";354;0;80;268;3
"LOMBARDIA";"BERGAMO";"RONCOLA";1;"Indennita' di contingenza";"482";"0";366;0;56;289;4
"LOMBARDIA";"BERGAMO";"ROTA D'IMAGNA";1;"Indennita' di contingenza";"664";"0";500;0;95;383;9
"LOMBARDIA";"BERGAMO";"ROVETTA";1;"Indennita' di contingenza";"2096";"0";1587;0;212;1341;17
"LOMBARDIA";"BERGAMO";"SAN GIOVANNI BIANCO";1;"Indennita' di contingenza";"3812";"0";3040;0;759;2179;51
"LOMBARDIA";"BERGAMO";"SAN PAOLO D'ARGON";1;"Indennita' di contingenza";"2208";"0";1975;0;458;1445;38
"LOMBARDIA";"BERGAMO";"SAN PELLEGRINO TERME";1;"Indennita' di contingenza";"4214";"0";3706;0;839;2759;67
"LOMBARDIA";"BERGAMO";"SANTA BRIGIDA";1;"Indennita' di contingenza";"607";"0";405;0;75;312;9
"LOMBARDIA";"BERGAMO";"SANT'OMOBONO IMAGNA";1;"Indennita' di contingenza";"2281";"0";1694;0;261;1381;33
"LOMBARDIA";"BERGAMO";"SARNICO";1;"Indennita' di contingenza";"4383";"0";3851;0;946;2799;63
"LOMBARDIA";"BERGAMO";"SCANZOROSCIATE";1;"Indennita' di contingenza";"5810";"0";5227;0;1382;3733;51
"LOMBARDIA";"BERGAMO";"SCHILPARIO";1;"Indennita' di contingenza";"1098";"0";971;0;199;732;16
"LOMBARDIA";"BERGAMO";"SEDRINA";1;"Indennita' di contingenza";"1848";"0";1577;0;388;1145;26
"LOMBARDIA";"BERGAMO";"SELVINO";1;"Indennita' di contingenza";"1347";"0";1189;0;147;1026;14
"LOMBARDIA";"BERGAMO";"SERIATE";1;"Indennita' di contingenza";"13908";"0";12659;0;3473;8848;176
"LOMBARDIA";"BERGAMO";"SERINA";1;"Indennita' di contingenza";"1623";"0";1289;0;233;1025;14
"LOMBARDIA";"BERGAMO";"SOLTO COLLINA";1;"Indennita' di contingenza";"1083";"0";842;0;242;582;12
"LOMBARDIA";"BERGAMO";"SOLZA";1;"Indennita' di contingenza";"818";"0";753;0;260;479;10
"LOMBARDIA";"BERGAMO";"SONGAVAZZO";1;"Indennita' di contingenza";"455";"0";369;0;81;284;2
"LOMBARDIA";"BERGAMO";"SORISOLE";1;"Indennita' di contingenza";"5614";"0";4915;0;1202;3545;92
"LOMBARDIA";"BERGAMO";"SOTTO IL MONTE GIOVANNI XXIII";1;"Indennita' di contingenza";"1763";"0";1566;0;471;1039;24
"LOMBARDIA";"BERGAMO";"SOVERE";1;"Indennita' di contingenza";"3622";"0";3058;0;1008;1937;63
"LOMBARDIA";"BERGAMO";"SPINONE AL LAGO";1;"Indennita' di contingenza";"552";"0";467;0;131;318;6
"LOMBARDIA";"BERGAMO";"SPIRANO";1;"Indennita' di contingenza";"2881";"0";2698;0;736;1882;42
"LOMBARDIA";"BERGAMO";"STEZZANO";1;"Indennita' di contingenza";"5875";"0";5287;0;1512;3588;86
"LOMBARDIA";"BERGAMO";"STROZZA";1;"Indennita' di contingenza";"656";"0";536;0;118;404;10
"LOMBARDIA";"BERGAMO";"SUISIO";1;"Indennita' di contingenza";"2077";"0";1889;0;806;1012;32
"LOMBARDIA";"BERGAMO";"TALEGGIO";1;"Indennita' di contingenza";"638";"0";495;0;65;412;9
"LOMBARDIA";"BERGAMO";"TAVERNOLA BERGAMASCA";1;"Indennita' di contingenza";"1767";"0";1607;0;292;1267;36
"LOMBARDIA";"BERGAMO";"TELGATE";1;"Indennita' di contingenza";"2421";"0";2250;0;522;1672;29
"LOMBARDIA";"BERGAMO";"TERNO D'ISOLA";1;"Indennita' di contingenza";"2408";"0";2198;0;779;1359;27
"LOMBARDIA";"BERGAMO";"TORRE BOLDONE";1;"Indennita' di contingenza";"5463";"0";4805;0;1196;3507;56
"LOMBARDIA";"BERGAMO";"TORRE DE' BUSI";1;"Indennita' di contingenza";"1200";"0";1024;0;246;740;23
"LOMBARDIA";"BERGAMO";"TORRE DE' ROVERI";1;"Indennita' di contingenza";"1109";"0";995;0;259;709;18
"LOMBARDIA";"BERGAMO";"TORRE PALLAVICINA";1;"Indennita' di contingenza";"741";"0";668;0;180;461;12
"LOMBARDIA";"BERGAMO";"TRESCORE BALNEARIO";1;"Indennita' di contingenza";"5067";"0";4526;0;1245;3140;88
"LOMBARDIA";"BERGAMO";"TREVIGLIO";1;"Indennita' di contingenza";"20094";"0";18052;0;6060;11545;209
"LOMBARDIA";"BERGAMO";"TREVIOLO";1;"Indennita' di contingenza";"5116";"0";4717;0;1453;3126;73
"LOMBARDIA";"BERGAMO";"UBIALE CLANEZZO";1;"Indennita' di contingenza";"934";"0";775;0;135;613;18
"LOMBARDIA";"BERGAMO";"URGNANO";1;"Indennita' di contingenza";"5605";"0";5004;0;1292;3568;90
"LOMBARDIA";"BERGAMO";"VALBONDIONE";1;"Indennita' di contingenza";"1152";"0";887;0;226;627;20
"LOMBARDIA";"BERGAMO";"VALBREMBO";1;"Indennita' di contingenza";"2141";"0";1948;0;459;1420;36
"LOMBARDIA";"BERGAMO";"VALGOGLIO";1;"Indennita' di contingenza";"451";"0";377;0;57;317;3
"LOMBARDIA";"BERGAMO";"VALLEVE";1;"Indennita' di contingenza";"136";"0";114;0;46;66;1
"LOMBARDIA";"BERGAMO";"VALNEGRA";1;"Indennita' di contingenza";"201";"0";163;0;58;103;1
"LOMBARDIA";"BERGAMO";"VALSECCA";1;"Indennita' di contingenza";"417";"0";273;0;28;235;6
"LOMBARDIA";"BERGAMO";"VALTORTA";1;"Indennita' di contingenza";"334";"0";258;0;67;171;12
"LOMBARDIA";"BERGAMO";"VEDESETA";1;"Indennita' di contingenza";"271";"0";229;0;30;192;4
"LOMBARDIA";"BERGAMO";"VERCURAGO";1;"Indennita' di contingenza";"2124";"0";1877;0;532;1291;29
"LOMBARDIA";"BERGAMO";"VERDELLINO";1;"Indennita' di contingenza";"4218";"0";3786;0;1478;2195;48
"LOMBARDIA";"BERGAMO";"VERDELLO";1;"Indennita' di contingenza";"4612";"0";4219;0;1328;2769;62
"LOMBARDIA";"BERGAMO";"VERTOVA";1;"Indennita' di contingenza";"4052";"0";3328;0;543;2690;59
"LOMBARDIA";"BERGAMO";"VIADANICA";1;"Indennita' di contingenza";"692";"0";594;0;127;455;5
"LOMBARDIA";"BERGAMO";"VIGANO SAN MARTINO";1;"Indennita' di contingenza";"755";"0";642;0;151;467;13
"LOMBARDIA";"BERGAMO";"VIGOLO";1;"Indennita' di contingenza";"589";"0";468;0;49;401;12
"LOMBARDIA";"BERGAMO";"VILLA D'ADDA";1;"Indennita' di contingenza";"2435";"0";2207;0;533;1615;35
"LOMBARDIA";"BERGAMO";"VILLA D'ALME'";1;"Indennita' di contingenza";"4377";"0";3937;0;776;3074;49
"LOMBARDIA";"BERGAMO";"VILLA DI SERIO";1;"Indennita' di contingenza";"3234";"0";2858;0;724;2066;34
"LOMBARDIA";"BERGAMO";"VILLA D'OGNA";1;"Indennita' di contingenza";"1319";"0";1152;0;150;969;18
"LOMBARDIA";"BERGAMO";"VILLONGO";1;"Indennita' di contingenza";"3894";"0";3447;0;739;2635;37
"LOMBARDIA";"BERGAMO";"VILMINORE DI SCALVE";1;"Indennita' di contingenza";"1236";"0";965;0;206;731;14
"LOMBARDIA";"BERGAMO";"ZANDOBBIO";1;"Indennita' di contingenza";"1631";"0";1491;0;364;1090;24
"LOMBARDIA";"BERGAMO";"ZANICA";1;"Indennita' di contingenza";"4108";"0";3776;0;1055;2594;71
"LOMBARDIA";"BERGAMO";"ZOGNO";1;"Indennita' di contingenza";"6917";"0";5715;0;1453;4068;102
"LOMBARDIA";"BRESCIA";"ACQUAFREDDA";1;"Indennita' di contingenza";"934";"0";851;0;319;502;27
"LOMBARDIA";"BRESCIA";"ADRO";1;"Indennita' di contingenza";"4431";"0";3871;0;953;2787;55
"LOMBARDIA";"BRESCIA";"AGNOSINE";1;"Indennita' di contingenza";"1313";"0";1116;0;270;819;12
"LOMBARDIA";"BRESCIA";"ALFIANELLO";1;"Indennita' di contingenza";"1701";"0";1503;0;524;925;27
"LOMBARDIA";"BRESCIA";"ANFO";1;"Indennita' di contingenza";"362";"0";296;0;43;246;4
"LOMBARDIA";"BRESCIA";"ANGOLO TERME";1;"Indennita' di contingenza";"2064";"0";1608;0;649;906;27
"LOMBARDIA";"BRESCIA";"ARTOGNE";1;"Indennita' di contingenza";"2095";"0";1655;0;580;996;35
"LOMBARDIA";"BRESCIA";"AZZANO MELLA";1;"Indennita' di contingenza";"1094";"0";1016;0;394;602;17
"LOMBARDIA";"BRESCIA";"BAGNOLO MELLA";1;"Indennita' di contingenza";"8237";"0";7486;0;3330;3942;115
"LOMBARDIA";"BRESCIA";"BAGOLINO";1;"Indennita' di contingenza";"3258";"0";2589;0;681;1763;76
"LOMBARDIA";"BRESCIA";"BARBARIGA";1;"Indennita' di contingenza";"1423";"0";1329;0;329;948;31
"LOMBARDIA";"BRESCIA";"BARGHE";1;"Indennita' di contingenza";"756";"0";664;0;185;456;10
"LOMBARDIA";"BRESCIA";"BASSANO BRESCIANO";1;"Indennita' di contingenza";"1134";"0";1047;0;235;784;16
"LOMBARDIA";"BRESCIA";"BEDIZZOLE";1;"Indennita' di contingenza";"5769";"0";5137;0;2089;2890;77
"LOMBARDIA";"BRESCIA";"BERLINGO";1;"Indennita' di contingenza";"1193";"0";1090;0;301;745;26
"LOMBARDIA";"BRESCIA";"BERZO DEMO";1;"Indennita' di contingenza";"1404";"0";1149;0;400;703;22
"LOMBARDIA";"BRESCIA";"BERZO INFERIORE";1;"Indennita' di contingenza";"1324";"0";997;0;263;687;33
"LOMBARDIA";"BRESCIA";"BIENNO";1;"Indennita' di contingenza";"2869";"0";2155;0;603;1501;25
"LOMBARDIA";"BRESCIA";"BIONE";1;"Indennita' di contingenza";"969";"0";798;0;193;573;19
"LOMBARDIA";"BRESCIA";"BORGO SAN GIACOMO";1;"Indennita' di contingenza";"3329";"0";2981;0;965;1921;56
"LOMBARDIA";"BRESCIA";"BORGOSATOLLO";1;"Indennita' di contingenza";"5193";"0";4707;0;1679;2925;56
"LOMBARDIA";"BRESCIA";"BORNO";1;"Indennita' di contingenza";"2125";"0";1563;0;342;1153;41
"LOMBARDIA";"BRESCIA";"BOTTICINO";1;"Indennita' di contingenza";"7011";"0";6299;0;2404;3748;90
"LOMBARDIA";"BRESCIA";"BOVEGNO";1;"Indennita' di contingenza";"1867";"0";1454;0;541;862;25
"LOMBARDIA";"BRESCIA";"BOVEZZO";1;"Indennita' di contingenza";"4910";"0";4405;0;1623;2663;65
"LOMBARDIA";"BRESCIA";"BRANDICO";1;"Indennita' di contingenza";"649";"0";565;0;213;340;9
"LOMBARDIA";"BRESCIA";"BRAONE";1;"Indennita' di contingenza";"475";"0";367;0;137;220;6
"LOMBARDIA";"BRESCIA";"BRENO";1;"Indennita' di contingenza";"4178";"0";3376;0;1091;2160;69
"LOMBARDIA";"BRESCIA";"BRESCIA";1;"Indennita' di contingenza";"161835";"0";143907;0;50381;90357;1475
"LOMBARDIA";"BRESCIA";"BRIONE";1;"Indennita' di contingenza";"332";"0";297;0;123;159;9
"LOMBARDIA";"BRESCIA";"CAINO";1;"Indennita' di contingenza";"1085";"0";988;0;280;669;15
"LOMBARDIA";"BRESCIA";"CALCINATO";1;"Indennita' di contingenza";"6515";"0";5818;0;2237;3396;95
"LOMBARDIA";"BRESCIA";"CALVAGESE DELLA RIVIERA";1;"Indennita' di contingenza";"1495";"0";1345;0;394;901;34
"LOMBARDIA";"BRESCIA";"CALVISANO";1;"Indennita' di contingenza";"4744";"0";4192;0;1405;2625;87
"LOMBARDIA";"BRESCIA";"CAPO DI PONTE";1;"Indennita' di contingenza";"1840";"0";1524;0;449;999;45
"LOMBARDIA";"BRESCIA";"CAPOVALLE";1;"Indennita' di contingenza";"509";"0";338;0;91;233;10
"LOMBARDIA";"BRESCIA";"CAPRIANO DEL COLLE";1;"Indennita' di contingenza";"2333";"0";2195;0;1117;1013;44
"LOMBARDIA";"BRESCIA";"CAPRIOLO";1;"Indennita' di contingenza";"5379";"0";4836;0;1429;3259;76
"LOMBARDIA";"BRESCIA";"CARPENEDOLO";1;"Indennita' di contingenza";"6826";"0";5960;0;2128;3650;107
"LOMBARDIA";"BRESCIA";"CASTEGNATO";1;"Indennita' di contingenza";"3467";"0";3192;0;1215;1901;39
"LOMBARDIA";"BRESCIA";"CASTELCOVATI";1;"Indennita' di contingenza";"3208";"0";2941;0;709;2111;60
"LOMBARDIA";"BRESCIA";"CASTEL MELLA";1;"Indennita' di contingenza";"3581";"0";3266;0;1646;1513;49
"LOMBARDIA";"BRESCIA";"CASTENEDOLO";1;"Indennita' di contingenza";"6287";"0";5745;0;2554;3048;83
"LOMBARDIA";"BRESCIA";"CASTO";1;"Indennita' di contingenza";"1224";"0";1040;0;196;816;14
"LOMBARDIA";"BRESCIA";"CASTREZZATO";1;"Indennita' di contingenza";"3354";"0";3005;0;660;2224;61
"LOMBARDIA";"BRESCIA";"CAZZAGO SAN MARTINO";1;"Indennita' di contingenza";"6218";"0";5637;0;2027;3473;66
"LOMBARDIA";"BRESCIA";"CEDEGOLO";1;"Indennita' di contingenza";"1156";"0";910;0;249;637;12
"LOMBARDIA";"BRESCIA";"CELLATICA";1;"Indennita' di contingenza";"3263";"0";2935;0;1166;1706;38
"LOMBARDIA";"BRESCIA";"CERVENO";1;"Indennita' di contingenza";"506";"0";417;0;172;227;4
"LOMBARDIA";"BRESCIA";"CETO";1;"Indennita' di contingenza";"1286";"0";1059;0;369;632;26
"LOMBARDIA";"BRESCIA";"CEVO";1;"Indennita' di contingenza";"1070";"0";808;0;408;372;7
"LOMBARDIA";"BRESCIA";"CHIARI";1;"Indennita' di contingenza";"12574";"0";11338;0;2501;8569;129
"LOMBARDIA";"BRESCIA";"CIGOLE";1;"Indennita' di contingenza";"1082";"0";993;0;276;687;10
"LOMBARDIA";"BRESCIA";"CIMBERGO";1;"Indennita' di contingenza";"504";"0";414;0;134;258;16
"LOMBARDIA";"BRESCIA";"CIVIDATE CAMUNO";1;"Indennita' di contingenza";"1928";"0";1611;0;699;873;21
"LOMBARDIA";"BRESCIA";"COCCAGLIO";1;"Indennita' di contingenza";"4523";"0";4049;0;1139;2814;59
"LOMBARDIA";"BRESCIA";"COLLEBEATO";1;"Indennita' di contingenza";"2807";"0";2582;0;1076;1452;25
"LOMBARDIA";"BRESCIA";"COLLIO";1;"Indennita' di contingenza";"1928";"0";1526;0;620;856;31
"LOMBARDIA";"BRESCIA";"COLOGNE";1;"Indennita' di contingenza";"4059";"0";3731;0;930;2715;47
"LOMBARDIA";"BRESCIA";"COMEZZANO-CIZZAGO";1;"Indennita' di contingenza";"1534";"0";1377;0;380;945;33
"LOMBARDIA";"BRESCIA";"CONCESIO";1;"Indennita' di contingenza";"9029";"0";8179;0;3269;4690;134
"LOMBARDIA";"BRESCIA";"CORTE FRANCA";1;"Indennita' di contingenza";"3562";"0";3241;0;1320;1808;61
"LOMBARDIA";"BRESCIA";"CORTENO GOLGI";1;"Indennita' di contingenza";"1669";"0";1352;0;180;1112;28
"LOMBARDIA";"BRESCIA";"CORZANO";1;"Indennita' di contingenza";"681";"0";646;0;197;421;14
"LOMBARDIA";"BRESCIA";"DARFO BOARIO TERME";1;"Indennita' di contingenza";"10100";"0";8421;0;2636;5531;116
"LOMBARDIA";"BRESCIA";"DELLO";1;"Indennita' di contingenza";"2807";"0";2549;0;759;1714;28
"LOMBARDIA";"BRESCIA";"DESENZANO DEL GARDA";1;"Indennita' di contingenza";"16102";"0";14378;0;4928;9081;208
"LOMBARDIA";"BRESCIA";"EDOLO";1;"Indennita' di contingenza";"3491";"0";2625;0;674;1863;54
"LOMBARDIA";"BRESCIA";"ERBUSCO";1;"Indennita' di contingenza";"4568";"0";4063;0;1014;2913;59
"LOMBARDIA";"BRESCIA";"ESINE";1;"Indennita' di contingenza";"3196";"0";2534;0;864;1576;47
"LOMBARDIA";"BRESCIA";"FIESSE";1;"Indennita' di contingenza";"1406";"0";1305;0;667;594;25
"LOMBARDIA";"BRESCIA";"FLERO";1;"Indennita' di contingenza";"4814";"0";4385;0;1754;2521;61
"LOMBARDIA";"BRESCIA";"GAMBARA";1;"Indennita' di contingenza";"3260";"0";2913;0;1323;1524;41
"LOMBARDIA";"BRESCIA";"GARDONE RIVIERA";1;"Indennita' di contingenza";"2156";"0";1788;0;435;1304;23
"LOMBARDIA";"BRESCIA";"GARDONE VAL TROMPIA";1;"Indennita' di contingenza";"9121";"0";8161;0;3387;4641;62
"LOMBARDIA";"BRESCIA";"GARGNANO";1;"Indennita' di contingenza";"2712";"0";2188;0;628;1490;34
"LOMBARDIA";"BRESCIA";"GAVARDO";1;"Indennita' di contingenza";"6972";"0";6261;0;1679;4398;92
"LOMBARDIA";"BRESCIA";"GHEDI";1;"Indennita' di contingenza";"10012";"0";8902;0;3896;4770;133
"LOMBARDIA";"BRESCIA";"GIANICO";1;"Indennita' di contingenza";"1312";"0";1028;0;396;604;13
"LOMBARDIA";"BRESCIA";"GOTTOLENGO";1;"Indennita' di contingenza";"3411";"0";3067;0;1277;1715;55
"LOMBARDIA";"BRESCIA";"GUSSAGO";1;"Indennita' di contingenza";"9038";"0";8195;0;3021;4984;94
"LOMBARDIA";"BRESCIA";"IDRO";1;"Indennita' di contingenza";"1100";"0";893;0;243;623;12
"LOMBARDIA";"BRESCIA";"INCUDINE";1;"Indennita' di contingenza";"500";"0";258;0;123;124;9
"LOMBARDIA";"BRESCIA";"IRMA";1;"Indennita' di contingenza";"146";"0";130;0;70;55;3
"LOMBARDIA";"BRESCIA";"ISEO";1;"Indennita' di contingenza";"6291";"0";5463;0;1790;3542;73
"LOMBARDIA";"BRESCIA";"ISORELLA";1;"Indennita' di contingenza";"2238";"0";2021;0;614;1372;24
"LOMBARDIA";"BRESCIA";"LAVENONE";1;"Indennita' di contingenza";"561";"0";444;0;182;246;10
"LOMBARDIA";"BRESCIA";"LENO";1;"Indennita' di contingenza";"8176";"0";7419;0;2481;4759;103
"LOMBARDIA";"BRESCIA";"LIMONE SUL GARDA";1;"Indennita' di contingenza";"769";"0";651;0;91;546;8
"LOMBARDIA";"BRESCIA";"LODRINO";1;"Indennita' di contingenza";"995";"0";885;0;195;665;17
"LOMBARDIA";"BRESCIA";"LOGRATO";1;"Indennita' di contingenza";"1958";"0";1813;0;791;980;32
"LOMBARDIA";"BRESCIA";"LONATO";1;"Indennita' di contingenza";"8353";"0";7685;0;2760;4663;124
"LOMBARDIA";"BRESCIA";"LONGHENA";1;"Indennita' di contingenza";"407";"0";391;0;92;288;4
"LOMBARDIA";"BRESCIA";"LOSINE";1;"Indennita' di contingenza";"507";"0";392;0;144;233;8
"LOMBARDIA";"BRESCIA";"LOZIO";1;"Indennita' di contingenza";"429";"0";327;0;121;183;10
"LOMBARDIA";"BRESCIA";"LUMEZZANE";1;"Indennita' di contingenza";"17447";"0";15357;0;5427;9537;187
"LOMBARDIA";"BRESCIA";"MACLODIO";1;"Indennita' di contingenza";"665";"0";599;0;243;331;13
"LOMBARDIA";"BRESCIA";"MAGASA";1;"Indennita' di contingenza";"274";"0";158;0;40;110;6
"LOMBARDIA";"BRESCIA";"MAIRANO";1;"Indennita' di contingenza";"1485";"0";1367;0;551;780;14
"LOMBARDIA";"BRESCIA";"MALEGNO";1;"Indennita' di contingenza";"1666";"0";1283;0;421;794;38
"LOMBARDIA";"BRESCIA";"MALONNO";1;"Indennita' di contingenza";"2659";"0";1934;0;512;1375;23
"LOMBARDIA";"BRESCIA";"MANERBA DEL GARDA";1;"Indennita' di contingenza";"2274";"0";1839;0;550;1226;42
"LOMBARDIA";"BRESCIA";"MANERBIO";1;"Indennita' di contingenza";"9320";"0";8657;0;2867;5552;142
"LOMBARDIA";"BRESCIA";"MARCHENO";1;"Indennita' di contingenza";"2746";"0";2475;0;1085;1332;38
"LOMBARDIA";"BRESCIA";"MARMENTINO";1;"Indennita' di contingenza";"603";"0";425;0;147;251;4
"LOMBARDIA";"BRESCIA";"MARONE";1;"Indennita' di contingenza";"2361";"0";2054;0;373;1646;13
"LOMBARDIA";"BRESCIA";"MAZZANO";1;"Indennita' di contingenza";"5413";"0";4875;0;1830;2884;84
"LOMBARDIA";"BRESCIA";"MILZANO";1;"Indennita' di contingenza";"970";"0";863;0;351;474;22
"LOMBARDIA";"BRESCIA";"MONIGA DEL GARDA";1;"Indennita' di contingenza";"989";"0";857;0;298;529;12
"LOMBARDIA";"BRESCIA";"MONNO";1;"Indennita' di contingenza";"506";"0";374;0;60;296;13
"LOMBARDIA";"BRESCIA";"MONTE ISOLA";1;"Indennita' di contingenza";"1446";"0";1112;0;403;656;29
"LOMBARDIA";"BRESCIA";"MONTICELLI BRUSATI";1;"Indennita' di contingenza";"1881";"0";1693;0;629;1009;35
"LOMBARDIA";"BRESCIA";"MONTICHIARI";1;"Indennita' di contingenza";"11930";"0";10593;0;3592;6632;197
"LOMBARDIA";"BRESCIA";"MONTIRONE";1;"Indennita' di contingenza";"1961";"0";1820;0;952;830;22
"LOMBARDIA";"BRESCIA";"MURA";1;"Indennita' di contingenza";"566";"0";424;0;92;316;5
"LOMBARDIA";"BRESCIA";"MUSCOLINE";1;"Indennita' di contingenza";"1082";"0";939;0;211;702;17
"LOMBARDIA";"BRESCIA";"NAVE";1;"Indennita' di contingenza";"7203";"0";6616;0;2654;3755;99
"LOMBARDIA";"BRESCIA";"NIARDO";1;"Indennita' di contingenza";"1213";"0";906;0;370;483;24
"LOMBARDIA";"BRESCIA";"NUVOLENTO";1;"Indennita' di contingenza";"2160";"0";1953;0;555;1306;47
"LOMBARDIA";"BRESCIA";"NUVOLERA";1;"Indennita' di contingenza";"1995";"0";1777;0;599;1097;56
"LOMBARDIA";"BRESCIA";"ODOLO";1;"Indennita' di contingenza";"1454";"0";1228;0;381;790;36
"LOMBARDIA";"BRESCIA";"OFFLAGA";1;"Indennita' di contingenza";"2203";"0";2014;0;684;1275;33
"LOMBARDIA";"BRESCIA";"OME";1;"Indennita' di contingenza";"1931";"0";1767;0;585;1132;26
"LOMBARDIA";"BRESCIA";"ONO SAN PIETRO";1;"Indennita' di contingenza";"666";"0";550;0;296;220;14
"LOMBARDIA";"BRESCIA";"ORZINUOVI";1;"Indennita' di contingenza";"7827";"0";7053;0;2271;4594;104
"LOMBARDIA";"BRESCIA";"ORZIVECCHI";1;"Indennita' di contingenza";"1616";"0";1480;0;482;953;27
"LOMBARDIA";"BRESCIA";"OSPITALETTO";1;"Indennita' di contingenza";"6610";"0";5936;0;1989;3804;72
"LOMBARDIA";"BRESCIA";"OSSIMO";1;"Indennita' di contingenza";"1078";"0";748;0;274;434;24
"LOMBARDIA";"BRESCIA";"PADENGHE SUL GARDA";1;"Indennita' di contingenza";"1992";"0";1721;0;547;1112;33
"LOMBARDIA";"BRESCIA";"PADERNO FRANCIACORTA";1;"Indennita' di contingenza";"1917";"0";1741;0;569;1119;29
"LOMBARDIA";"BRESCIA";"PAISCO LOVENO";1;"Indennita' di contingenza";"382";"0";306;0;87;211;6
"LOMBARDIA";"BRESCIA";"PAITONE";1;"Indennita' di contingenza";"1043";"0";899;0;208;655;21
"LOMBARDIA";"BRESCIA";"PALAZZOLO SULL'OGLIO";1;"Indennita' di contingenza";"12851";"0";11690;0;3377;8059;127
"LOMBARDIA";"BRESCIA";"PARATICO";1;"Indennita' di contingenza";"2364";"0";2003;0;505;1435;21
"LOMBARDIA";"BRESCIA";"PASPARDO";1;"Indennita' di contingenza";"598";"0";465;0;140;294;16
"LOMBARDIA";"BRESCIA";"PASSIRANO";1;"Indennita' di contingenza";"3827";"0";3498;0;1433;1963;54
"LOMBARDIA";"BRESCIA";"PAVONE DEL MELLA";1;"Indennita' di contingenza";"1828";"0";1693;0;618;1022;30
"LOMBARDIA";"BRESCIA";"PERTICA ALTA";1;"Indennita' di contingenza";"568";"0";402;0;106;289;1
"LOMBARDIA";"BRESCIA";"PERTICA BASSA";1;"Indennita' di contingenza";"648";"0";400;0;117;273;6
"LOMBARDIA";"BRESCIA";"PEZZAZE";1;"Indennita' di contingenza";"1232";"0";984;0;515;429;19
"LOMBARDIA";"BRESCIA";"PIAN CAMUNO";1;"Indennita' di contingenza";"2467";"0";2112;0;788;1242;45
"LOMBARDIA";"BRESCIA";"PIANCOGNO";1;"Indennita' di contingenza";"2890";"0";2264;0;805;1363;58
"LOMBARDIA";"BRESCIA";"PISOGNE";1;"Indennita' di contingenza";"6045";"0";5015;0;1670;3193;89
"LOMBARDIA";"BRESCIA";"POLAVENO";1;"Indennita' di contingenza";"1394";"0";1225;0;447;749;15
"LOMBARDIA";"BRESCIA";"POLPENAZZE DEL GARDA";1;"Indennita' di contingenza";"1142";"0";984;0;278;669;23
"LOMBARDIA";"BRESCIA";"POMPIANO";1;"Indennita' di contingenza";"2251";"0";2104;0;570;1478;36
"LOMBARDIA";"BRESCIA";"PONCARALE";1;"Indennita' di contingenza";"2336";"0";2128;0;1017;1068;25
"LOMBARDIA";"BRESCIA";"PONTE DI LEGNO";1;"Indennita' di contingenza";"1579";"0";1243;0;284;918;17
"LOMBARDIA";"BRESCIA";"PONTEVICO";1;"Indennita' di contingenza";"5055";"0";4337;0;1905;2338;41
"LOMBARDIA";"BRESCIA";"PONTOGLIO";1;"Indennita' di contingenza";"4319";"0";3852;0;954;2784;55
"LOMBARDIA";"BRESCIA";"POZZOLENGO";1;"Indennita' di contingenza";"1916";"0";1739;0;713;963;36
"LOMBARDIA";"BRESCIA";"PRALBOINO";1;"Indennita' di contingenza";"2007";"0";1828;0;680;1100;31
"LOMBARDIA";"BRESCIA";"PRESEGLIE";1;"Indennita' di contingenza";"1005";"0";835;0;196;619;13
"LOMBARDIA";"BRESCIA";"PRESTINE";1;"Indennita' di contingenza";"541";"0";283;0;130;144;3
"LOMBARDIA";"BRESCIA";"PREVALLE";1;"Indennita' di contingenza";"3166";"0";2748;0;930;1701;58
"LOMBARDIA";"BRESCIA";"PROVAGLIO D'ISEO";1;"Indennita' di contingenza";"3666";"0";3259;0;1439;1739;42
"LOMBARDIA";"BRESCIA";"PROVAGLIO VAL SABBIA";1;"Indennita' di contingenza";"624";"0";557;0;138;401;10
"LOMBARDIA";"BRESCIA";"PUEGNAGO DEL GARDA";1;"Indennita' di contingenza";"1442";"0";1243;0;354;818;47
"LOMBARDIA";"BRESCIA";"QUINZANO D'OGLIO";1;"Indennita' di contingenza";"4333";"0";3963;0;1364;2495;59
"LOMBARDIA";"BRESCIA";"REMEDELLO";1;"Indennita' di contingenza";"2135";"0";1940;0;684;1204;42
"LOMBARDIA";"BRESCIA";"REZZATO";1;"Indennita' di contingenza";"8388";"0";7500;0;2751;4541;119
"LOMBARDIA";"BRESCIA";"ROCCAFRANCA";1;"Indennita' di contingenza";"2182";"0";2017;0;458;1470;44
"LOMBARDIA";"BRESCIA";"RODENGO SAIANO";1;"Indennita' di contingenza";"3495";"0";3190;0;1147;1958;44
"LOMBARDIA";"BRESCIA";"ROE' VOLCIANO";1;"Indennita' di contingenza";"2813";"0";2434;0;902;1449;50
"LOMBARDIA";"BRESCIA";"RONCADELLE";1;"Indennita' di contingenza";"4448";"0";4080;0;1937;2037;46
"LOMBARDIA";"BRESCIA";"ROVATO";1;"Indennita' di contingenza";"9921";"0";8735;0;2518;5948;151
"LOMBARDIA";"BRESCIA";"RUDIANO";1;"Indennita' di contingenza";"2841";"0";2616;0;641;1902;41
"LOMBARDIA";"BRESCIA";"SABBIO CHIESE";1;"Indennita' di contingenza";"2154";"0";1783;0;512;1206;43
"LOMBARDIA";"BRESCIA";"SALE MARASINO";1;"Indennita' di contingenza";"2374";"0";1889;0;498;1336;43
"LOMBARDIA";"BRESCIA";"SALO'";1;"Indennita' di contingenza";"8325";"0";6923;0;2111;4624;108
"LOMBARDIA";"BRESCIA";"SAN FELICE DEL BENACO";1;"Indennita' di contingenza";"1911";"0";1618;0;458;1116;29
"LOMBARDIA";"BRESCIA";"SAN GERVASIO BRESCIANO";1;"Indennita' di contingenza";"988";"0";900;0;210;668;13
"LOMBARDIA";"BRESCIA";"SAN PAOLO";1;"Indennita' di contingenza";"2438";"0";2181;0;632;1474;38
"LOMBARDIA";"BRESCIA";"SAN ZENO NAVIGLIO";1;"Indennita' di contingenza";"2313";"0";2127;0;801;1271;42
"LOMBARDIA";"BRESCIA";"SAREZZO";1;"Indennita' di contingenza";"8183";"0";7335;0;3181;4009;78
"LOMBARDIA";"BRESCIA";"SAVIORE DELL'ADAMELLO";1;"Indennita' di contingenza";"1125";"0";890;0;407;461;8
"LOMBARDIA";"BRESCIA";"SELLERO";1;"Indennita' di contingenza";"1134";"0";886;0;279;554;23
"LOMBARDIA";"BRESCIA";"SENIGA";1;"Indennita' di contingenza";"1325";"0";1170;0;359;756;33
"LOMBARDIA";"BRESCIA";"SERLE";1;"Indennita' di contingenza";"2153";"0";1910;0;851;966;43
"LOMBARDIA";"BRESCIA";"SIRMIONE";1;"Indennita' di contingenza";"3619";"0";3224;0;952;2178;51
"LOMBARDIA";"BRESCIA";"SOIANO DEL LAGO";1;"Indennita' di contingenza";"651";"0";559;0;175;366;13
"LOMBARDIA";"BRESCIA";"SONICO";1;"Indennita' di contingenza";"1176";"0";883;0;191;653;18
"LOMBARDIA";"BRESCIA";"SULZANO";1;"Indennita' di contingenza";"1041";"0";888;0;286;563;29
"LOMBARDIA";"BRESCIA";"TAVERNOLE SUL MELLA";1;"Indennita' di contingenza";"1116";"0";958;0;292;644;10
"LOMBARDIA";"BRESCIA";"TEMU'";1;"Indennita' di contingenza";"834";"0";669;0;114;539;7
"LOMBARDIA";"BRESCIA";"TIGNALE";1;"Indennita' di contingenza";"1031";"0";840;0;190;622;12
"LOMBARDIA";"BRESCIA";"TORBOLE CASAGLIA";1;"Indennita' di contingenza";"2711";"0";2415;0;902;1440;41
"LOMBARDIA";"BRESCIA";"TOSCOLANO-MADERNO";1;"Indennita' di contingenza";"5656";"0";4707;0;1813;2782;58
"LOMBARDIA";"BRESCIA";"TRAVAGLIATO";1;"Indennita' di contingenza";"6754";"0";6134;0;2182;3758;82
"LOMBARDIA";"BRESCIA";"TREMOSINE";1;"Indennita' di contingenza";"1484";"0";1204;0;277;898;17
"LOMBARDIA";"BRESCIA";"TRENZANO";1;"Indennita' di contingenza";"3030";"0";2742;0;734;1901;50
"LOMBARDIA";"BRESCIA";"TREVISO BRESCIANO";1;"Indennita' di contingenza";"456";"0";300;0;95;186;15
"LOMBARDIA";"BRESCIA";"URAGO D'OGLIO";1;"Indennita' di contingenza";"2101";"0";1944;0;551;1327;38
"LOMBARDIA";"BRESCIA";"VALLIO TERME";1;"Indennita' di contingenza";"720";"0";597;0;170;415;8
"LOMBARDIA";"BRESCIA";"VALVESTINO";1;"Indennita' di contingenza";"408";"0";243;0;81;154;3
"LOMBARDIA";"BRESCIA";"VEROLANUOVA";1;"Indennita' di contingenza";"5502";"0";5113;0;1635;3326;82
"LOMBARDIA";"BRESCIA";"VEROLAVECCHIA";1;"Indennita' di contingenza";"2744";"0";2580;0;934;1562;46
"LOMBARDIA";"BRESCIA";"VESTONE";1;"Indennita' di contingenza";"3143";"0";2580;0;772;1714;53
"LOMBARDIA";"BRESCIA";"VEZZA D'OGLIO";1;"Indennita' di contingenza";"1105";"0";839;0;177;631;23
"LOMBARDIA";"BRESCIA";"VILLA CARCINA";1;"Indennita' di contingenza";"7599";"0";6818;0;2839;3852;70
"LOMBARDIA";"BRESCIA";"VILLACHIARA";1;"Indennita' di contingenza";"902";"0";845;0;419;409;11
"LOMBARDIA";"BRESCIA";"VILLANUOVA SUL CLISI";1;"Indennita' di contingenza";"3487";"0";3073;0;1073;1923;35
"LOMBARDIA";"BRESCIA";"VIONE";1;"Indennita' di contingenza";"801";"0";595;0;102;473;10
"LOMBARDIA";"BRESCIA";"VISANO";1;"Indennita' di contingenza";"1096";"0";1017;0;412;581;17
"LOMBARDIA";"BRESCIA";"VOBARNO";1;"Indennita' di contingenza";"6027";"0";5309;0;2076;3088;84
"LOMBARDIA";"BRESCIA";"ZONE";1;"Indennita' di contingenza";"897";"0";634;0;167;453;11
"LOMBARDIA";"COMO";"ABBADIA LARIANA";1;"Indennita' di contingenza";"2253";"0";1900;0;659;1191;26
"LOMBARDIA";"COMO";"AIRUNO";1;"Indennita' di contingenza";"1967";"0";1748;0;476;1187;38
"LOMBARDIA";"COMO";"ALBAVILLA";1;"Indennita' di contingenza";"3946";"0";3448;0;974;2377;40
"LOMBARDIA";"COMO";"ALBESE CON CASSANO";1;"Indennita' di contingenza";"3144";"0";2651;0;595;1966;47
"LOMBARDIA";"COMO";"ALBIOLO";1;"Indennita' di contingenza";"1480";"0";1234;0;386;815;13
"LOMBARDIA";"COMO";"ALSERIO";1;"Indennita' di contingenza";"586";"0";513;0;177;321;10
"LOMBARDIA";"COMO";"ALZATE BRIANZA";1;"Indennita' di contingenza";"2682";"0";2333;0;657;1598;37
"LOMBARDIA";"COMO";"ANNONE DI BRIANZA";1;"Indennita' di contingenza";"1189";"0";1066;0;305;720;28
"LOMBARDIA";"COMO";"ANZANO DEL PARCO";1;"Indennita' di contingenza";"957";"0";833;0;255;545;19
"LOMBARDIA";"COMO";"APPIANO GENTILE";1;"Indennita' di contingenza";"4979";"0";4156;0;1074;2959;63
"LOMBARDIA";"COMO";"ARGEGNO";1;"Indennita' di contingenza";"577";"0";478;0;124;341;8
"LOMBARDIA";"COMO";"AROSIO";1;"Indennita' di contingenza";"2852";"0";2565;0;709;1756;54
"LOMBARDIA";"COMO";"ASSO";1;"Indennita' di contingenza";"2147";"0";1870;0;541;1271;32
"LOMBARDIA";"COMO";"BALLABIO";1;"Indennita' di contingenza";"1627";"0";1421;0;472;901;28
"LOMBARDIA";"COMO";"BARNI";1;"Indennita' di contingenza";"321";"0";284;0;112;164;4
"LOMBARDIA";"COMO";"BARZAGO";1;"Indennita' di contingenza";"1523";"0";1367;0;414;891;28
"LOMBARDIA";"COMO";"BARZANO'";1;"Indennita' di contingenza";"3177";"0";2843;0;898;1866;40
"LOMBARDIA";"COMO";"BARZIO";1;"Indennita' di contingenza";"997";"0";844;0;163;652;12
"LOMBARDIA";"COMO";"BELLAGIO";1;"Indennita' di contingenza";"2589";"0";1934;0;372;1503;26
"LOMBARDIA";"COMO";"BELLANO";1;"Indennita' di contingenza";"2809";"0";2308;0;552;1687;29
"LOMBARDIA";"COMO";"BENE LARIO";1;"Indennita' di contingenza";"222";"0";182;0;40;126;5
"LOMBARDIA";"COMO";"BEREGAZZO CON FIGLIARO";1;"Indennita' di contingenza";"1598";"0";1435;0;276;1112;15
"LOMBARDIA";"COMO";"BINAGO";1;"Indennita' di contingenza";"2763";"0";2331;0;745;1517;24
"LOMBARDIA";"COMO";"BIZZARONE";1;"Indennita' di contingenza";"903";"0";766;0;195;548;15
"LOMBARDIA";"COMO";"BLESSAGNO";1;"Indennita' di contingenza";"196";"0";150;0;40;106;2
"LOMBARDIA";"COMO";"BLEVIO";1;"Indennita' di contingenza";"1053";"0";901;0;364;507;19
"LOMBARDIA";"COMO";"BOSISIO PARINI";1;"Indennita' di contingenza";"2023";"0";1823;0;482;1303;18
"LOMBARDIA";"COMO";"BREGNANO";1;"Indennita' di contingenza";"2840";"0";2439;0;866;1474;54
"LOMBARDIA";"COMO";"BRENNA";1;"Indennita' di contingenza";"1155";"0";1032;0;148;854;16
"LOMBARDIA";"COMO";"BRIENNO";1;"Indennita' di contingenza";"316";"0";284;0;70;204;3
"LOMBARDIA";"COMO";"BRIVIO";1;"Indennita' di contingenza";"2963";"0";2625;0;652;1884;46
"LOMBARDIA";"COMO";"BRUNATE";1;"Indennita' di contingenza";"1342";"0";1173;0;236;904;9
"LOMBARDIA";"COMO";"BULCIAGO";1;"Indennita' di contingenza";"1810";"0";1643;0;476;1091;47
"LOMBARDIA";"COMO";"BULGAROGRASSO";1;"Indennita' di contingenza";"1817";"0";1625;0;476;1098;27
"LOMBARDIA";"COMO";"CABIATE";1;"Indennita' di contingenza";"4569";"0";3947;0;782;3054;34
"LOMBARDIA";"COMO";"CADORAGO";1;"Indennita' di contingenza";"4276";"0";3739;0;1203;2414;58
"LOMBARDIA";"COMO";"CAGLIO";1;"Indennita' di contingenza";"297";"0";264;0;62;196;2
"LOMBARDIA";"COMO";"CAGNO";1;"Indennita' di contingenza";"1179";"0";927;0;304;580;19
"LOMBARDIA";"COMO";"CALCO";1;"Indennita' di contingenza";"2428";"0";2096;0;583;1456;30
"LOMBARDIA";"COMO";"CAMPIONE D'ITALIA";1;"Indennita' di contingenza";"2046";"0";1622;0;410;1122;53
"LOMBARDIA";"COMO";"CANTU'";1;"Indennita' di contingenza";"28139";"0";23151;0;6572;15839;309
"LOMBARDIA";"COMO";"CANZO";1;"Indennita' di contingenza";"3412";"0";2813;0;925;1825;34
"LOMBARDIA";"COMO";"CAPIAGO INTIMIANO";1;"Indennita' di contingenza";"3276";"0";2845;0;640;2119;34
"LOMBARDIA";"COMO";"CARATE URIO";1;"Indennita' di contingenza";"1011";"0";794;0;316;454;11
"LOMBARDIA";"COMO";"CARBONATE";1;"Indennita' di contingenza";"1683";"0";1518;0;526;939;20
"LOMBARDIA";"COMO";"CARIMATE";1;"Indennita' di contingenza";"2464";"0";2148;0;512;1574;32
"LOMBARDIA";"COMO";"CARLAZZO";1;"Indennita' di contingenza";"1866";"0";1382;0;251;1073;25
"LOMBARDIA";"COMO";"CARUGO";1;"Indennita' di contingenza";"3499";"0";3037;0;691;2274;33
"LOMBARDIA";"COMO";"CASARGO";1;"Indennita' di contingenza";"715";"0";598;0;158;412;12
"LOMBARDIA";"COMO";"CASASCO D'INTELVI";1;"Indennita' di contingenza";"307";"0";246;0;52;189;1
"LOMBARDIA";"COMO";"CASATENOVO";1;"Indennita' di contingenza";"8009";"0";7229;0;1931;5117;95
"LOMBARDIA";"COMO";"CASLINO D'ERBA";1;"Indennita' di contingenza";"1165";"0";989;0;216;741;21
"LOMBARDIA";"COMO";"CASNATE CON BERNATE";1;"Indennita' di contingenza";"2634";"0";2342;0;593;1670;33
"LOMBARDIA";"COMO";"CASSAGO BRIANZA";1;"Indennita' di contingenza";"2756";"0";2411;0;866;1458;56
"LOMBARDIA";"COMO";"CASSINA RIZZARDI";1;"Indennita' di contingenza";"1368";"0";1185;0;405;751;12
"LOMBARDIA";"COMO";"CASSINA VALSASSINA";1;"Indennita' di contingenza";"323";"0";279;0;36;237;2
"LOMBARDIA";"COMO";"CASTELLO DI BRIANZA";1;"Indennita' di contingenza";"1330";"0";1192;0;284;862;22
"LOMBARDIA";"COMO";"CASTELMARTE";1;"Indennita' di contingenza";"665";"0";567;0;168;377;11
"LOMBARDIA";"COMO";"CASTELNUOVO BOZZENTE";1;"Indennita' di contingenza";"468";"0";404;0;67;331;4
"LOMBARDIA";"COMO";"CASTIGLIONE D'INTELVI";1;"Indennita' di contingenza";"481";"0";380;0;99;267;5
"LOMBARDIA";"COMO";"CAVALLASCA";1;"Indennita' di contingenza";"1837";"0";1633;0;469;1110;24
"LOMBARDIA";"COMO";"CAVARGNA";1;"Indennita' di contingenza";"348";"0";213;0;28;169;11
"LOMBARDIA";"COMO";"CERANO D'INTELVI";1;"Indennita' di contingenza";"349";"0";287;0;56;225;2
"LOMBARDIA";"COMO";"CERMENATE";1;"Indennita' di contingenza";"5869";"0";5032;0;1812;3070;63
"LOMBARDIA";"COMO";"CERNOBBIO";1;"Indennita' di contingenza";"5940";"0";5075;0;1529;3393;77
"LOMBARDIA";"COMO";"CERNUSCO LOMBARDONE";1;"Indennita' di contingenza";"2458";"0";2205;0;718;1420;31
"LOMBARDIA";"COMO";"CESANA BRIANZA";1;"Indennita' di contingenza";"1510";"0";1349;0;366;926;38
"LOMBARDIA";"COMO";"CIRIMIDO";1;"Indennita' di contingenza";"1384";"0";1199;0;298;879;5
"LOMBARDIA";"COMO";"CIVATE";1;"Indennita' di contingenza";"2536";"0";2188;0;688;1436;29
"LOMBARDIA";"COMO";"CIVENNA";1;"Indennita' di contingenza";"565";"0";484;0;91;381;7
"LOMBARDIA";"COMO";"CLAINO CON OSTENO";1;"Indennita' di contingenza";"514";"0";392;0;132;249;5
"LOMBARDIA";"COMO";"COLICO";1;"Indennita' di contingenza";"4371";"0";3426;0;945;2311;87
"LOMBARDIA";"COMO";"COLLE BRIANZA";1;"Indennita' di contingenza";"853";"0";739;0;133;581;13
"LOMBARDIA";"COMO";"COLONNO";1;"Indennita' di contingenza";"566";"0";442;0;103;309;14
"LOMBARDIA";"COMO";"COMO";1;"Indennita' di contingenza";"76928";"0";64017;0;17831;44551;650
"LOMBARDIA";"COMO";"CONSIGLIO DI RUMO";1;"Indennita' di contingenza";"903";"0";751;0;186;517;25
"LOMBARDIA";"COMO";"CORRIDO";1;"Indennita' di contingenza";"538";"0";426;0;112;301;6
"LOMBARDIA";"COMO";"CORTENOVA";1;"Indennita' di contingenza";"936";"0";824;0;197;598;19
"LOMBARDIA";"COMO";"COSTA MASNAGA";1;"Indennita' di contingenza";"3220";"0";2937;0;784;2052;62
"LOMBARDIA";"COMO";"CREMELLA";1;"Indennita' di contingenza";"194";"0";152;0;60;76;9
"LOMBARDIA";"COMO";"CRANDOLA VALSASSINA";1;"Indennita' di contingenza";"944";"0";812;0;266;526;8
"LOMBARDIA";"COMO";"CREMENO";1;"Indennita' di contingenza";"613";"0";525;0;106;409;7
"LOMBARDIA";"COMO";"CREMIA";1;"Indennita' di contingenza";"625";"0";494;0;146;317;22
"LOMBARDIA";"COMO";"CUCCIAGO";1;"Indennita' di contingenza";"1804";"0";1524;0;407;1069;30
"LOMBARDIA";"COMO";"CUSINO";1;"Indennita' di contingenza";"233";"0";204;0;52;133;17
"LOMBARDIA";"COMO";"DERVIO";1;"Indennita' di contingenza";"2250";"0";1895;0;527;1294;34
"LOMBARDIA";"COMO";"DIZZASCO";1;"Indennita' di contingenza";"303";"0";253;0;42;204;4
"LOMBARDIA";"COMO";"DOLZAGO";1;"Indennita' di contingenza";"1379";"0";1227;0;264;901;40
"LOMBARDIA";"COMO";"DOMASO";1;"Indennita' di contingenza";"1125";"0";966;0;187;754;17
"LOMBARDIA";"COMO";"DONGO";1;"Indennita' di contingenza";"2774";"0";2436;0;611;1758;39
"LOMBARDIA";"COMO";"DORIO";1;"Indennita' di contingenza";"292";"0";255;0;65;181;4
"LOMBARDIA";"COMO";"DOSSO DEL LIRO";1;"Indennita' di contingenza";"327";"0";230;0;23;195;10
"LOMBARDIA";"COMO";"DREZZO";1;"Indennita' di contingenza";"733";"0";633;0;146;473;6
"LOMBARDIA";"COMO";"ELLO";1;"Indennita' di contingenza";"552";"0";507;0;106;389;9
"LOMBARDIA";"COMO";"ERBA";1;"Indennita' di contingenza";"12764";"0";10627;0;2894;7460;129
"LOMBARDIA";"COMO";"ESINO LARIO";1;"Indennita' di contingenza";"637";"0";516;0;88;409;4
"LOMBARDIA";"COMO";"EUPILIO";1;"Indennita' di contingenza";"1475";"0";1281;0;378;850;21
"LOMBARDIA";"COMO";"FAGGETO LARIO";1;"Indennita' di contingenza";"794";"0";678;0;143;505;7
"LOMBARDIA";"COMO";"FALOPPIO";1;"Indennita' di contingenza";"2376";"0";2014;0;522;1428;38
"LOMBARDIA";"COMO";"FENEGRO'";1;"Indennita' di contingenza";"1746";"0";1490;0;292;1155;24
"LOMBARDIA";"COMO";"FIGINO SERENZA";1;"Indennita' di contingenza";"3171";"0";2696;0;865;1750;30
"LOMBARDIA";"COMO";"FINO MORNASCO";1;"Indennita' di contingenza";"5837";"0";4983;0;1646;3182;70
"LOMBARDIA";"COMO";"GALBIATE";1;"Indennita' di contingenza";"5657";"0";4884;0;1321;3422;72
"LOMBARDIA";"COMO";"GARBAGNATE MONASTERO";1;"Indennita' di contingenza";"1381";"0";1237;0;326;864;34
"LOMBARDIA";"COMO";"GARLATE";1;"Indennita' di contingenza";"1728";"0";1477;0;486;941;24
"LOMBARDIA";"COMO";"GARZENO";1;"Indennita' di contingenza";"1111";"0";901;0;111;740;28
"LOMBARDIA";"COMO";"GERA LARIO";1;"Indennita' di contingenza";"716";"0";551;0;93;421;16
"LOMBARDIA";"COMO";"GERMASINO";1;"Indennita' di contingenza";"203";"0";188;0;31;149;4
"LOMBARDIA";"COMO";"GIRONICO";1;"Indennita' di contingenza";"1189";"0";990;0;236;724;15
"LOMBARDIA";"COMO";"GRANDATE";1;"Indennita' di contingenza";"2206";"0";1900;0;563;1278;35
"LOMBARDIA";"COMO";"GRANDOLA ED UNITI";1;"Indennita' di contingenza";"916";"0";721;0;138;558;11
"LOMBARDIA";"COMO";"GRAVEDONA";1;"Indennita' di contingenza";"2253";"0";2004;0;442;1477;41
"LOMBARDIA";"COMO";"GRIANTE";1;"Indennita' di contingenza";"661";"0";524;0;113;396;5
"LOMBARDIA";"COMO";"GUANZATE";1;"Indennita' di contingenza";"2914";"0";2547;0;784;1687;43
"LOMBARDIA";"COMO";"IMBERSAGO";1;"Indennita' di contingenza";"1246";"0";1108;0;317;756;17
"LOMBARDIA";"COMO";"INTROBIO";1;"Indennita' di contingenza";"1017";"0";871;0;193;651;13
"LOMBARDIA";"COMO";"INTROZZO";1;"Indennita' di contingenza";"134";"0";121;0;32;74;10
"LOMBARDIA";"COMO";"INVERIGO";1;"Indennita' di contingenza";"5845";"0";5065;0;1320;3597;63
"LOMBARDIA";"COMO";"LAGLIO";1;"Indennita' di contingenza";"782";"0";638;0;183;438;5
"LOMBARDIA";"COMO";"LAINO";1;"Indennita' di contingenza";"407";"0";313;0;64;243;2
"LOMBARDIA";"COMO";"LAMBRUGO";1;"Indennita' di contingenza";"1473";"0";1268;0;397;842;17
"LOMBARDIA";"COMO";"LANZO D'INTELVI";1;"Indennita' di contingenza";"1201";"0";944;0;189;726;14
"LOMBARDIA";"COMO";"LASNIGO";1;"Indennita' di contingenza";"336";"0";302;0;77;211;8
"LOMBARDIA";"COMO";"LECCO";1;"Indennita' di contingenza";"40195";"0";34447;0;9901;23619;450
"LOMBARDIA";"COMO";"LENNO";1;"Indennita' di contingenza";"1313";"0";1108;0;206;863;28
"LOMBARDIA";"COMO";"LEZZENO";1;"Indennita' di contingenza";"1601";"0";1307;0;338;921;29
"LOMBARDIA";"COMO";"LIERNA";1;"Indennita' di contingenza";"1244";"0";1007;0;207;766;12
"LOMBARDIA";"COMO";"LIMIDO COMASCO";1;"Indennita' di contingenza";"1390";"0";1264;0;330;874;26
"LOMBARDIA";"COMO";"LIPOMO";1;"Indennita' di contingenza";"3924";"0";3331;0;1078;2165;42
"LOMBARDIA";"COMO";"LIVO";1;"Indennita' di contingenza";"196";"0";170;0;34;118;13
"LOMBARDIA";"COMO";"LOCATE VARESINO";1;"Indennita' di contingenza";"2620";"0";2321;0;898;1358;22
"LOMBARDIA";"COMO";"LOMAGNA";1;"Indennita' di contingenza";"2680";"0";2339;0;794;1486;26
"LOMBARDIA";"COMO";"LOMAZZO";1;"Indennita' di contingenza";"5593";"0";4764;0;1515;3126;53
"LOMBARDIA";"COMO";"LONGONE AL SEGRINO";1;"Indennita' di contingenza";"889";"0";791;0;201;560;17
"LOMBARDIA";"COMO";"LUISAGO";1;"Indennita' di contingenza";"1522";"0";1342;0;426;856;30
"LOMBARDIA";"COMO";"LURAGO D'ERBA";1;"Indennita' di contingenza";"3242";"0";2747;0;756;1919;33
"LOMBARDIA";"COMO";"LURAGO MARINONE";1;"Indennita' di contingenza";"1262";"0";1162;0;319;806;16
"LOMBARDIA";"COMO";"LURATE CACCIVIO";1;"Indennita' di contingenza";"7196";"0";6161;0;1827;4104;95
"LOMBARDIA";"COMO";"MAGREGLIO";1;"Indennita' di contingenza";"272";"0";238;0;59;169;8
"LOMBARDIA";"COMO";"MALGRATE";1;"Indennita' di contingenza";"3057";"0";2615;0;675;1873;34
"LOMBARDIA";"COMO";"MANDELLO DEL LARIO";1;"Indennita' di contingenza";"7923";"0";6777;0;2060;4490;105
"LOMBARDIA";"COMO";"MARGNO";1;"Indennita' di contingenza";"264";"0";215;0;52;153;6
"LOMBARDIA";"COMO";"MARIANO COMENSE";1;"Indennita' di contingenza";"13856";"0";11986;0;3486;8159;129
"LOMBARDIA";"COMO";"MASLIANICO";1;"Indennita' di contingenza";"2979";"0";2426;0;871;1482;35
"LOMBARDIA";"COMO";"MENAGGIO";1;"Indennita' di contingenza";"2596";"0";2211;0;634;1524;30
"LOMBARDIA";"COMO";"MERATE";1;"Indennita' di contingenza";"10600";"0";9439;0;2422;6769;130
"LOMBARDIA";"COMO";"MERONE";1;"Indennita' di contingenza";"2305";"0";2011;0;744;1215;31
"LOMBARDIA";"COMO";"MEZZEGRA";1;"Indennita' di contingenza";"749";"0";592;0;138;434;4
"LOMBARDIA";"COMO";"MISSAGLIA";1;"Indennita' di contingenza";"5028";"0";4470;0;1337;3025;54
"LOMBARDIA";"COMO";"MOGGIO";1;"Indennita' di contingenza";"316";"0";278;0;46;219;8
"LOMBARDIA";"COMO";"MOLTENO";1;"Indennita' di contingenza";"1965";"0";1787;0;386;1353;24
"LOMBARDIA";"COMO";"MOLTRASIO";1;"Indennita' di contingenza";"1608";"0";1346;0;458;856;17
"LOMBARDIA";"COMO";"MONGUZZO";1;"Indennita' di contingenza";"1008";"0";879;0;321;538;10
"LOMBARDIA";"COMO";"MONTANO LUCINO";1;"Indennita' di contingenza";"2671";"0";2284;0;729;1483;25
"LOMBARDIA";"COMO";"MONTEMEZZO";1;"Indennita' di contingenza";"251";"0";162;0;49;102;7
"LOMBARDIA";"COMO";"MONTEVECCHIA";1;"Indennita' di contingenza";"1428";"0";1235;0;289;892;34
"LOMBARDIA";"COMO";"MONTICELLO BRIANZA";1;"Indennita' di contingenza";"3121";"0";2759;0;860;1793;43
"LOMBARDIA";"COMO";"MONTORFANO";1;"Indennita' di contingenza";"1541";"0";1276;0;326;906;23
"LOMBARDIA";"COMO";"MORTERONE";1;"Indennita' di contingenza";"26";"0";28;0;5;20;2
"LOMBARDIA";"COMO";"MOZZATE";1;"Indennita' di contingenza";"4278";"0";3727;0;1272;2361;35
"LOMBARDIA";"COMO";"MUSSO";1;"Indennita' di contingenza";"809";"0";700;0;201;466;24
"LOMBARDIA";"COMO";"NESSO";1;"Indennita' di contingenza";"1198";"0";934;0;307;594;14
"LOMBARDIA";"COMO";"NIBIONNO";1;"Indennita' di contingenza";"2308";"0";2050;0;550;1410;55
"LOMBARDIA";"COMO";"NOVEDRATE";1;"Indennita' di contingenza";"1784";"0";1565;0;501;1016;15
"LOMBARDIA";"COMO";"OGGIONO";1;"Indennita' di contingenza";"5593";"0";4794;0;1246;3387;92
"LOMBARDIA";"COMO";"OLGIATE COMASCO";1;"Indennita' di contingenza";"7311";"0";6282;0;1529;4498;115
"LOMBARDIA";"COMO";"OLGIATE MOLGORA";1;"Indennita' di contingenza";"3806";"0";3274;0;971;2210;44
"LOMBARDIA";"COMO";"OLGINATE";1;"Indennita' di contingenza";"5012";"0";4368;0;1457;2776;58
"LOMBARDIA";"COMO";"OLIVETO LARIO";1;"Indennita' di contingenza";"781";"0";674;0;141;503;15
"LOMBARDIA";"COMO";"OLTRONA DI SAN MAMETTE";1;"Indennita' di contingenza";"1249";"0";1060;0;242;779;18
"LOMBARDIA";"COMO";"ORSENIGO";1;"Indennita' di contingenza";"1485";"0";1306;0;353;906;23
"LOMBARDIA";"COMO";"OSNAGO";1;"Indennita' di contingenza";"2875";"0";2597;0;859;1659;40
"LOMBARDIA";"COMO";"OSSUCCIO";1;"Indennita' di contingenza";"729";"0";569;0;104;449;5
"LOMBARDIA";"COMO";"PADERNO D'ADDA";1;"Indennita' di contingenza";"1939";"0";1753;0;690;1012;29
"LOMBARDIA";"COMO";"PAGNONA";1;"Indennita' di contingenza";"398";"0";363;0;54;282;10
"LOMBARDIA";"COMO";"PARE'";1;"Indennita' di contingenza";"987";"0";838;0;202;607;12
"LOMBARDIA";"COMO";"PARLASCO";1;"Indennita' di contingenza";"108";"0";94;0;18;73;2
"LOMBARDIA";"COMO";"PASTURO";1;"Indennita' di contingenza";"1122";"0";933;0;161;741;22
"LOMBARDIA";"COMO";"PEGLIO";1;"Indennita' di contingenza";"162";"0";127;0;32;90;3
"LOMBARDIA";"COMO";"PELLIO INTELVI";1;"Indennita' di contingenza";"598";"0";480;0;92;370;12
"LOMBARDIA";"COMO";"PEREGO";1;"Indennita' di contingenza";"1010";"0";885;0;180;663;20
"LOMBARDIA";"COMO";"PERLEDO";1;"Indennita' di contingenza";"733";"0";581;0;137;426;7
"LOMBARDIA";"COMO";"PESCATE";1;"Indennita' di contingenza";"1400";"0";1204;0;341;829;17
"LOMBARDIA";"COMO";"PIANELLO DEL LARIO";1;"Indennita' di contingenza";"903";"0";753;0;137;577;24
"LOMBARDIA";"COMO";"PIGRA";1;"Indennita' di contingenza";"361";"0";247;0;83;154;7
"LOMBARDIA";"COMO";"PLESIO";1;"Indennita' di contingenza";"694";"0";540;0;107;409;11
"LOMBARDIA";"COMO";"POGNANA LARIO";1;"Indennita' di contingenza";"696";"0";557;0;182;354;7
"LOMBARDIA";"COMO";"PONNA";1;"Indennita' di contingenza";"290";"0";230;0;59;171;0
"LOMBARDIA";"COMO";"PONTE LAMBRO";1;"Indennita' di contingenza";"2960";"0";2564;0;921;1570;38
"LOMBARDIA";"COMO";"PORLEZZA";1;"Indennita' di contingenza";"2878";"0";2304;0;428;1781;44
"LOMBARDIA";"COMO";"PREMANA";1;"Indennita' di contingenza";"1544";"0";1383;0;107;1245;17
"LOMBARDIA";"COMO";"PRIMALUNA";1;"Indennita' di contingenza";"1233";"0";1073;0;235;786;17
"LOMBARDIA";"COMO";"PROSERPIO";1;"Indennita' di contingenza";"546";"0";472;0;122;337;8
"LOMBARDIA";"COMO";"PUSIANO";1;"Indennita' di contingenza";"824";"0";723;0;188;517;8
"LOMBARDIA";"COMO";"RAMPONIO VERNA";1;"Indennita' di contingenza";"353";"0";316;0;100;208;6
"LOMBARDIA";"COMO";"REZZAGO";1;"Indennita' di contingenza";"240";"0";211;0;44;158;3
"LOMBARDIA";"COMO";"ROBBIATE";1;"Indennita' di contingenza";"3209";"0";2826;0;982;1750;43
"LOMBARDIA";"COMO";"RODERO";1;"Indennita' di contingenza";"826";"0";684;0;142;519;12
"LOMBARDIA";"COMO";"ROGENO";1;"Indennita' di contingenza";"1751";"0";1569;0;593;921;32
"LOMBARDIA";"COMO";"RONAGO";1;"Indennita' di contingenza";"1071";"0";894;0;240;634;10
"LOMBARDIA";"COMO";"ROVAGNATE";1;"Indennita' di contingenza";"1538";"0";1357;0;205;1095;31
"LOMBARDIA";"COMO";"ROVELLASCA";1;"Indennita' di contingenza";"4365";"0";3791;0;1175;2524;39
"LOMBARDIA";"COMO";"ROVELLO PORRO";1;"Indennita' di contingenza";"4032";"0";3373;0;998;2295;30
"LOMBARDIA";"COMO";"SALA COMACINA";1;"Indennita' di contingenza";"507";"0";415;0;79;326;3
"LOMBARDIA";"COMO";"SAN BARTOLOMEO VAL CAVARGNA";1;"Indennita' di contingenza";"1005";"0";623;0;132;466;15
"LOMBARDIA";"COMO";"SAN FEDELE INTELVI";1;"Indennita' di contingenza";"1007";"0";810;0;135;657;6
"LOMBARDIA";"COMO";"SAN FERMO DELLA BATTAGLIA";1;"Indennita' di contingenza";"2700";"0";2371;0;716;1595;29
"LOMBARDIA";"COMO";"SAN NAZZARO VAL CAVARGNA";1;"Indennita' di contingenza";"412";"0";268;0;36;227;5
"LOMBARDIA";"COMO";"SANT'ABBONDIO";1;"Indennita' di contingenza";"683";"0";500;0;147;332;13
"LOMBARDIA";"COMO";"SANTA MARIA HOE'";1;"Indennita' di contingenza";"1139";"0";1022;0;176;814;18
"LOMBARDIA";"COMO";"SANTA MARIA REZZONICO";1;"Indennita' di contingenza";"1034";"0";711;0;216;457;27
"LOMBARDIA";"COMO";"SCHIGNANO";1;"Indennita' di contingenza";"822";"0";600;0;174;412;2
"LOMBARDIA";"COMO";"SENNA COMASCO";1;"Indennita' di contingenza";"1031";"0";895;0;279;591;8
"LOMBARDIA";"COMO";"SIRONE";1;"Indennita' di contingenza";"1460";"0";1268;0;481;733;30
"LOMBARDIA";"COMO";"SIRTORI";1;"Indennita' di contingenza";"1560";"0";1374;0;324;994;32
"LOMBARDIA";"COMO";"SOLBIATE";1;"Indennita' di contingenza";"1490";"0";1252;0;384;821;21
"LOMBARDIA";"COMO";"SORICO";1;"Indennita' di contingenza";"872";"0";613;0;129;460;14
"LOMBARDIA";"COMO";"SORMANO";1;"Indennita' di contingenza";"497";"0";456;0;76;366;11
"LOMBARDIA";"COMO";"STAZZONA";1;"Indennita' di contingenza";"495";"0";424;0;77;324;11
"LOMBARDIA";"COMO";"SUEGLIO";1;"Indennita' di contingenza";"197";"0";143;0;35;98;4
"LOMBARDIA";"COMO";"SUELLO";1;"Indennita' di contingenza";"1029";"0";919;0;270;624;13
"LOMBARDIA";"COMO";"TACENO";1;"Indennita' di contingenza";"311";"0";269;0;46;201;11
"LOMBARDIA";"COMO";"TAVERNERIO";1;"Indennita' di contingenza";"3923";"0";3423;0;1005;2312;44
"LOMBARDIA";"COMO";"TORNO";1;"Indennita' di contingenza";"853";"0";753;0;214;521;5
"LOMBARDIA";"COMO";"TREMENICO";1;"Indennita' di contingenza";"287";"0";250;0;90;145;8
"LOMBARDIA";"COMO";"TREMEZZO";1;"Indennita' di contingenza";"1115";"0";881;0;287;576;11
"LOMBARDIA";"COMO";"TREZZONE";1;"Indennita' di contingenza";"126";"0";101;0;9;89;2
"LOMBARDIA";"COMO";"TURATE";1;"Indennita' di contingenza";"5531";"0";4952;0;1609;3149;77
"LOMBARDIA";"COMO";"UGGIATE-TREVANO";1;"Indennita' di contingenza";"2503";"0";2160;0;608;1468;42
"LOMBARDIA";"COMO";"VALBRONA";1;"Indennita' di contingenza";"1603";"0";1400;0;293;1060;24
"LOMBARDIA";"COMO";"VALGREGHENTINO";1;"Indennita' di contingenza";"1976";"0";1762;0;517;1169;44
"LOMBARDIA";"COMO";"VALMADRERA";1;"Indennita' di contingenza";"7737";"0";6729;0;2105;4462;76
"LOMBARDIA";"COMO";"VALMOREA";1;"Indennita' di contingenza";"1732";"0";1467;0;436;982;17
"LOMBARDIA";"COMO";"VAL REZZO";1;"Indennita' di contingenza";"196";"0";146;0;19;118;1
"LOMBARDIA";"COMO";"VALSOLDA";1;"Indennita' di contingenza";"1650";"0";1168;0;272;855;19
"LOMBARDIA";"COMO";"VARENNA";1;"Indennita' di contingenza";"626";"0";528;0;139;367;9
"LOMBARDIA";"COMO";"VELESO";1;"Indennita' di contingenza";"232";"0";166;0;41;112;1
"LOMBARDIA";"COMO";"VENDROGNO";1;"Indennita' di contingenza";"258";"0";194;0;57;126;2
"LOMBARDIA";"COMO";"VENIANO";1;"Indennita' di contingenza";"1434";"0";1240;0;322;875;19
"LOMBARDIA";"COMO";"VERCANA";1;"Indennita' di contingenza";"549";"0";443;0;84;348;3
"LOMBARDIA";"COMO";"VERDERIO INFERIORE";1;"Indennita' di contingenza";"1120";"0";1040;0;379;639;15
"LOMBARDIA";"COMO";"VERDERIO SUPERIORE";1;"Indennita' di contingenza";"1131";"0";1002;0;402;578;10
"LOMBARDIA";"COMO";"VERTEMATE CON MINOPRIO";1;"Indennita' di contingenza";"2321";"0";2048;0;660;1322;30
"LOMBARDIA";"COMO";"VESTRENO";1;"Indennita' di contingenza";"225";"0";178;0;43;120;10
"LOMBARDIA";"COMO";"VIGANO'";1;"Indennita' di contingenza";"1058";"0";986;0;313;633;20
"LOMBARDIA";"COMO";"VILLA GUARDIA";1;"Indennita' di contingenza";"4607";"0";3935;0;1173;2678;40
"LOMBARDIA";"COMO";"ZELBIO";1;"Indennita' di contingenza";"177";"0";144;0;33;102;1
"LOMBARDIA";"CREMONA";"ACQUANEGRA CREMONESE";1;"Indennita' di contingenza";"992";"0";916;0;456;420;26
"LOMBARDIA";"CREMONA";"AGNADELLO";1;"Indennita' di contingenza";"1664";"0";1514;0;648;818;30
"LOMBARDIA";"CREMONA";"ANNICCO";1;"Indennita' di contingenza";"1792";"0";1599;0;596;940;45
"LOMBARDIA";"CREMONA";"AZZANELLO";1;"Indennita' di contingenza";"627";"0";547;0;248;285;10
"LOMBARDIA";"CREMONA";"BAGNOLO CREMASCO";1;"Indennita' di contingenza";"3074";"0";2810;0;1100;1637;36
"LOMBARDIA";"CREMONA";"BONEMERSE";1;"Indennita' di contingenza";"731";"0";687;0;339;326;14
"LOMBARDIA";"CREMONA";"BORDOLANO";1;"Indennita' di contingenza";"504";"0";453;0;150;285;11
"LOMBARDIA";"CREMONA";"CA' D'ANDREA";1;"Indennita' di contingenza";"576";"0";526;0;251;252;17
"LOMBARDIA";"CREMONA";"CALVATONE";1;"Indennita' di contingenza";"1065";"0";965;0;400;530;27
"LOMBARDIA";"CREMONA";"CAMISANO";1;"Indennita' di contingenza";"864";"0";802;0;280;505;11
"LOMBARDIA";"CREMONA";"CAMPAGNOLA CREMASCA";1;"Indennita' di contingenza";"316";"0";285;0;203;77;4
"LOMBARDIA";"CREMONA";"CAPERGNANICA";1;"Indennita' di contingenza";"1169";"0";1058;0;335;691;20
"LOMBARDIA";"CREMONA";"CAPPELLA CANTONE";1;"Indennita' di contingenza";"443";"0";395;0;175;199;11
"LOMBARDIA";"CREMONA";"CAPPELLA DE' PICENARDI";1;"Indennita' di contingenza";"494";"0";432;0;196;228;7
"LOMBARDIA";"CREMONA";"CAPRALBA";1;"Indennita' di contingenza";"1178";"0";1084;0;459;605;9
"LOMBARDIA";"CREMONA";"CASALBUTTANO ED UNITI";1;"Indennita' di contingenza";"3614";"0";3317;0;1394;1820;58
"LOMBARDIA";"CREMONA";"CASALE CREMASCO-VIDOLASCO";1;"Indennita' di contingenza";"840";"0";755;0;271;464;14
"LOMBARDIA";"CREMONA";"CASALETTO CEREDANO";1;"Indennita' di contingenza";"762";"0";694;0;230;444;7
"LOMBARDIA";"CREMONA";"CASALETTO DI SOPRA";1;"Indennita' di contingenza";"278";"0";248;0;81;158;5
"LOMBARDIA";"CREMONA";"CASALETTO VAPRIO";1;"Indennita' di contingenza";"726";"0";644;0;281;338;15
"LOMBARDIA";"CREMONA";"CASALMAGGIORE";1;"Indennita' di contingenza";"10677";"0";9659;0;3710;5653;183
"LOMBARDIA";"CREMONA";"CASALMORANO";1;"Indennita' di contingenza";"1381";"0";1226;0;446;726;38
"LOMBARDIA";"CREMONA";"CASTELDIDONE";1;"Indennita' di contingenza";"551";"0";510;0;161;328;19
"LOMBARDIA";"CREMONA";"CASTEL GABBIANO";1;"Indennita' di contingenza";"229";"0";204;0;48;150;3
"LOMBARDIA";"CREMONA";"CASTELLEONE";1;"Indennita' di contingenza";"6752";"0";6084;0;2135;3755;107
"LOMBARDIA";"CREMONA";"CASTELVERDE";1;"Indennita' di contingenza";"3039";"0";2831;0;1190;1536;72
"LOMBARDIA";"CREMONA";"CASTELVISCONTI";1;"Indennita' di contingenza";"361";"0";332;0;129;182;14
"LOMBARDIA";"CREMONA";"CELLA DATI";1;"Indennita' di contingenza";"582";"0";531;0;200;313;15
"LOMBARDIA";"CREMONA";"CHIEVE";1;"Indennita' di contingenza";"917";"0";839;0;185;633;11
"LOMBARDIA";"CREMONA";"CICOGNOLO";1;"Indennita' di contingenza";"677";"0";618;0;292;304;16
"LOMBARDIA";"CREMONA";"CINGIA DE' BOTTI";1;"Indennita' di contingenza";"1144";"0";1102;0;440;537;66
"LOMBARDIA";"CREMONA";"CORTE DE' CORTESI CON CIGNONE";1;"Indennita' di contingenza";"928";"0";840;0;308;499;18
"LOMBARDIA";"CREMONA";"CORTE DE' FRATI";1;"Indennita' di contingenza";"1140";"0";1047;0;379;639;19
"LOMBARDIA";"CREMONA";"CREDERA RUBBIANO";1;"Indennita' di contingenza";"1231";"0";1138;0;298;805;21
"LOMBARDIA";"CREMONA";"CREMA";1;"Indennita' di contingenza";"26755";"0";23992;0;8050;15375;274
"LOMBARDIA";"CREMONA";"CREMONA";1;"Indennita' di contingenza";"64499";"0";58446;0;24195;32647;781
"LOMBARDIA";"CREMONA";"CREMOSANO";1;"Indennita' di contingenza";"798";"0";739;0;284;433;11
"LOMBARDIA";"CREMONA";"CROTTA D'ADDA";1;"Indennita' di contingenza";"583";"0";542;0;244;286;4
"LOMBARDIA";"CREMONA";"CUMIGNANO SUL NAVIGLIO";1;"Indennita' di contingenza";"379";"0";344;0;144;188;9
"LOMBARDIA";"CREMONA";"DEROVERE";1;"Indennita' di contingenza";"351";"0";321;0;117;191;9
"LOMBARDIA";"CREMONA";"DOVERA";1;"Indennita' di contingenza";"2270";"0";2056;0;610;1391;25
"LOMBARDIA";"CREMONA";"DRIZZONA";1;"Indennita' di contingenza";"482";"0";443;0;248;184;6
"LOMBARDIA";"CREMONA";"FIESCO";1;"Indennita' di contingenza";"615";"0";540;0;165;358;10
"LOMBARDIA";"CREMONA";"FORMIGARA";1;"Indennita' di contingenza";"920";"0";843;0;355;461;19
"LOMBARDIA";"CREMONA";"GABBIONETA BINANUOVA";1;"Indennita' di contingenza";"851";"0";779;0;298;433;33
"LOMBARDIA";"CREMONA";"GADESCO PIEVE DELMONA";1;"Indennita' di contingenza";"1148";"0";1033;0;536;458;26
"LOMBARDIA";"CREMONA";"GENIVOLTA";1;"Indennita' di contingenza";"1003";"0";922;0;435;466;13
"LOMBARDIA";"CREMONA";"GERRE DE' CAPRIOLI";1;"Indennita' di contingenza";"553";"0";513;0;261;238;9
"LOMBARDIA";"CREMONA";"GOMBITO";1;"Indennita' di contingenza";"456";"0";402;0;126;258;7
"LOMBARDIA";"CREMONA";"GRONTARDO";1;"Indennita' di contingenza";"1184";"0";1097;0;559;514;17
"LOMBARDIA";"CREMONA";"GRUMELLO CREMONESE ED UNITI";1;"Indennita' di contingenza";"1625";"0";1421;0;610;759;30
"LOMBARDIA";"CREMONA";"GUSSOLA";1;"Indennita' di contingenza";"2329";"0";2149;0;1105;985;43
"LOMBARDIA";"CREMONA";"ISOLA DOVARESE";1;"Indennita' di contingenza";"1124";"0";1047;0;454;569;18
"LOMBARDIA";"CREMONA";"IZANO";1;"Indennita' di contingenza";"1093";"0";985;0;373;572;23
"LOMBARDIA";"CREMONA";"MADIGNANO";1;"Indennita' di contingenza";"1570";"0";1449;0;420;987;28
"LOMBARDIA";"CREMONA";"MALAGNINO";1;"Indennita' di contingenza";"734";"0";688;0;353;320;10
"LOMBARDIA";"CREMONA";"MARTIGNANA DI PO";1;"Indennita' di contingenza";"944";"0";832;0;373;427;22
"LOMBARDIA";"CREMONA";"MONTE CREMASCO";1;"Indennita' di contingenza";"982";"0";909;0;313;561;21
"LOMBARDIA";"CREMONA";"MONTODINE";1;"Indennita' di contingenza";"1587";"0";1428;0;552;831;28
"LOMBARDIA";"CREMONA";"MOSCAZZANO";1;"Indennita' di contingenza";"532";"0";485;0;142;326;8
"LOMBARDIA";"CREMONA";"MOTTA BALUFFI";1;"Indennita' di contingenza";"883";"0";791;0;397;372;16
"LOMBARDIA";"CREMONA";"OFFANENGO";1;"Indennita' di contingenza";"3788";"0";3481;0;1120;2235;76
"LOMBARDIA";"CREMONA";"OLMENETA";1;"Indennita' di contingenza";"728";"0";665;0;281;367;9
"LOMBARDIA";"CREMONA";"OSTIANO";1;"Indennita' di contingenza";"2512";"0";2252;0;1020;1146;61
"LOMBARDIA";"CREMONA";"PADERNO PONCHIELLI";1;"Indennita' di contingenza";"1471";"0";1333;0;591;685;35
"LOMBARDIA";"CREMONA";"PALAZZO PIGNANO";1;"Indennita' di contingenza";"1818";"0";1686;0;706;914;33
"LOMBARDIA";"CREMONA";"PANDINO";1;"Indennita' di contingenza";"4917";"0";4441;0;1579;2711;82
"LOMBARDIA";"CREMONA";"PERSICO DOSIMO";1;"Indennita' di contingenza";"1851";"0";1702;0;865;792;25
"LOMBARDIA";"CREMONA";"PESCAROLO ED UNITI";1;"Indennita' di contingenza";"1192";"0";1075;0;484;542;37
"LOMBARDIA";"CREMONA";"PESSINA CREMONESE";1;"Indennita' di contingenza";"673";"0";616;0;337;270;6
"LOMBARDIA";"CREMONA";"PIADENA";1;"Indennita' di contingenza";"3094";"0";2824;0;1341;1414;36
"LOMBARDIA";"CREMONA";"PIANENGO";1;"Indennita' di contingenza";"1298";"0";1190;0;584;572;26
"LOMBARDIA";"CREMONA";"PIERANICA";1;"Indennita' di contingenza";"568";"0";516;0;166;329;12
"LOMBARDIA";"CREMONA";"PIEVE D'OLMI";1;"Indennita' di contingenza";"969";"0";867;0;433;415;13
"LOMBARDIA";"CREMONA";"PIEVE SAN GIACOMO";1;"Indennita' di contingenza";"1141";"0";1055;0;521;502;21
"LOMBARDIA";"CREMONA";"PIZZIGHETTONE";1;"Indennita' di contingenza";"5614";"0";5154;0;2085;2929;73
"LOMBARDIA";"CREMONA";"POZZAGLIO ED UNITI";1;"Indennita' di contingenza";"907";"0";829;0;347;461;12
"LOMBARDIA";"CREMONA";"QUINTANO";1;"Indennita' di contingenza";"341";"0";315;0;121;177;14
"LOMBARDIA";"CREMONA";"RICENGO";1;"Indennita' di contingenza";"583";"0";526;0;173;334;13
"LOMBARDIA";"CREMONA";"RIPALTA ARPINA";1;"Indennita' di contingenza";"661";"0";620;0;177;416;13
"LOMBARDIA";"CREMONA";"RIPALTA CREMASCA";1;"Indennita' di contingenza";"2142";"0";1961;0;589;1318;25
"LOMBARDIA";"CREMONA";"RIPALTA GUERINA";1;"Indennita' di contingenza";"262";"0";243;0;76;163;3
"LOMBARDIA";"CREMONA";"RIVAROLO DEL RE ED UNITI";1;"Indennita' di contingenza";"1627";"0";1500;0;474;969;46
"LOMBARDIA";"CREMONA";"RIVOLTA D'ADDA";1;"Indennita' di contingenza";"5620";"0";4915;0;1885;2901;58
"LOMBARDIA";"CREMONA";"ROBECCO D'OGLIO";1;"Indennita' di contingenza";"1855";"0";1660;0;631;960;31
"LOMBARDIA";"CREMONA";"ROMANENGO";1;"Indennita' di contingenza";"1733";"0";1562;0;667;850;31
"LOMBARDIA";"CREMONA";"SALVIROLA";1;"Indennita' di contingenza";"663";"0";586;0;206;355;14
"LOMBARDIA";"CREMONA";"SAN BASSANO";1;"Indennita' di contingenza";"1675";"0";1546;0;567;817;66
"LOMBARDIA";"CREMONA";"SAN DANIELE PO";1;"Indennita' di contingenza";"1388";"0";1254;0;646;571;22
"LOMBARDIA";"CREMONA";"SAN GIOVANNI IN CROCE";1;"Indennita' di contingenza";"1286";"0";1195;0;500;651;26
"LOMBARDIA";"CREMONA";"SAN MARTINO DEL LAGO";1;"Indennita' di contingenza";"463";"0";400;0;176;208;13
"LOMBARDIA";"CREMONA";"SCANDOLARA RAVARA";1;"Indennita' di contingenza";"1426";"0";1282;0;565;659;45
"LOMBARDIA";"CREMONA";"SCANDOLARA RIPA D'OGLIO";1;"Indennita' di contingenza";"542";"0";492;0;236;237;15
"LOMBARDIA";"CREMONA";"SERGNANO";1;"Indennita' di contingenza";"1976";"0";1790;0;636;1105;24
"LOMBARDIA";"CREMONA";"SESTO ED UNITI";1;"Indennita' di contingenza";"2120";"0";1975;0;872;1033;44
"LOMBARDIA";"CREMONA";"SOLAROLO RAINERIO";1;"Indennita' di contingenza";"883";"0";800;0;318;453;20
"LOMBARDIA";"CREMONA";"SONCINO";1;"Indennita' di contingenza";"5688";"0";5126;0;1676;3278;92
"LOMBARDIA";"CREMONA";"SORESINA";1;"Indennita' di contingenza";"7670";"0";6986;0;3244;3501;136
"LOMBARDIA";"CREMONA";"SOSPIRO";1;"Indennita' di contingenza";"2717";"0";2123;0;895;1108;39
"LOMBARDIA";"CREMONA";"SPINADESCO";1;"Indennita' di contingenza";"1036";"0";928;0;426;467;17
"LOMBARDIA";"CREMONA";"SPINEDA";1;"Indennita' di contingenza";"584";"0";532;0;138;375;15
"LOMBARDIA";"CREMONA";"SPINO D'ADDA";1;"Indennita' di contingenza";"3586";"0";3268;0;1631;1549;48
"LOMBARDIA";"CREMONA";"STAGNO LOMBARDO";1;"Indennita' di contingenza";"1245";"0";1135;0;551;550;21
"LOMBARDIA";"CREMONA";"TICENGO";1;"Indennita' di contingenza";"333";"0";311;0;131;170;8
"LOMBARDIA";"CREMONA";"TORLINO VIMERCATI";1;"Indennita' di contingenza";"241";"0";229;0;101;119;5
"LOMBARDIA";"CREMONA";"TORNATA";1;"Indennita' di contingenza";"433";"0";395;0;133;257;2
"LOMBARDIA";"CREMONA";"TORRE DE' PICENARDI";1;"Indennita' di contingenza";"1640";"0";1454;0;696;717;29
"LOMBARDIA";"CREMONA";"TORRICELLA DEL PIZZO";1;"Indennita' di contingenza";"691";"0";629;0;348;262;18
"LOMBARDIA";"CREMONA";"TRESCORE CREMASCO";1;"Indennita' di contingenza";"1596";"0";1461;0;344;1070;22
"LOMBARDIA";"CREMONA";"TRIGOLO";1;"Indennita' di contingenza";"1404";"0";1247;0;490;705;31
"LOMBARDIA";"CREMONA";"VAIANO CREMASCO";1;"Indennita' di contingenza";"2312";"0";2178;0;1048;1083;27
"LOMBARDIA";"CREMONA";"VAILATE";1;"Indennita' di contingenza";"2563";"0";2285;0;783;1425;41
"LOMBARDIA";"CREMONA";"VESCOVATO";1;"Indennita' di contingenza";"2752";"0";2473;0;1150;1255;31
"LOMBARDIA";"CREMONA";"VOLONGO";1;"Indennita' di contingenza";"575";"0";518;0;206;291;16
"LOMBARDIA";"CREMONA";"VOLTIDO";1;"Indennita' di contingenza";"414";"0";360;0;137;213;3
"LOMBARDIA";"MANTOVA";"ACQUANEGRA SUL CHIESE";1;"Indennita' di contingenza";"2534";"0";2284;0;1123;1107;37
"LOMBARDIA";"MANTOVA";"ASOLA";1;"Indennita' di contingenza";"6871";"0";6204;0;2442;3559;122
"LOMBARDIA";"MANTOVA";"BAGNOLO SAN VITO";1;"Indennita' di contingenza";"4234";"0";3864;0;1528;2237;54
"LOMBARDIA";"MANTOVA";"BIGARELLO";1;"Indennita' di contingenza";"1370";"0";1256;0;537;693;13
"LOMBARDIA";"MANTOVA";"BORGOFORTE";1;"Indennita' di contingenza";"2546";"0";2340;0;1113;1169;33
"LOMBARDIA";"MANTOVA";"BORGOFRANCO SUL PO";1;"Indennita' di contingenza";"951";"0";835;0;313;499;13
"LOMBARDIA";"MANTOVA";"BOZZOLO";1;"Indennita' di contingenza";"3465";"0";3175;0;1130;1958;58
"LOMBARDIA";"MANTOVA";"CANNETO SULL'OGLIO";1;"Indennita' di contingenza";"3756";"0";3390;0;1503;1789;54
"LOMBARDIA";"MANTOVA";"CARBONARA DI PO";1;"Indennita' di contingenza";"1181";"0";1074;0;528;527;10
"LOMBARDIA";"MANTOVA";"CASALMORO";1;"Indennita' di contingenza";"1277";"0";1181;0;591;547;30
"LOMBARDIA";"MANTOVA";"CASALOLDO";1;"Indennita' di contingenza";"1411";"0";1266;0;497;695;51
"LOMBARDIA";"MANTOVA";"CASALROMANO";1;"Indennita' di contingenza";"993";"0";889;0;356;511;12
"LOMBARDIA";"MANTOVA";"CASTELBELFORTE";1;"Indennita' di contingenza";"1976";"0";1838;0;840;954;26
"LOMBARDIA";"MANTOVA";"CASTEL D'ARIO";1;"Indennita' di contingenza";"3159";"0";2885;0;1183;1624;53
"LOMBARDIA";"MANTOVA";"CASTEL GOFFREDO";1;"Indennita' di contingenza";"6176";"0";5493;0;1843;3475;107
"LOMBARDIA";"MANTOVA";"CASTELLUCCHIO";1;"Indennita' di contingenza";"3984";"0";3616;0;1508;2013;56
"LOMBARDIA";"MANTOVA";"CASTIGLIONE DELLE STIVIERE";1;"Indennita' di contingenza";"11997";"0";10240;0;3857;6084;160
"LOMBARDIA";"MANTOVA";"CAVRIANA";1;"Indennita' di contingenza";"2684";"0";2343;0;849;1414;47
"LOMBARDIA";"MANTOVA";"CERESARA";1;"Indennita' di contingenza";"1967";"0";1776;0;513;1196;41
"LOMBARDIA";"MANTOVA";"COMMESSAGGIO";1;"Indennita' di contingenza";"1000";"0";900;0;333;537;19
"LOMBARDIA";"MANTOVA";"CURTATONE";1;"Indennita' di contingenza";"7584";"0";6905;0;3076;3660;86
"LOMBARDIA";"MANTOVA";"DOSOLO";1;"Indennita' di contingenza";"2612";"0";2390;0;1307;1014;41
"LOMBARDIA";"MANTOVA";"FELONICA";1;"Indennita' di contingenza";"1672";"0";1467;0;620;808;24
"LOMBARDIA";"MANTOVA";"GAZOLDO DEGLI IPPOLITI";1;"Indennita' di contingenza";"1848";"0";1635;0;652;929;37
"LOMBARDIA";"MANTOVA";"GAZZUOLO";1;"Indennita' di contingenza";"2225";"0";2018;0;830;1122;39
"LOMBARDIA";"MANTOVA";"GOITO";1;"Indennita' di contingenza";"7146";"0";6480;0;3162;3141;109
"LOMBARDIA";"MANTOVA";"GONZAGA";1;"Indennita' di contingenza";"5913";"0";5498;0;2892;2456;99
"LOMBARDIA";"MANTOVA";"GUIDIZZOLO";1;"Indennita' di contingenza";"3705";"0";3243;0;1259;1844;94
"LOMBARDIA";"MANTOVA";"MAGNACAVALLO";1;"Indennita' di contingenza";"1612";"0";1495;0;671;793;23
"LOMBARDIA";"MANTOVA";"MANTOVA";1;"Indennita' di contingenza";"48576";"0";42801;0;19369;22366;553
"LOMBARDIA";"MANTOVA";"MARCARIA";1;"Indennita' di contingenza";"5905";"0";5356;0;2024;3176;97
"LOMBARDIA";"MANTOVA";"MARIANA MANTOVANA";1;"Indennita' di contingenza";"505";"0";458;0;153;289;11
"LOMBARDIA";"MANTOVA";"MARMIROLO";1;"Indennita' di contingenza";"5594";"0";5151;0;2551;2454;84
"LOMBARDIA";"MANTOVA";"MEDOLE";1;"Indennita' di contingenza";"2438";"0";2194;0;870;1215;74
"LOMBARDIA";"MANTOVA";"MOGLIA";1;"Indennita' di contingenza";"4475";"0";4144;0;1876;2147;82
"LOMBARDIA";"MANTOVA";"MONZAMBANO";1;"Indennita' di contingenza";"2927";"0";2601;0;818;1691;56
"LOMBARDIA";"MANTOVA";"MOTTEGGIANA";1;"Indennita' di contingenza";"1519";"0";1427;0;881;523;16
"LOMBARDIA";"MANTOVA";"OSTIGLIA";1;"Indennita' di contingenza";"6220";"0";5579;0;2862;2577;81
"LOMBARDIA";"MANTOVA";"PEGOGNAGA";1;"Indennita' di contingenza";"5268";"0";4995;0;3156;1746;67
"LOMBARDIA";"MANTOVA";"PIEVE DI CORIANO";1;"Indennita' di contingenza";"741";"0";668;0;339;316;9
"LOMBARDIA";"MANTOVA";"PIUBEGA";1;"Indennita' di contingenza";"1313";"0";1138;0;338;730;50
"LOMBARDIA";"MANTOVA";"POGGIO RUSCO";1;"Indennita' di contingenza";"5019";"0";4607;0;2229;2265;65
"LOMBARDIA";"MANTOVA";"POMPONESCO";1;"Indennita' di contingenza";"1238";"0";1110;0;382;686;32
"LOMBARDIA";"MANTOVA";"PONTI SUL MINCIO";1;"Indennita' di contingenza";"1284";"0";1128;0;406;677;33
"LOMBARDIA";"MANTOVA";"PORTO MANTOVANO";1;"Indennita' di contingenza";"8439";"0";7691;0;3964;3556;103
"LOMBARDIA";"MANTOVA";"QUINGENTOLE";1;"Indennita' di contingenza";"1119";"0";1005;0;535;446;19
"LOMBARDIA";"MANTOVA";"QUISTELLO";1;"Indennita' di contingenza";"5190";"0";4688;0;1990;2551;93
"LOMBARDIA";"MANTOVA";"REDONDESCO";1;"Indennita' di contingenza";"1192";"0";1035;0;350;647;31
"LOMBARDIA";"MANTOVA";"REVERE";1;"Indennita' di contingenza";"2334";"0";2060;0;916;1105;28
"LOMBARDIA";"MANTOVA";"RIVAROLO MANTOVANO";1;"Indennita' di contingenza";"2326";"0";2073;0;680;1310;56
"LOMBARDIA";"MANTOVA";"RODIGO";1;"Indennita' di contingenza";"3992";"0";3633;0;1584;1906;71
"LOMBARDIA";"MANTOVA";"RONCOFERRARO";1;"Indennita' di contingenza";"5447";"0";5012;0;1990;2910;66
"LOMBARDIA";"MANTOVA";"ROVERBELLA";1;"Indennita' di contingenza";"5921";"0";5331;0;2383;2779;88
"LOMBARDIA";"MANTOVA";"SABBIONETA";1;"Indennita' di contingenza";"3837";"0";3417;0;1176;2117;81
"LOMBARDIA";"MANTOVA";"SAN BENEDETTO PO";1;"Indennita' di contingenza";"6661";"0";5989;0;3140;2719;84
"LOMBARDIA";"MANTOVA";"SAN GIACOMO DELLE SEGNATE";1;"Indennita' di contingenza";"1643";"0";1466;0;618;806;25
"LOMBARDIA";"MANTOVA";"SAN GIORGIO DI MANTOVA";1;"Indennita' di contingenza";"4111";"0";3746;0;2021;1648;53
"LOMBARDIA";"MANTOVA";"SAN GIOVANNI DEL DOSSO";1;"Indennita' di contingenza";"1047";"0";949;0;443;467;22
"LOMBARDIA";"MANTOVA";"SAN MARTINO DALL'ARGINE";1;"Indennita' di contingenza";"1670";"0";1506;0;689;761;39
"LOMBARDIA";"MANTOVA";"SCHIVENOGLIA";1;"Indennita' di contingenza";"1156";"0";1011;0;434;531;31
"LOMBARDIA";"MANTOVA";"SERMIDE";1;"Indennita' di contingenza";"6102";"0";5455;0;2416;2932;71
"LOMBARDIA";"MANTOVA";"SERRAVALLE A PO";1;"Indennita' di contingenza";"1519";"0";1410;0;698;655;38
"LOMBARDIA";"MANTOVA";"SOLFERINO";1;"Indennita' di contingenza";"1595";"0";1372;0;533;795;27
"LOMBARDIA";"MANTOVA";"SUSTINENTE";1;"Indennita' di contingenza";"1959";"0";1774;0;737;992;33
"LOMBARDIA";"MANTOVA";"SUZZARA";1;"Indennita' di contingenza";"14931";"0";13989;0;8613;5120;164
"LOMBARDIA";"MANTOVA";"VIADANA";1;"Indennita' di contingenza";"12726";"0";11519;0;4604;6537;211
"LOMBARDIA";"MANTOVA";"VILLA POMA";1;"Indennita' di contingenza";"1732";"0";1567;0;575;952;25
"LOMBARDIA";"MANTOVA";"VILLIMPENTA";1;"Indennita' di contingenza";"1894";"0";1734;0;659;1034;22
"LOMBARDIA";"MANTOVA";"VIRGILIO";1;"Indennita' di contingenza";"6331";"0";5756;0;2574;3055;86
"LOMBARDIA";"MANTOVA";"VOLTA MANTOVANA";1;"Indennita' di contingenza";"4464";"0";3908;0;1497;2242;115
"LOMBARDIA";"MILANO";"ABBADIA CERRETO";1;"Indennita' di contingenza";"219";"0";203;0;63;133;5
"LOMBARDIA";"MILANO";"ABBIATEGRASSO";1;"Indennita' di contingenza";"21667";"0";18702;0;8439;9824;207
"LOMBARDIA";"MILANO";"AGRATE BRIANZA";1;"Indennita' di contingenza";"8293";"0";7399;0;2671;4569;85
"LOMBARDIA";"MILANO";"AICURZIO";1;"Indennita' di contingenza";"1234";"0";1125;0;387;713;14
"LOMBARDIA";"MILANO";"ALBAIRATE";1;"Indennita' di contingenza";"2256";"0";2016;0;820;1128;37
"LOMBARDIA";"MILANO";"ALBIATE";1;"Indennita' di contingenza";"3372";"0";2985;0;1015;1886;41
"LOMBARDIA";"MILANO";"ARCONATE";1;"Indennita' di contingenza";"3313";"0";2960;0;1121;1755;44
"LOMBARDIA";"MILANO";"ARCORE";1;"Indennita' di contingenza";"11246";"0";9931;0;3783;5934;102
"LOMBARDIA";"MILANO";"ARESE";1;"Indennita' di contingenza";"11280";"0";9609;0;3568;5861;77
"LOMBARDIA";"MILANO";"ARLUNO";1;"Indennita' di contingenza";"6895";"0";6201;0;2657;3392;84
"LOMBARDIA";"MILANO";"ASSAGO";1;"Indennita' di contingenza";"2542";"0";2227;0;979;1207;19
"LOMBARDIA";"MILANO";"BAREGGIO";1;"Indennita' di contingenza";"9530";"0";8273;0;3827;4264;87
"LOMBARDIA";"MILANO";"BARLASSINA";1;"Indennita' di contingenza";"4387";"0";3864;0;1338;2420;55
"LOMBARDIA";"MILANO";"BASIANO";1;"Indennita' di contingenza";"1605";"0";1435;0;552;846;17
"LOMBARDIA";"MILANO";"BASIGLIO";1;"Indennita' di contingenza";"1869";"0";1529;0;444;1057;15
"LOMBARDIA";"MILANO";"BELLINZAGO LOMBARDO";1;"Indennita' di contingenza";"2072";"0";1825;0;706;1071;24
"LOMBARDIA";"MILANO";"BELLUSCO";1;"Indennita' di contingenza";"4387";"0";3884;0;1577;2228;38
"LOMBARDIA";"MILANO";"BERNAREGGIO";1;"Indennita' di contingenza";"4863";"0";4377;0;1563;2710;53
"LOMBARDIA";"MILANO";"BERNATE TICINO";1;"Indennita' di contingenza";"1998";"0";1765;0;456;1261;34
"LOMBARDIA";"MILANO";"BERTONICO";1;"Indennita' di contingenza";"904";"0";839;0;471;342;18
"LOMBARDIA";"MILANO";"BESANA IN BRIANZA";1;"Indennita' di contingenza";"9051";"0";7970;0;2262;5501;118
"LOMBARDIA";"MILANO";"BESATE";1;"Indennita' di contingenza";"1211";"0";1084;0;483;560;24
"LOMBARDIA";"MILANO";"BIASSONO";1;"Indennita' di contingenza";"7060";"0";6349;0;1942;4238;91
"LOMBARDIA";"MILANO";"BINASCO";1;"Indennita' di contingenza";"4847";"0";4379;0;2006;2278;49
"LOMBARDIA";"MILANO";"BOFFALORA D'ADDA";1;"Indennita' di contingenza";"655";"0";613;0;239;357;8
"LOMBARDIA";"MILANO";"BOFFALORA SOPRA TICINO";1;"Indennita' di contingenza";"3004";"0";2714;0;811;1821;57
"LOMBARDIA";"MILANO";"BOLLATE";1;"Indennita' di contingenza";"32754";"0";28311;0;14497;13244;211
"LOMBARDIA";"MILANO";"BORGHETTO LODIGIANO";1;"Indennita' di contingenza";"2823";"0";2526;0;1331;1127;40
"LOMBARDIA";"MILANO";"BORGO SAN GIOVANNI";1;"Indennita' di contingenza";"885";"0";800;0;369;416;8
"LOMBARDIA";"MILANO";"BOVISIO-MASCIAGO";1;"Indennita' di contingenza";"8695";"0";7648;0;2921;4517;73
"LOMBARDIA";"MILANO";"BREMBIO";1;"Indennita' di contingenza";"1905";"0";1781;0;935;803;26
"LOMBARDIA";"MILANO";"BRESSO";1;"Indennita' di contingenza";"24516";"0";21179;0;8954;11799;196
"LOMBARDIA";"MILANO";"BRIOSCO";1;"Indennita' di contingenza";"3734";"0";3332;0;1114;2102;56
"LOMBARDIA";"MILANO";"BRUGHERIO";1;"Indennita' di contingenza";"21366";"0";18681;0;7691;10614;163
"LOMBARDIA";"MILANO";"BUBBIANO";1;"Indennita' di contingenza";"517";"0";466;0;185;267;11
"LOMBARDIA";"MILANO";"BUCCINASCO";1;"Indennita' di contingenza";"11297";"0";9687;0;4610;4919;69
"LOMBARDIA";"MILANO";"BURAGO DI MOLGORA";1;"Indennita' di contingenza";"2836";"0";2526;0;1063;1410;24
"LOMBARDIA";"MILANO";"BUSCATE";1;"Indennita' di contingenza";"3259";"0";2933;0;999;1858;43
"LOMBARDIA";"MILANO";"BUSNAGO";1;"Indennita' di contingenza";"2597";"0";2344;0;953;1343;21
"LOMBARDIA";"MILANO";"BUSSERO";1;"Indennita' di contingenza";"4171";"0";3766;0;1863;1804;49
"LOMBARDIA";"MILANO";"BUSTO GAROLFO";1;"Indennita' di contingenza";"8638";"0";7811;0;3111;4490;106
"LOMBARDIA";"MILANO";"CALVIGNASCO";1;"Indennita' di contingenza";"337";"0";297;0;155;138;3
"LOMBARDIA";"MILANO";"CAMAIRAGO";1;"Indennita' di contingenza";"391";"0";364;0;140;217;5
"LOMBARDIA";"MILANO";"CAMBIAGO";1;"Indennita' di contingenza";"2618";"0";2317;0;1090;1180;24
"LOMBARDIA";"MILANO";"CAMPARADA";1;"Indennita' di contingenza";"908";"0";824;0;288;515;14
"LOMBARDIA";"MILANO";"CANEGRATE";1;"Indennita' di contingenza";"8626";"0";7589;0;3486;3885;105
"LOMBARDIA";"MILANO";"CAPONAGO";1;"Indennita' di contingenza";"2223";"0";1998;0;793;1162;19
"LOMBARDIA";"MILANO";"CARATE BRIANZA";1;"Indennita' di contingenza";"11788";"0";10474;0;3001;7193;142
"LOMBARDIA";"MILANO";"CARNATE";1;"Indennita' di contingenza";"4649";"0";4075;0;1726;2233;71
"LOMBARDIA";"MILANO";"CARPIANO";1;"Indennita' di contingenza";"1034";"0";952;0;505;428;12
"LOMBARDIA";"MILANO";"CARUGATE";1;"Indennita' di contingenza";"7463";"0";6611;0;2616;3839;75
"LOMBARDIA";"MILANO";"CASALETTO LODIGIANO";1;"Indennita' di contingenza";"1022";"0";949;0;454;462;26
"LOMBARDIA";"MILANO";"CASALMAIOCCO";1;"Indennita' di contingenza";"1064";"0";970;0;472;473;13
"LOMBARDIA";"MILANO";"CASALPUSTERLENGO";1;"Indennita' di contingenza";"10964";"0";10050;0;4527;5286;130
"LOMBARDIA";"MILANO";"CASARILE";1;"Indennita' di contingenza";"1328";"0";1166;0;628;513;11
"LOMBARDIA";"MILANO";"CASELLE LANDI";1;"Indennita' di contingenza";"1473";"0";1299;0;537;708;44
"LOMBARDIA";"MILANO";"CASELLE LURANI";1;"Indennita' di contingenza";"913";"0";823;0;370;434;10
"LOMBARDIA";"MILANO";"CASOREZZO";1;"Indennita' di contingenza";"3000";"0";2683;0;970;1622;33
"LOMBARDIA";"MILANO";"CASSANO D'ADDA";1;"Indennita' di contingenza";"12218";"0";10841;0;4429;6152;119
"LOMBARDIA";"MILANO";"CASSINA DE' PECCHI";1;"Indennita' di contingenza";"8717";"0";7527;0;3429;3961;55
"LOMBARDIA";"MILANO";"CASSINETTA DI LUGAGNANO";1;"Indennita' di contingenza";"889";"0";795;0;325;440;13
"LOMBARDIA";"MILANO";"CASTANO PRIMO";1;"Indennita' di contingenza";"7486";"0";6775;0;2423;4158;99
"LOMBARDIA";"MILANO";"CASTELNUOVO BOCCA D'ADDA";1;"Indennita' di contingenza";"1436";"0";1213;0;387;765;28
"LOMBARDIA";"MILANO";"CASTIGLIONE D'ADDA";1;"Indennita' di contingenza";"3391";"0";3059;0;1311;1646;57
"LOMBARDIA";"MILANO";"CASTIRAGA VIDARDO";1;"Indennita' di contingenza";"844";"0";789;0;264;508;12
"LOMBARDIA";"MILANO";"CAVACURTA";1;"Indennita' di contingenza";"583";"0";533;0;274;242;7
"LOMBARDIA";"MILANO";"CAVENAGO D'ADDA";1;"Indennita' di contingenza";"1500";"0";1370;0;558;754;36
"LOMBARDIA";"MILANO";"CAVENAGO DI BRIANZA";1;"Indennita' di contingenza";"3611";"0";3185;0;1464;1650;40
"LOMBARDIA";"MILANO";"CERIANO LAGHETTO";1;"Indennita' di contingenza";"3665";"0";3236;0;1289;1849;48
"LOMBARDIA";"MILANO";"CERNUSCO SUL NAVIGLIO";1;"Indennita' di contingenza";"19492";"0";17104;0;7021;9648;203
"LOMBARDIA";"MILANO";"CERRO AL LAMBRO";1;"Indennita' di contingenza";"2033";"0";1886;0;840;1006;25
"LOMBARDIA";"MILANO";"CERRO MAGGIORE";1;"Indennita' di contingenza";"10608";"0";9433;0;3657;5471;147
"LOMBARDIA";"MILANO";"CERVIGNANO D'ADDA";1;"Indennita' di contingenza";"666";"0";597;0;292;287;10
"LOMBARDIA";"MILANO";"CESANO BOSCONE";1;"Indennita' di contingenza";"19015";"0";15822;0;8236;7213;138
"LOMBARDIA";"MILANO";"CESANO MADERNO";1;"Indennita' di contingenza";"24135";"0";21163;0;8234;12419;175
"LOMBARDIA";"MILANO";"CESATE";1;"Indennita' di contingenza";"6931";"0";6013;0;2702;3198;49
"LOMBARDIA";"MILANO";"CINISELLO BALSAMO";1;"Indennita' di contingenza";"60455";"0";51473;0;29177;21367;369
"LOMBARDIA";"MILANO";"CISLIANO";1;"Indennita' di contingenza";"2080";"0";1860;0;702;1120;24
"LOMBARDIA";"MILANO";"CODOGNO";1;"Indennita' di contingenza";"11787";"0";10689;0;4577;5703;186
"LOMBARDIA";"MILANO";"COGLIATE";1;"Indennita' di contingenza";"4970";"0";4339;0;1798;2433;41
"LOMBARDIA";"MILANO";"COLOGNO MONZESE";1;"Indennita' di contingenza";"38478";"0";32213;0;16956;14628;241
"LOMBARDIA";"MILANO";"COLTURANO";1;"Indennita' di contingenza";"838";"0";742;0;421;298;10
"LOMBARDIA";"MILANO";"COMAZZO";1;"Indennita' di contingenza";"758";"0";684;0;351;318;8
"LOMBARDIA";"MILANO";"CONCOREZZO";1;"Indennita' di contingenza";"9731";"0";8634;0;2818;5670;67
"LOMBARDIA";"MILANO";"CORBETTA";1;"Indennita' di contingenza";"10110";"0";8785;0;3928;4601;124
"LOMBARDIA";"MILANO";"CORMANO";1;"Indennita' di contingenza";"14555";"0";12739;0;6844;5655;99
"LOMBARDIA";"MILANO";"CORNAREDO";1;"Indennita' di contingenza";"12078";"0";10589;0;5128;5235;118
"LOMBARDIA";"MILANO";"CORNATE D'ADDA";1;"Indennita' di contingenza";"6005";"0";5354;0;2367;2863;64
"LOMBARDIA";"MILANO";"CORNEGLIANO LAUDENSE";1;"Indennita' di contingenza";"1159";"0";1046;0;386;634;17
"LOMBARDIA";"MILANO";"CORNO GIOVINE";1;"Indennita' di contingenza";"990";"0";912;0;369;508;19
"LOMBARDIA";"MILANO";"CORNOVECCHIO";1;"Indennita' di contingenza";"190";"0";181;0;50;125;3
"LOMBARDIA";"MILANO";"CORREZZANA";1;"Indennita' di contingenza";"1048";"0";931;0;283;623;16
"LOMBARDIA";"MILANO";"CORSICO";1;"Indennita' di contingenza";"31469";"0";26680;0;14931;11250;194
"LOMBARDIA";"MILANO";"CORTE PALASIO";1;"Indennita' di contingenza";"863";"0";798;0;386;393;12
"LOMBARDIA";"MILANO";"CRESPIATICA";1;"Indennita' di contingenza";"1007";"0";923;0;436;448;18
"LOMBARDIA";"MILANO";"CUGGIONO";1;"Indennita' di contingenza";"5450";"0";4922;0;1367;3396;63
"LOMBARDIA";"MILANO";"CUSAGO";1;"Indennita' di contingenza";"1442";"0";1267;0;522;710;17
"LOMBARDIA";"MILANO";"CUSANO MILANINO";1;"Indennita' di contingenza";"16778";"0";14358;0;6678;7424;112
"LOMBARDIA";"MILANO";"DAIRAGO";1;"Indennita' di contingenza";"3110";"0";2757;0;1119;1565;36
"LOMBARDIA";"MILANO";"DESIO";1;"Indennita' di contingenza";"25284";"0";22469;0;8937;12935;242
"LOMBARDIA";"MILANO";"DRESANO";1;"Indennita' di contingenza";"1628";"0";1421;0;684;715;10
"LOMBARDIA";"MILANO";"FOMBIO";1;"Indennita' di contingenza";"1232";"0";1117;0;470;598;25
"LOMBARDIA";"MILANO";"GAGGIANO";1;"Indennita' di contingenza";"5569";"0";5029;0;2448;2495;41
"LOMBARDIA";"MILANO";"GALGAGNANO";1;"Indennita' di contingenza";"266";"0";251;0;145;103;3
"LOMBARDIA";"MILANO";"GARBAGNATE MILANESE";1;"Indennita' di contingenza";"17708";"0";15324;0;8100;6928;108
"LOMBARDIA";"MILANO";"GESSATE";1;"Indennita' di contingenza";"3175";"0";2892;0;985;1829;45
"LOMBARDIA";"MILANO";"GIUSSANO";1;"Indennita' di contingenza";"15249";"0";13423;0;3784;9289;132
"LOMBARDIA";"MILANO";"GORGONZOLA";1;"Indennita' di contingenza";"11352";"0";10242;0;3929;6101;82
"LOMBARDIA";"MILANO";"GRAFFIGNANA";1;"Indennita' di contingenza";"1864";"0";1697;0;625;1039;17
"LOMBARDIA";"MILANO";"GREZZAGO";1;"Indennita' di contingenza";"1050";"0";968;0;319;626;15
"LOMBARDIA";"MILANO";"GUARDAMIGLIO";1;"Indennita' di contingenza";"2010";"0";1870;0;696;1128;25
"LOMBARDIA";"MILANO";"GUDO VISCONTI";1;"Indennita' di contingenza";"511";"0";450;0;214;232;2
"LOMBARDIA";"MILANO";"INVERUNO";1;"Indennita' di contingenza";"6007";"0";5395;0;1803;3464;59
"LOMBARDIA";"MILANO";"INZAGO";1;"Indennita' di contingenza";"6330";"0";5616;0;2352;3141;61
"LOMBARDIA";"MILANO";"LACCHIARELLA";1;"Indennita' di contingenza";"4932";"0";4507;0;2492;1934;35
"LOMBARDIA";"MILANO";"LAINATE";1;"Indennita' di contingenza";"14468";"0";12569;0;5861;6418;117
"LOMBARDIA";"MILANO";"LAZZATE";1;"Indennita' di contingenza";"4158";"0";3694;0;1432;2139;61
"LOMBARDIA";"MILANO";"LEGNANO";1;"Indennita' di contingenza";"38331";"0";33181;0;12303;20144;326
"LOMBARDIA";"MILANO";"LENTATE SUL SEVESO";1;"Indennita' di contingenza";"10239";"0";9009;0;3280;5492;123
"LOMBARDIA";"MILANO";"LESMO";1;"Indennita' di contingenza";"4253";"0";3788;0;1273;2434;38
"LOMBARDIA";"MILANO";"LIMBIATE";1;"Indennita' di contingenza";"24098";"0";20957;0;11382;9075;163
"LOMBARDIA";"MILANO";"LISCATE";1;"Indennita' di contingenza";"1339";"0";1216;0;526;657;25
"LOMBARDIA";"MILANO";"LISSONE";1;"Indennita' di contingenza";"23650";"0";20591;0;6329;13721;213
"LOMBARDIA";"MILANO";"LIVRAGA";1;"Indennita' di contingenza";"1986";"0";1776;0;751;963;37
"LOMBARDIA";"MILANO";"LOCATE DI TRIULZI";1;"Indennita' di contingenza";"5576";"0";5114;0;3017;2010;44
"LOMBARDIA";"MILANO";"LODI";1;"Indennita' di contingenza";"34359";"0";30218;0;10944;18670;301
"LOMBARDIA";"MILANO";"LODI VECCHIO";1;"Indennita' di contingenza";"4385";"0";4054;0;2169;1816;37
"LOMBARDIA";"MILANO";"MACCASTORNA";1;"Indennita' di contingenza";"81";"0";73;0;16;52;4
"LOMBARDIA";"MILANO";"MACHERIO";1;"Indennita' di contingenza";"4876";"0";4330;0;1575;2675;43
"LOMBARDIA";"MILANO";"MAGENTA";1;"Indennita' di contingenza";"18503";"0";16300;0;6309;9553;216
"LOMBARDIA";"MILANO";"MAGNAGO";1;"Indennita' di contingenza";"5248";"0";4632;0;1559;2915;79
"LOMBARDIA";"MILANO";"MAIRAGO";1;"Indennita' di contingenza";"792";"0";728;0;313;402;9
"LOMBARDIA";"MILANO";"MALEO";1;"Indennita' di contingenza";"2749";"0";2461;0;1052;1333;42
"LOMBARDIA";"MILANO";"MARCALLO CON CASONE";1;"Indennita' di contingenza";"3884";"0";3446;0;1267;2088;47
"LOMBARDIA";"MILANO";"MARUDO";1;"Indennita' di contingenza";"683";"0";624;0;237;350;22
"LOMBARDIA";"MILANO";"MASATE";1;"Indennita' di contingenza";"1413";"0";1278;0;553;696;15
"LOMBARDIA";"MILANO";"MASSALENGO";1;"Indennita' di contingenza";"2041";"0";1813;0;873;907;20
"LOMBARDIA";"MILANO";"MEDA";1;"Indennita' di contingenza";"15557";"0";13591;0;4042;9215;149
"LOMBARDIA";"MILANO";"MEDIGLIA";1;"Indennita' di contingenza";"4864";"0";4239;0;2400;1762;31
"LOMBARDIA";"MILANO";"MELEGNANO";1;"Indennita' di contingenza";"14207";"0";12476;0;6153;6037;115
"LOMBARDIA";"MILANO";"MELETI";1;"Indennita' di contingenza";"387";"0";349;0;91;248;8
"LOMBARDIA";"MILANO";"MELZO";1;"Indennita' di contingenza";"13929";"0";12547;0;5982;6303;134
"LOMBARDIA";"MILANO";"MERLINO";1;"Indennita' di contingenza";"573";"0";515;0;277;227;3
"LOMBARDIA";"MILANO";"MESERO";1;"Indennita' di contingenza";"2249";"0";2051;0;811;1176;35
"LOMBARDIA";"MILANO";"MEZZAGO";1;"Indennita' di contingenza";"2097";"0";1909;0;962;888;26
"LOMBARDIA";"MILANO";"MILANO";1;"Indennita' di contingenza";"1253612";"0";986662;0;388879;580522;7246
"LOMBARDIA";"MILANO";"MISINTO";1;"Indennita' di contingenza";"2624";"0";2324;0;925;1347;22
"LOMBARDIA";"MILANO";"MONTANASO LOMBARDO";1;"Indennita' di contingenza";"1097";"0";997;0;404;569;11
"LOMBARDIA";"MILANO";"MONZA";1;"Indennita' di contingenza";"96227";"0";82483;0;28210;52434;804
"LOMBARDIA";"MILANO";"MORIMONDO";1;"Indennita' di contingenza";"819";"0";731;0;356;349;12
"LOMBARDIA";"MILANO";"MOTTA VISCONTI";1;"Indennita' di contingenza";"4314";"0";3861;0;1490;2260;61
"LOMBARDIA";"MILANO";"MUGGIO'";1;"Indennita' di contingenza";"14393";"0";12877;0;6044;6538;126
"LOMBARDIA";"MILANO";"MULAZZANO";1;"Indennita' di contingenza";"2547";"0";2342;0;1216;1092;19
"LOMBARDIA";"MILANO";"NERVIANO";1;"Indennita' di contingenza";"11980";"0";10653;0;4439;5917;135
"LOMBARDIA";"MILANO";"NOSATE";1;"Indennita' di contingenza";"523";"0";472;0;195;258;7
"LOMBARDIA";"MILANO";"NOVA MILANESE";1;"Indennita' di contingenza";"14745";"0";12866;0;6449;6156;106
"LOMBARDIA";"MILANO";"NOVATE MILANESE";1;"Indennita' di contingenza";"15816";"0";13771;0;6573;6948;108
"LOMBARDIA";"MILANO";"NOVIGLIO";1;"Indennita' di contingenza";"1080";"0";974;0;540;411;12
"LOMBARDIA";"MILANO";"OPERA";1;"Indennita' di contingenza";"8816";"0";7723;0;3614;3966;69
"LOMBARDIA";"MILANO";"ORIO LITTA";1;"Indennita' di contingenza";"1375";"0";1244;0;507;699;23
"LOMBARDIA";"MILANO";"ORNAGO";1;"Indennita' di contingenza";"1929";"0";1771;0;777;951;22
"LOMBARDIA";"MILANO";"OSPEDALETTO LODIGIANO";1;"Indennita' di contingenza";"1164";"0";1089;0;511;541;22
"LOMBARDIA";"MILANO";"OSSAGO LODIGIANO";1;"Indennita' di contingenza";"801";"0";745;0;410;322;10
"LOMBARDIA";"MILANO";"OSSONA";1;"Indennita' di contingenza";"2590";"0";2345;0;805;1447;40
"LOMBARDIA";"MILANO";"OZZERO";1;"Indennita' di contingenza";"992";"0";862;0;423;419;14
"LOMBARDIA";"MILANO";"PADERNO DUGNANO";1;"Indennita' di contingenza";"31114";"0";27634;0;13598;13429;273
"LOMBARDIA";"MILANO";"PANTIGLIATE";1;"Indennita' di contingenza";"3161";"0";2745;0;1531;1173;19
"LOMBARDIA";"MILANO";"PARABIAGO";1;"Indennita' di contingenza";"17055";"0";14989;0;5229;9352;166
"LOMBARDIA";"MILANO";"PAULLO";1;"Indennita' di contingenza";"6332";"0";5636;0;2889;2622;62
"LOMBARDIA";"MILANO";"PERO";1;"Indennita' di contingenza";"7958";"0";6889;0;3777;2982;40
"LOMBARDIA";"MILANO";"PESCHIERA BORROMEO";1;"Indennita' di contingenza";"10496";"0";9034;0;4409;4484;60
"LOMBARDIA";"MILANO";"PESSANO CON BORNAGO";1;"Indennita' di contingenza";"4024";"0";3618;0;1424;2099;55
"LOMBARDIA";"MILANO";"PIEVE EMANUELE";1;"Indennita' di contingenza";"8362";"0";7106;0;3802;3174;56
"LOMBARDIA";"MILANO";"PIEVE FISSIRAGA";1;"Indennita' di contingenza";"607";"0";545;0;221;306;9
"LOMBARDIA";"MILANO";"PIOLTELLO";1;"Indennita' di contingenza";"22937";"0";19096;0;10885;7774;187
"LOMBARDIA";"MILANO";"POGLIANO MILANESE";1;"Indennita' di contingenza";"5123";"0";4495;0;2043;2342;56
"LOMBARDIA";"MILANO";"POZZO D'ADDA";1;"Indennita' di contingenza";"1899";"0";1754;0;791;923;27
"LOMBARDIA";"MILANO";"POZZUOLO MARTESANA";1;"Indennita' di contingenza";"4275";"0";3824;0;1719;2012;47
"LOMBARDIA";"MILANO";"PREGNANA MILANESE";1;"Indennita' di contingenza";"4249";"0";3701;0;1856;1779;39
"LOMBARDIA";"MILANO";"RENATE";1;"Indennita' di contingenza";"2637";"0";2298;0;747;1477;39
"LOMBARDIA";"MILANO";"RESCALDINA";1;"Indennita' di contingenza";"8910";"0";7757;0;3006;4511;94
"LOMBARDIA";"MILANO";"RHO";1;"Indennita' di contingenza";"38903";"0";33724;0;14839;18147;314
"LOMBARDIA";"MILANO";"ROBECCHETTO CON INDUNO";1;"Indennita' di contingenza";"2902";"0";2644;0;896;1656;33
"LOMBARDIA";"MILANO";"ROBECCO SUL NAVIGLIO";1;"Indennita' di contingenza";"3659";"0";3286;0;1338;1841;69
"LOMBARDIA";"MILANO";"RODANO";1;"Indennita' di contingenza";"2176";"0";1829;0;756;1019;28
"LOMBARDIA";"MILANO";"RONCELLO";1;"Indennita' di contingenza";"1229";"0";1112;0;492;588;15
"LOMBARDIA";"MILANO";"RONCO BRIANTINO";1;"Indennita' di contingenza";"1515";"0";1370;0;481;850;18
"LOMBARDIA";"MILANO";"ROSATE";1;"Indennita' di contingenza";"2655";"0";2422;0;1074;1272;49
"LOMBARDIA";"MILANO";"ROZZANO";1;"Indennita' di contingenza";"27478";"0";23573;0;13820;9307;158
"LOMBARDIA";"MILANO";"SALERANO SUL LAMBRO";1;"Indennita' di contingenza";"1236";"0";1156;0;530;587;27
"LOMBARDIA";"MILANO";"SAN COLOMBANO AL LAMBRO";1;"Indennita' di contingenza";"5872";"0";4779;0;1645;2975;61
"LOMBARDIA";"MILANO";"SAN DONATO MILANESE";1;"Indennita' di contingenza";"24758";"0";21018;0;8759;11825;199
"LOMBARDIA";"MILANO";"SAN FIORANO";1;"Indennita' di contingenza";"1206";"0";1110;0;355;712;20
"LOMBARDIA";"MILANO";"SAN GIORGIO SU LEGNANO";1;"Indennita' di contingenza";"4638";"0";4068;0;1454;2503;53
"LOMBARDIA";"MILANO";"SAN GIULIANO MILANESE";1;"Indennita' di contingenza";"23702";"0";20692;0;12395;7931;154
"LOMBARDIA";"MILANO";"SAN MARTINO IN STRADA";1;"Indennita' di contingenza";"2184";"0";2017;0;947;1013;33
"LOMBARDIA";"MILANO";"SAN ROCCO AL PORTO";1;"Indennita' di contingenza";"2523";"0";2325;0;1075;1156;52
"LOMBARDIA";"MILANO";"SANT'ANGELO LODIGIANO";1;"Indennita' di contingenza";"8670";"0";7708;0;2355;5123;108
"LOMBARDIA";"MILANO";"SANTO STEFANO LODIGIANO";1;"Indennita' di contingenza";"1429";"0";1285;0;548;687;32
"LOMBARDIA";"MILANO";"SANTO STEFANO TICINO";1;"Indennita' di contingenza";"2449";"0";2199;0;976;1175;21
"LOMBARDIA";"MILANO";"SAN VITTORE OLONA";1;"Indennita' di contingenza";"5270";"0";4712;0;1693;2886;52
"LOMBARDIA";"MILANO";"SAN ZENONE AL LAMBRO";1;"Indennita' di contingenza";"1581";"0";1436;0;743;649;23
"LOMBARDIA";"MILANO";"SECUGNAGO";1;"Indennita' di contingenza";"1218";"0";1117;0;607;481;20
"LOMBARDIA";"MILANO";"SEDRIANO";1;"Indennita' di contingenza";"6224";"0";5426;0;2487;2817;54
"LOMBARDIA";"MILANO";"SEGRATE";1;"Indennita' di contingenza";"22670";"0";19287;0;7172;11797;134
"LOMBARDIA";"MILANO";"SENAGO";1;"Indennita' di contingenza";"13410";"0";11882;0;6560;5108;82
"LOMBARDIA";"MILANO";"SENNA LODIGIANA";1;"Indennita' di contingenza";"1671";"0";1477;0;650;779;32
"LOMBARDIA";"MILANO";"SEREGNO";1;"Indennita' di contingenza";"28974";"0";25373;0;7425;17226;270
"LOMBARDIA";"MILANO";"SESTO SAN GIOVANNI";1;"Indennita' di contingenza";"73168";"0";61825;0;32520;28155;507
"LOMBARDIA";"MILANO";"SETTALA";1;"Indennita' di contingenza";"3394";"0";3109;0;1637;1411;29
"LOMBARDIA";"MILANO";"SETTIMO MILANESE";1;"Indennita' di contingenza";"9570";"0";8344;0;4306;3879;78
"LOMBARDIA";"MILANO";"SEVESO";1;"Indennita' di contingenza";"13312";"0";11599;0;4212;7095;117
"LOMBARDIA";"MILANO";"SOLARO";1;"Indennita' di contingenza";"7211";"0";6257;0;2817;3280;61
"LOMBARDIA";"MILANO";"SOMAGLIA";1;"Indennita' di contingenza";"2256";"0";2069;0;864;1116;56
"LOMBARDIA";"MILANO";"SORDIO";1;"Indennita' di contingenza";"1117";"0";1028;0;541;464;11
"LOMBARDIA";"MILANO";"SOVICO";1;"Indennita' di contingenza";"5099";"0";4578;0;1641;2822;57
"LOMBARDIA";"MILANO";"SULBIATE";1;"Indennita' di contingenza";"2037";"0";1825;0;570;1207;23
"LOMBARDIA";"MILANO";"TAVAZZANO CON VILLAVESCO";1;"Indennita' di contingenza";"2977";"0";2723;0;1388;1266;44
"LOMBARDIA";"MILANO";"TERRANOVA DEI PASSERINI";1;"Indennita' di contingenza";"478";"0";425;0;236;178;7
"LOMBARDIA";"MILANO";"TREZZANO ROSA";1;"Indennita' di contingenza";"1353";"0";1246;0;432;788;11
"LOMBARDIA";"MILANO";"TREZZANO SUL NAVIGLIO";1;"Indennita' di contingenza";"13958";"0";11523;0;5326;6008;81
"LOMBARDIA";"MILANO";"TREZZO SULL'ADDA";1;"Indennita' di contingenza";"8526";"0";7731;0;3176;4392;74
"LOMBARDIA";"MILANO";"TRIBIANO";1;"Indennita' di contingenza";"791";"0";705;0;346;343;7
"LOMBARDIA";"MILANO";"TRIUGGIO";1;"Indennita' di contingenza";"4991";"0";4462;0;1419;2941;48
"LOMBARDIA";"MILANO";"TRUCCAZZANO";1;"Indennita' di contingenza";"2761";"0";2510;0;1079;1371;30
"LOMBARDIA";"MILANO";"TURANO LODIGIANO";1;"Indennita' di contingenza";"1042";"0";975;0;537;416;14
"LOMBARDIA";"MILANO";"TURBIGO";1;"Indennita' di contingenza";"5653";"0";5139;0;2096;2919;68
"LOMBARDIA";"MILANO";"USMATE VELATE";1;"Indennita' di contingenza";"5000";"0";4451;0;1791;2551;55
"LOMBARDIA";"MILANO";"VALERA FRATTA";1;"Indennita' di contingenza";"632";"0";571;0;269;292;7
"LOMBARDIA";"MILANO";"VANZAGHELLO";1;"Indennita' di contingenza";"3465";"0";3020;0;1142;1775;55
"LOMBARDIA";"MILANO";"VANZAGO";1;"Indennita' di contingenza";"4219";"0";3761;0;1558;2124;31
"LOMBARDIA";"MILANO";"VAPRIO D'ADDA";1;"Indennita' di contingenza";"4684";"0";4258;0;1684;2454;59
"LOMBARDIA";"MILANO";"VAREDO";1;"Indennita' di contingenza";"9717";"0";8670;0;3588;4904;62
"LOMBARDIA";"MILANO";"VEDANO AL LAMBRO";1;"Indennita' di contingenza";"5249";"0";4581;0;1284;3210;50
"LOMBARDIA";"MILANO";"VEDUGGIO CON COLZANO";1;"Indennita' di contingenza";"3062";"0";2766;0;996;1675;48
"LOMBARDIA";"MILANO";"VERANO BRIANZA";1;"Indennita' di contingenza";"5814";"0";5238;0;1554;3512;85
"LOMBARDIA";"MILANO";"VERMEZZO";1;"Indennita' di contingenza";"1160";"0";1025;0;422;581;11
"LOMBARDIA";"MILANO";"VERNATE";1;"Indennita' di contingenza";"1553";"0";1402;0;704;662;14
"LOMBARDIA";"MILANO";"VIGNATE";1;"Indennita' di contingenza";"4680";"0";4117;0;2344;1675;52
"LOMBARDIA";"MILANO";"VILLA CORTESE";1;"Indennita' di contingenza";"4078";"0";3725;0;1525;2090;46
"LOMBARDIA";"MILANO";"VILLANOVA DEL SILLARO";1;"Indennita' di contingenza";"771";"0";707;0;269;415;13
"LOMBARDIA";"MILANO";"VILLASANTA";1;"Indennita' di contingenza";"8355";"0";7370;0;2536;4687;76
"LOMBARDIA";"MILANO";"VIMERCATE";1;"Indennita' di contingenza";"18428";"0";16235;0;6322;9582;170
"LOMBARDIA";"MILANO";"VIMODRONE";1;"Indennita' di contingenza";"10850";"0";9486;0;4886;4429;74
"LOMBARDIA";"MILANO";"VITTUONE";1;"Indennita' di contingenza";"5201";"0";4619;0;2285;2243;52
"LOMBARDIA";"MILANO";"VIZZOLO PREDABISSI";1;"Indennita' di contingenza";"1791";"0";1877;0;1004;836;14
"LOMBARDIA";"MILANO";"ZELO BUON PERSICO";1;"Indennita' di contingenza";"2631";"0";2355;0;1076;1210;26
"LOMBARDIA";"MILANO";"ZELO SURRIGONE";1;"Indennita' di contingenza";"301";"0";267;0;119;142;4
"LOMBARDIA";"MILANO";"ZIBIDO SAN GIACOMO";1;"Indennita' di contingenza";"2454";"0";2216;0;1358;812;30
"LOMBARDIA";"PAVIA";"ALAGNA";1;"Indennita' di contingenza";"622";"0";548;0;231;299;13
"LOMBARDIA";"PAVIA";"ALBAREDO ARNABOLDI";1;"Indennita' di contingenza";"195";"0";172;0;71;94;4
"LOMBARDIA";"PAVIA";"ALBONESE";1;"Indennita' di contingenza";"430";"0";393;0;189;181;17
"LOMBARDIA";"PAVIA";"ALBUZZANO";1;"Indennita' di contingenza";"1543";"0";1427;0;698;691;23
"LOMBARDIA";"PAVIA";"ARENA PO";1;"Indennita' di contingenza";"1359";"0";1208;0;549;610;33
"LOMBARDIA";"PAVIA";"BADIA PAVESE";1;"Indennita' di contingenza";"335";"0";298;0;118;170;7
"LOMBARDIA";"PAVIA";"BAGNARIA";1;"Indennita' di contingenza";"588";"0";502;0;162;312;22
"LOMBARDIA";"PAVIA";"BARBIANELLO";1;"Indennita' di contingenza";"685";"0";608;0;253;329;16
"LOMBARDIA";"PAVIA";"BASCAPE'";1;"Indennita' di contingenza";"1001";"0";896;0;412;461;15
"LOMBARDIA";"PAVIA";"BASTIDA DE' DOSSI";1;"Indennita' di contingenza";"151";"0";133;0;50;74;7
"LOMBARDIA";"PAVIA";"BASTIDA PANCARANA";1;"Indennita' di contingenza";"883";"0";777;0;330;420;19
"LOMBARDIA";"PAVIA";"BATTUDA";1;"Indennita' di contingenza";"290";"0";266;0;126;128;5
"LOMBARDIA";"PAVIA";"BELGIOIOSO";1;"Indennita' di contingenza";"4357";"0";3934;0;1787;1990;86
"LOMBARDIA";"PAVIA";"BEREGUARDO";1;"Indennita' di contingenza";"1777";"0";1603;0;740;816;28
"LOMBARDIA";"PAVIA";"BORGARELLO";1;"Indennita' di contingenza";"726";"0";671;0;408;236;16
"LOMBARDIA";"PAVIA";"BORGO PRIOLO";1;"Indennita' di contingenza";"1267";"0";1072;0;372;649;36
"LOMBARDIA";"PAVIA";"BORGORATTO MORMOROLO";1;"Indennita' di contingenza";"457";"0";374;0;80;279;10
"LOMBARDIA";"PAVIA";"BORGO SAN SIRO";1;"Indennita' di contingenza";"746";"0";697;0;369;309;14
"LOMBARDIA";"PAVIA";"BORNASCO";1;"Indennita' di contingenza";"677";"0";620;0;336;263;14
"LOMBARDIA";"PAVIA";"BOSNASCO";1;"Indennita' di contingenza";"493";"0";427;0;219;187;17
"LOMBARDIA";"PAVIA";"BRALLO DI PREGOLA";1;"Indennita' di contingenza";"1199";"0";941;0;337;556;35
"LOMBARDIA";"PAVIA";"BREME";1;"Indennita' di contingenza";"957";"0";828;0;286;511;21
"LOMBARDIA";"PAVIA";"BRESSANA BOTTARONE";1;"Indennita' di contingenza";"2615";"0";2346;0;1294;982;53
"LOMBARDIA";"PAVIA";"BRONI";1;"Indennita' di contingenza";"8786";"0";7955;0;3933;3760;156
"LOMBARDIA";"PAVIA";"CALVIGNANO";1;"Indennita' di contingenza";"139";"0";117;0;52;60;4
"LOMBARDIA";"PAVIA";"CAMPOSPINOSO";1;"Indennita' di contingenza";"570";"0";494;0;189;278;16
"LOMBARDIA";"PAVIA";"CANDIA LOMELLINA";1;"Indennita' di contingenza";"1519";"0";1400;0;637;717;34
"LOMBARDIA";"PAVIA";"CANEVINO";1;"Indennita' di contingenza";"124";"0";106;0;42;58;4
"LOMBARDIA";"PAVIA";"CANNETO PAVESE";1;"Indennita' di contingenza";"1233";"0";1078;0;459;573;36
"LOMBARDIA";"PAVIA";"CARBONARA AL TICINO";1;"Indennita' di contingenza";"1074";"0";993;0;538;432;14
"LOMBARDIA";"PAVIA";"CASANOVA LONATI";1;"Indennita' di contingenza";"317";"0";276;0;137;128;10
"LOMBARDIA";"PAVIA";"CASATISMA";1;"Indennita' di contingenza";"701";"0";619;0;260;340;14
"LOMBARDIA";"PAVIA";"CASEI GEROLA";1;"Indennita' di contingenza";"2174";"0";1941;0;964;920;28
"LOMBARDIA";"PAVIA";"CASORATE PRIMO";1;"Indennita' di contingenza";"4278";"0";3846;0;2009;1750;51
"LOMBARDIA";"PAVIA";"CASSOLNOVO";1;"Indennita' di contingenza";"4666";"0";4059;0;1804;2072;97
"LOMBARDIA";"PAVIA";"CASTANA";1;"Indennita' di contingenza";"707";"0";602;0;192;389;14
"LOMBARDIA";"PAVIA";"CASTEGGIO";1;"Indennita' di contingenza";"6248";"0";5409;0;2221;2989;97
"LOMBARDIA";"PAVIA";"CASTELLETTO DI BRANDUZZO";1;"Indennita' di contingenza";"869";"0";768;0;333;404;23
"LOMBARDIA";"PAVIA";"CASTELLO D'AGOGNA";1;"Indennita' di contingenza";"650";"0";590;0;328;238;14
"LOMBARDIA";"PAVIA";"CASTELNOVETTO";1;"Indennita' di contingenza";"580";"0";520;0;278;220;16
"LOMBARDIA";"PAVIA";"CAVA MANARA";1;"Indennita' di contingenza";"3463";"0";3142;0;1672;1395;41
"LOMBARDIA";"PAVIA";"CECIMA";1;"Indennita' di contingenza";"301";"0";253;0;90;149;7
"LOMBARDIA";"PAVIA";"CERANOVA";1;"Indennita' di contingenza";"332";"0";307;0;132;163;6
"LOMBARDIA";"PAVIA";"CERETTO LOMELLINA";1;"Indennita' di contingenza";"642";"0";579;0;285;269;15
"LOMBARDIA";"PAVIA";"CERGNAGO";1;"Indennita' di contingenza";"214";"0";200;0;88;107;3
"LOMBARDIA";"PAVIA";"CERTOSA DI PAVIA";1;"Indennita' di contingenza";"2355";"0";2116;0;1156;890;35
"LOMBARDIA";"PAVIA";"CERVESINA";1;"Indennita' di contingenza";"1108";"0";942;0;439;444;45
"LOMBARDIA";"PAVIA";"CHIGNOLO PO";1;"Indennita' di contingenza";"2488";"0";2164;0;938;1143;57
"LOMBARDIA";"PAVIA";"CIGOGNOLA";1;"Indennita' di contingenza";"1111";"0";1067;0;505;540;16
"LOMBARDIA";"PAVIA";"CILAVEGNA";1;"Indennita' di contingenza";"3573";"0";3188;0;1653;1354;124
"LOMBARDIA";"PAVIA";"CODEVILLA";1;"Indennita' di contingenza";"981";"0";834;0;267;549;12
"LOMBARDIA";"PAVIA";"CONFIENZA";1;"Indennita' di contingenza";"1453";"0";1281;0;635;596;32
"LOMBARDIA";"PAVIA";"COPIANO";1;"Indennita' di contingenza";"1172";"0";1080;0;500;535;33
"LOMBARDIA";"PAVIA";"CORANA";1;"Indennita' di contingenza";"820";"0";731;0;310;388;26
"LOMBARDIA";"PAVIA";"CORNALE";1;"Indennita' di contingenza";"650";"0";569;0;280;277;6
"LOMBARDIA";"PAVIA";"CORTEOLONA";1;"Indennita' di contingenza";"1457";"0";1341;0;634;663;30
"LOMBARDIA";"PAVIA";"CORVINO SAN QUIRICO";1;"Indennita' di contingenza";"994";"0";865;0;316;528;15
"LOMBARDIA";"PAVIA";"COSTA DE' NOBILI";1;"Indennita' di contingenza";"333";"0";298;0;98;183;15
"LOMBARDIA";"PAVIA";"COZZO";1;"Indennita' di contingenza";"414";"0";353;0;167;171;11
"LOMBARDIA";"PAVIA";"CURA CARPIGNANO";1;"Indennita' di contingenza";"929";"0";858;0;385;434;25
"LOMBARDIA";"PAVIA";"DORNO";1;"Indennita' di contingenza";"3301";"0";2948;0;1512;1327;75
"LOMBARDIA";"PAVIA";"FERRERA ERBOGNONE";1;"Indennita' di contingenza";"981";"0";910;0;573;306;23
"LOMBARDIA";"PAVIA";"FILIGHERA";1;"Indennita' di contingenza";"638";"0";587;0;243;313;15
"LOMBARDIA";"PAVIA";"FORTUNAGO";1;"Indennita' di contingenza";"443";"0";337;0;93;226;13
"LOMBARDIA";"PAVIA";"FRASCAROLO";1;"Indennita' di contingenza";"1102";"0";982;0;456;493;20
"LOMBARDIA";"PAVIA";"GALLIAVOLA";1;"Indennita' di contingenza";"190";"0";163;0;62;89;7
"LOMBARDIA";"PAVIA";"GAMBARANA";1;"Indennita' di contingenza";"279";"0";244;0;105;132;3
"LOMBARDIA";"PAVIA";"GAMBOLO'";1;"Indennita' di contingenza";"5914";"0";5181;0;2022;2903;138
"LOMBARDIA";"PAVIA";"GARLASCO";1;"Indennita' di contingenza";"8079";"0";7206;0;3540;3376;175
"LOMBARDIA";"PAVIA";"GENZONE";1;"Indennita' di contingenza";"363";"0";338;0;171;151;12
"LOMBARDIA";"PAVIA";"GERENZAGO";1;"Indennita' di contingenza";"560";"0";522;0;179;321;17
"LOMBARDIA";"PAVIA";"GIUSSAGO";1;"Indennita' di contingenza";"2583";"0";2333;0;1270;1002;30
"LOMBARDIA";"PAVIA";"GODIASCO";1;"Indennita' di contingenza";"1981";"0";1714;0;584;1068;34
"LOMBARDIA";"PAVIA";"GOLFERENZO";1;"Indennita' di contingenza";"241";"0";211;0;69;116;18
"LOMBARDIA";"PAVIA";"GRAVELLONA LOMELLINA";1;"Indennita' di contingenza";"1702";"0";1486;0;721;714;33
"LOMBARDIA";"PAVIA";"GROPELLO CAIROLI";1;"Indennita' di contingenza";"3161";"0";2833;0;1406;1332;73
"LOMBARDIA";"PAVIA";"INVERNO E MONTELEONE";1;"Indennita' di contingenza";"869";"0";788;0;230;509;29
"LOMBARDIA";"PAVIA";"LANDRIANO";1;"Indennita' di contingenza";"2860";"0";2575;0;1330;1164;49
"LOMBARDIA";"PAVIA";"LANGOSCO";1;"Indennita' di contingenza";"466";"0";414;0;197;209;6
"LOMBARDIA";"PAVIA";"LARDIRAGO";1;"Indennita' di contingenza";"832";"0";769;0;371;364;24
"LOMBARDIA";"PAVIA";"LINAROLO";1;"Indennita' di contingenza";"1623";"0";1529;0;842;636;26
"LOMBARDIA";"PAVIA";"LIRIO";1;"Indennita' di contingenza";"159";"0";137;0;56;68;11
"LOMBARDIA";"PAVIA";"LOMELLO";1;"Indennita' di contingenza";"2027";"0";1766;0;951;743;55
"LOMBARDIA";"PAVIA";"LUNGAVILLA";1;"Indennita' di contingenza";"1872";"0";1665;0;776;824;44
"LOMBARDIA";"PAVIA";"MAGHERNO";1;"Indennita' di contingenza";"1042";"0";916;0;370;506;23
"LOMBARDIA";"PAVIA";"MARCIGNAGO";1;"Indennita' di contingenza";"1200";"0";1096;0;448;616;17
"LOMBARDIA";"PAVIA";"MARZANO";1;"Indennita' di contingenza";"657";"0";585;0;244;311;24
"LOMBARDIA";"PAVIA";"MEDE";1;"Indennita' di contingenza";"5959";"0";5261;0;2835;2248;114
"LOMBARDIA";"PAVIA";"MENCONICO";1;"Indennita' di contingenza";"571";"0";481;0;185;259;23
"LOMBARDIA";"PAVIA";"MEZZANA BIGLI";1;"Indennita' di contingenza";"1162";"0";1047;0;668;329;39
"LOMBARDIA";"PAVIA";"MEZZANA RABATTONE";1;"Indennita' di contingenza";"457";"0";401;0;206;175;15
"LOMBARDIA";"PAVIA";"MEZZANINO";1;"Indennita' di contingenza";"1169";"0";1025;0;457;540;22
"LOMBARDIA";"PAVIA";"MIRADOLO TERME";1;"Indennita' di contingenza";"2380";"0";2137;0;510;1560;46
"LOMBARDIA";"PAVIA";"MONTALTO PAVESE";1;"Indennita' di contingenza";"1159";"0";1020;0;478;515;18
"LOMBARDIA";"PAVIA";"MONTEBELLO DELLA BATTAGLIA";1;"Indennita' di contingenza";"1365";"0";1177;0;619;520;28
"LOMBARDIA";"PAVIA";"MONTECALVO VERSIGGIA";1;"Indennita' di contingenza";"564";"0";485;0;197;256;27
"LOMBARDIA";"PAVIA";"MONTESCANO";1;"Indennita' di contingenza";"464";"0";413;0;184;211;12
"LOMBARDIA";"PAVIA";"MONTESEGALE";1;"Indennita' di contingenza";"375";"0";295;0;110;169;11
"LOMBARDIA";"PAVIA";"MONTICELLI PAVESE";1;"Indennita' di contingenza";"569";"0";505;0;165;314;14
"LOMBARDIA";"PAVIA";"MONTU' BECCARIA";1;"Indennita' di contingenza";"1642";"0";1457;0;608;772;52
"LOMBARDIA";"PAVIA";"MORNICO LOSANA";1;"Indennita' di contingenza";"698";"0";609;0;169;414;16
"LOMBARDIA";"PAVIA";"MORTARA";1;"Indennita' di contingenza";"11983";"0";10300;0;4742;5180;225
"LOMBARDIA";"PAVIA";"NICORVO";1;"Indennita' di contingenza";"346";"0";297;0;118;162;14
"LOMBARDIA";"PAVIA";"OLEVANO DI LOMELLINA";1;"Indennita' di contingenza";"657";"0";610;0;383;204;18
"LOMBARDIA";"PAVIA";"OLIVA GESSI";1;"Indennita' di contingenza";"185";"0";161;0;40;113;6
"LOMBARDIA";"PAVIA";"OTTOBIANO";1;"Indennita' di contingenza";"984";"0";898;0;413;450;22
"LOMBARDIA";"PAVIA";"PALESTRO";1;"Indennita' di contingenza";"1791";"0";1562;0;638;861;46
"LOMBARDIA";"PAVIA";"PANCARANA";1;"Indennita' di contingenza";"299";"0";278;0;77;191;8
"LOMBARDIA";"PAVIA";"PARONA";1;"Indennita' di contingenza";"1100";"0";996;0;415;536;33
"LOMBARDIA";"PAVIA";"PAVIA";1;"Indennita' di contingenza";"69143";"0";61068;0;25310;34020;843
"LOMBARDIA";"PAVIA";"PIETRA DE' GIORGI";1;"Indennita' di contingenza";"879";"0";765;0;342;380;35
"LOMBARDIA";"PAVIA";"PIEVE ALBIGNOLA";1;"Indennita' di contingenza";"749";"0";726;0;383;315;17
"LOMBARDIA";"PAVIA";"PIEVE DEL CAIRO";1;"Indennita' di contingenza";"2081";"0";1805;0;950;800;41
"LOMBARDIA";"PAVIA";"PIEVE PORTO MORONE";1;"Indennita' di contingenza";"2256";"0";1996;0;669;1273;32
"LOMBARDIA";"PAVIA";"PINAROLO PO";1;"Indennita' di contingenza";"1344";"0";1195;0;627;532;23
"LOMBARDIA";"PAVIA";"PIZZALE";1;"Indennita' di contingenza";"695";"0";612;0;269;330;11
"LOMBARDIA";"PAVIA";"PONTE NIZZA";1;"Indennita' di contingenza";"797";"0";667;0;192;448;17
"LOMBARDIA";"PAVIA";"PORTALBERA";1;"Indennita' di contingenza";"954";"0";867;0;406;422;27
"LOMBARDIA";"PAVIA";"REA";1;"Indennita' di contingenza";"505";"0";452;0;226;208;8
"LOMBARDIA";"PAVIA";"REDAVALLE";1;"Indennita' di contingenza";"895";"0";772;0;350;378;30
"LOMBARDIA";"PAVIA";"RETORBIDO";1;"Indennita' di contingenza";"1011";"0";853;0;312;521;13
"LOMBARDIA";"PAVIA";"RIVANAZZANO";1;"Indennita' di contingenza";"3229";"0";2745;0;1206;1466;39
"LOMBARDIA";"PAVIA";"ROBBIO";1;"Indennita' di contingenza";"5653";"0";5157;0;2297;2688;102
"LOMBARDIA";"PAVIA";"ROBECCO PAVESE";1;"Indennita' di contingenza";"556";"0";482;0;205;261;13
"LOMBARDIA";"PAVIA";"ROCCA DE' GIORGI";1;"Indennita' di contingenza";"171";"0";151;0;73;71;4
"LOMBARDIA";"PAVIA";"ROCCA SUSELLA";1;"Indennita' di contingenza";"217";"0";186;0;33;147;4
"LOMBARDIA";"PAVIA";"ROGNANO";1;"Indennita' di contingenza";"102";"0";90;0;47;41;1
"LOMBARDIA";"PAVIA";"ROMAGNESE";1;"Indennita' di contingenza";"1065";"0";861;0;361;460;31
"LOMBARDIA";"PAVIA";"RONCARO";1;"Indennita' di contingenza";"180";"0";162;0;58;99;4
"LOMBARDIA";"PAVIA";"ROSASCO";1;"Indennita' di contingenza";"747";"0";668;0;307;334;21
"LOMBARDIA";"PAVIA";"ROVESCALA";1;"Indennita' di contingenza";"956";"0";873;0;384;447;25
"LOMBARDIA";"PAVIA";"RUINO";1;"Indennita' di contingenza";"804";"0";649;0;227;393;16
"LOMBARDIA";"PAVIA";"SAN CIPRIANO PO";1;"Indennita' di contingenza";"380";"0";349;0;184;153;8
"LOMBARDIA";"PAVIA";"SAN DAMIANO AL COLLE";1;"Indennita' di contingenza";"786";"0";703;0;285;394;18
"LOMBARDIA";"PAVIA";"SAN GENESIO ED UNITI";1;"Indennita' di contingenza";"1925";"0";1744;0;852;830;39
"LOMBARDIA";"PAVIA";"SAN GIORGIO DI LOMELLINA";1;"Indennita' di contingenza";"1177";"0";1071;0;573;409;33
"LOMBARDIA";"PAVIA";"SAN MARTINO SICCOMARIO";1;"Indennita' di contingenza";"3715";"0";3341;0;1739;1527;45
"LOMBARDIA";"PAVIA";"SANNAZZARO DE' BURGONDI";1;"Indennita' di contingenza";"4677";"0";4196;0;2095;1969;71
"LOMBARDIA";"PAVIA";"SANTA CRISTINA E BISSONE";1;"Indennita' di contingenza";"1693";"0";1583;0;656;874;27
"LOMBARDIA";"PAVIA";"SANTA GIULETTA";1;"Indennita' di contingenza";"1531";"0";1346;0;664;659;14
"LOMBARDIA";"PAVIA";"SANT'ALESSIO CON VIALONE";1;"Indennita' di contingenza";"244";"0";224;0;107;114;2
"LOMBARDIA";"PAVIA";"SANTA MARGHERITA DI STAFFORA";1;"Indennita' di contingenza";"724";"0";579;0;196;352;22
"LOMBARDIA";"PAVIA";"SANTA MARIA DELLA VERSA";1;"Indennita' di contingenza";"2222";"0";1971;0;837;1038;58
"LOMBARDIA";"PAVIA";"SANT'ANGELO LOMELLINA";1;"Indennita' di contingenza";"567";"0";510;0;283;217;6
"LOMBARDIA";"PAVIA";"SAN ZENONE AL PO";1;"Indennita' di contingenza";"468";"0";397;0;152;233;9
"LOMBARDIA";"PAVIA";"SARTIRANA LOMELLINA";1;"Indennita' di contingenza";"1760";"0";1548;0;826;667;30
"LOMBARDIA";"PAVIA";"SCALDASOLE";1;"Indennita' di contingenza";"746";"0";678;0;359;295;14
"LOMBARDIA";"PAVIA";"SEMIANA";1;"Indennita' di contingenza";"252";"0";237;0;156;71;7
"LOMBARDIA";"PAVIA";"SILVANO PIETRA";1;"Indennita' di contingenza";"571";"0";516;0;191;292;25
"LOMBARDIA";"PAVIA";"SIZIANO";1;"Indennita' di contingenza";"2770";"0";2502;0;1378;1072;32
"LOMBARDIA";"PAVIA";"SOMMO";1;"Indennita' di contingenza";"765";"0";660;0;300;336;14
"LOMBARDIA";"PAVIA";"SPESSA";1;"Indennita' di contingenza";"343";"0";307;0;140;152;7
"LOMBARDIA";"PAVIA";"STRADELLA";1;"Indennita' di contingenza";"9767";"0";8597;0;4262;4073;161
"LOMBARDIA";"PAVIA";"SUARDI";1;"Indennita' di contingenza";"605";"0";529;0;203;305;17
"LOMBARDIA";"PAVIA";"TORRAZZA COSTE";1;"Indennita' di contingenza";"1202";"0";1016;0;387;596;19
"LOMBARDIA";"PAVIA";"TORRE BERETTI E CASTELLARO";1;"Indennita' di contingenza";"519";"0";479;0;259;200;13
"LOMBARDIA";"PAVIA";"TORRE D'ARESE";1;"Indennita' di contingenza";"312";"0";286;0;133;136;12
"LOMBARDIA";"PAVIA";"TORRE DE' NEGRI";1;"Indennita' di contingenza";"289";"0";269;0;123;127;12
"LOMBARDIA";"PAVIA";"TORRE D'ISOLA";1;"Indennita' di contingenza";"955";"0";870;0;349;499;14
"LOMBARDIA";"PAVIA";"TORREVECCHIA PIA";1;"Indennita' di contingenza";"1218";"0";1101;0;567;493;28
"LOMBARDIA";"PAVIA";"TORRICELLA VERZATE";1;"Indennita' di contingenza";"625";"0";547;0;257;268;16
"LOMBARDIA";"PAVIA";"TRAVACO' SICCOMARIO";1;"Indennita' di contingenza";"2363";"0";2167;0;1033;1081;23
"LOMBARDIA";"PAVIA";"TRIVOLZIO";1;"Indennita' di contingenza";"838";"0";774;0;380;372;17
"LOMBARDIA";"PAVIA";"TROMELLO";1;"Indennita' di contingenza";"2537";"0";2249;0;1156;1011;52
"LOMBARDIA";"PAVIA";"TROVO";1;"Indennita' di contingenza";"440";"0";397;0;128;254;9
"LOMBARDIA";"PAVIA";"VAL DI NIZZA";1;"Indennita' di contingenza";"738";"0";606;0;206;368;18
"LOMBARDIA";"PAVIA";"VALEGGIO";1;"Indennita' di contingenza";"250";"0";236;0;124;98;13
"LOMBARDIA";"PAVIA";"VALLE LOMELLINA";1;"Indennita' di contingenza";"1979";"0";1761;0;998;688;56
"LOMBARDIA";"PAVIA";"VALLE SALIMBENE";1;"Indennita' di contingenza";"891";"0";849;0;514;289;26
"LOMBARDIA";"PAVIA";"VALVERDE";1;"Indennita' di contingenza";"413";"0";324;0;117;188;16
"LOMBARDIA";"PAVIA";"VARZI";1;"Indennita' di contingenza";"3541";"0";2995;0;1151;1714;90
"LOMBARDIA";"PAVIA";"VELEZZO LOMELLINA";1;"Indennita' di contingenza";"97";"0";93;0;44;46;2
"LOMBARDIA";"PAVIA";"VELLEZZO BELLINI";1;"Indennita' di contingenza";"1009";"0";923;0;423;465;18
"LOMBARDIA";"PAVIA";"VERRETTO";1;"Indennita' di contingenza";"252";"0";228;0;91;126;8
"LOMBARDIA";"PAVIA";"VERRUA PO";1;"Indennita' di contingenza";"1156";"0";997;0;388;552;41
"LOMBARDIA";"PAVIA";"VIDIGULFO";1;"Indennita' di contingenza";"2396";"0";2180;0;966;1155;38
"LOMBARDIA";"PAVIA";"VIGEVANO";1;"Indennita' di contingenza";"51833";"0";44052;0;19206;23221;819
"LOMBARDIA";"PAVIA";"VILLA BISCOSSI";1;"Indennita' di contingenza";"80";"0";76;0;34;38;2
"LOMBARDIA";"PAVIA";"VILLANOVA D'ARDENGHI";1;"Indennita' di contingenza";"572";"0";527;0;275;237;11
"LOMBARDIA";"PAVIA";"VILLANTERIO";1;"Indennita' di contingenza";"1905";"0";1717;0;540;1140;9
"LOMBARDIA";"PAVIA";"VISTARINO";1;"Indennita' di contingenza";"773";"0";714;0;292;394;12
"LOMBARDIA";"PAVIA";"VOGHERA";1;"Indennita' di contingenza";"35171";"0";29813;0;13172;15696;486
"LOMBARDIA";"PAVIA";"VOLPARA";1;"Indennita' di contingenza";"153";"0";128;0;36;86;4
"LOMBARDIA";"PAVIA";"ZAVATTARELLO";1;"Indennita' di contingenza";"1155";"0";942;0;356;550;24
"LOMBARDIA";"PAVIA";"ZECCONE";1;"Indennita' di contingenza";"649";"0";609;0;264;328;11
"LOMBARDIA";"PAVIA";"ZEME";1;"Indennita' di contingenza";"1046";"0";948;0;509;411;22
"LOMBARDIA";"PAVIA";"ZENEVREDO";1;"Indennita' di contingenza";"302";"0";280;0;121;152;5
"LOMBARDIA";"PAVIA";"ZERBO";1;"Indennita' di contingenza";"406";"0";362;0;148;201;11
"LOMBARDIA";"PAVIA";"ZERBOLO'";1;"Indennita' di contingenza";"980";"0";897;0;560;317;12
"LOMBARDIA";"PAVIA";"ZINASCO";1;"Indennita' di contingenza";"2368";"0";2139;0;1060;1011;42
"LOMBARDIA";"SONDRIO";"ALBAREDO PER SAN MARCO";1;"Indennita' di contingenza";"352";"0";273;0;116;147;7
"LOMBARDIA";"SONDRIO";"ALBOSAGGIA";1;"Indennita' di contingenza";"2600";"0";2154;0;771;1292;43
"LOMBARDIA";"SONDRIO";"ANDALO VALTELLINO";1;"Indennita' di contingenza";"334";"0";263;0;53;203;2
"LOMBARDIA";"SONDRIO";"APRICA";1;"Indennita' di contingenza";"1188";"0";996;0;95;868;22
"LOMBARDIA";"SONDRIO";"ARDENNO";1;"Indennita' di contingenza";"2314";"0";1861;0;534;1250;48
"LOMBARDIA";"SONDRIO";"BEMA";1;"Indennita' di contingenza";"180";"0";126;0;9;115;2
"LOMBARDIA";"SONDRIO";"BERBENNO DI VALTELLINA";1;"Indennita' di contingenza";"3174";"0";2402;0;511;1811;34
"LOMBARDIA";"SONDRIO";"BIANZONE";1;"Indennita' di contingenza";"1122";"0";763;0;322;420;8
"LOMBARDIA";"SONDRIO";"BORMIO";1;"Indennita' di contingenza";"3105";"0";2372;0;323;1955;40
"LOMBARDIA";"SONDRIO";"BUGLIO IN MONTE";1;"Indennita' di contingenza";"1540";"0";1044;0;203;801;27
"LOMBARDIA";"SONDRIO";"CAIOLO";1;"Indennita' di contingenza";"768";"0";647;0;257;373;11
"LOMBARDIA";"SONDRIO";"CAMPODOLCINO";1;"Indennita' di contingenza";"949";"0";770;0;108;637;15
"LOMBARDIA";"SONDRIO";"CASPOGGIO";1;"Indennita' di contingenza";"1214";"0";962;0;80;858;13
"LOMBARDIA";"SONDRIO";"CASTELLO DELL'ACQUA";1;"Indennita' di contingenza";"628";"0";362;0;107;240;6
"LOMBARDIA";"SONDRIO";"CASTIONE ANDEVENNO";1;"Indennita' di contingenza";"1287";"0";1016;0;256;722;17
"LOMBARDIA";"SONDRIO";"CEDRASCO";1;"Indennita' di contingenza";"407";"0";329;0;46;274;7
"LOMBARDIA";"SONDRIO";"CERCINO";1;"Indennita' di contingenza";"461";"0";337;0;59;262;5
"LOMBARDIA";"SONDRIO";"CHIAVENNA";1;"Indennita' di contingenza";"5992";"0";4849;0;1162;3540;78
"LOMBARDIA";"SONDRIO";"CHIESA IN VALMALENCO";1;"Indennita' di contingenza";"2233";"0";1790;0;322;1377;43
"LOMBARDIA";"SONDRIO";"CHIURO";1;"Indennita' di contingenza";"1936";"0";1565;0;344;1144;42
"LOMBARDIA";"SONDRIO";"CINO";1;"Indennita' di contingenza";"273";"0";202;0;61;124;9
"LOMBARDIA";"SONDRIO";"CIVO";1;"Indennita' di contingenza";"870";"0";617;0;95;495;12
"LOMBARDIA";"SONDRIO";"COLORINA";1;"Indennita' di contingenza";"1249";"0";891;0;170;691;17
"LOMBARDIA";"SONDRIO";"COSIO VALTELLINO";1;"Indennita' di contingenza";"3674";"0";2963;0;646;2216;48
"LOMBARDIA";"SONDRIO";"DAZIO";1;"Indennita' di contingenza";"267";"0";213;0;24;177;7
"LOMBARDIA";"SONDRIO";"DELEBIO";1;"Indennita' di contingenza";"2046";"0";1664;0;305;1305;32
"LOMBARDIA";"SONDRIO";"DUBINO";1;"Indennita' di contingenza";"2188";"0";1714;0;328;1306;42
"LOMBARDIA";"SONDRIO";"FAEDO VALTELLINO";1;"Indennita' di contingenza";"443";"0";384;0;137;223;11
"LOMBARDIA";"SONDRIO";"FORCOLA";1;"Indennita' di contingenza";"811";"0";602;0;78;464;7
"LOMBARDIA";"SONDRIO";"FUSINE";1;"Indennita' di contingenza";"561";"0";464;0;127;327;3
"LOMBARDIA";"SONDRIO";"GEROLA ALTA";1;"Indennita' di contingenza";"307";"0";214;0;26;184;0
"LOMBARDIA";"SONDRIO";"GORDONA";1;"Indennita' di contingenza";"1195";"0";1001;0;119;834;31
"LOMBARDIA";"SONDRIO";"GROSIO";1;"Indennita' di contingenza";"3640";"0";2836;0;526;2152;50
"LOMBARDIA";"SONDRIO";"GROSOTTO";1;"Indennita' di contingenza";"1434";"0";1100;0;247;805;28
"LOMBARDIA";"SONDRIO";"LANZADA";1;"Indennita' di contingenza";"1284";"0";967;0;120;790;26
"LOMBARDIA";"SONDRIO";"LIVIGNO";1;"Indennita' di contingenza";"2463";"0";1788;0;151;1543;53
"LOMBARDIA";"SONDRIO";"LOVERO";1;"Indennita' di contingenza";"565";"0";464;0;89;357;4
"LOMBARDIA";"SONDRIO";"MADESIMO";1;"Indennita' di contingenza";"516";"0";357;0;43;303;6
"LOMBARDIA";"SONDRIO";"MANTELLO";1;"Indennita' di contingenza";"521";"0";430;0;136;273;16
"LOMBARDIA";"SONDRIO";"MAZZO DI VALTELLINA";1;"Indennita' di contingenza";"764";"0";566;0;95;446;14
"LOMBARDIA";"SONDRIO";"MELLO";1;"Indennita' di contingenza";"704";"0";451;0;65;363;13
"LOMBARDIA";"SONDRIO";"MENAROLA";1;"Indennita' di contingenza";"73";"0";54;0;17;35;0
"LOMBARDIA";"SONDRIO";"MESE";1;"Indennita' di contingenza";"932";"0";692;0;146;514;26
"LOMBARDIA";"SONDRIO";"MONTAGNA IN VALTELLINA";1;"Indennita' di contingenza";"2354";"0";2001;0;487;1433;33
"LOMBARDIA";"SONDRIO";"MORBEGNO";1;"Indennita' di contingenza";"8135";"0";6679;0;1492;4957;118
"LOMBARDIA";"SONDRIO";"NOVATE MEZZOLA";1;"Indennita' di contingenza";"1265";"0";1031;0;228;782;8
"LOMBARDIA";"SONDRIO";"PEDESINA";1;"Indennita' di contingenza";"54";"0";35;0;5;26;3
"LOMBARDIA";"SONDRIO";"PIANTEDO";1;"Indennita' di contingenza";"786";"0";622;0;78;514;22
"LOMBARDIA";"SONDRIO";"PIATEDA";1;"Indennita' di contingenza";"1866";"0";1531;0;473;985;28
"LOMBARDIA";"SONDRIO";"PIURO";1;"Indennita' di contingenza";"1305";"0";1069;0;276;747;20
"LOMBARDIA";"SONDRIO";"POGGIRIDENTI";1;"Indennita' di contingenza";"1257";"0";1044;0;235;761;23
"LOMBARDIA";"SONDRIO";"PONTE IN VALTELLINA";1;"Indennita' di contingenza";"1970";"0";1363;0;308;994;28
"LOMBARDIA";"SONDRIO";"POSTALESIO";1;"Indennita' di contingenza";"489";"0";363;0;58;296;7
"LOMBARDIA";"SONDRIO";"PRATA CAMPORTACCIO";1;"Indennita' di contingenza";"1731";"0";1391;0;348;995;22
"LOMBARDIA";"SONDRIO";"RASURA";1;"Indennita' di contingenza";"273";"0";223;0;61;149;7
"LOMBARDIA";"SONDRIO";"ROGOLO";1;"Indennita' di contingenza";"357";"0";317;0;60;244;8
"LOMBARDIA";"SONDRIO";"SAMOLACO";1;"Indennita' di contingenza";"1917";"0";1471;0;250;1156;43
"LOMBARDIA";"SONDRIO";"SAN GIACOMO FILIPPO";1;"Indennita' di contingenza";"509";"0";340;0;48;252;34
"LOMBARDIA";"SONDRIO";"SERNIO";1;"Indennita' di contingenza";"359";"0";258;0;66;180;3
"LOMBARDIA";"SONDRIO";"SONDALO";1;"Indennita' di contingenza";"4029";"0";3244;0;1034;2064;44
"LOMBARDIA";"SONDRIO";"SONDRIO";1;"Indennita' di contingenza";"18638";"0";15164;0;4128;10552;181
"LOMBARDIA";"SONDRIO";"SPRIANA";1;"Indennita' di contingenza";"150";"0";101;0;25;68;7
"LOMBARDIA";"SONDRIO";"TALAMONA";1;"Indennita' di contingenza";"3036";"0";2525;0;639;1772;58
"LOMBARDIA";"SONDRIO";"TARTANO";1;"Indennita' di contingenza";"388";"0";305;0;22;270;9
"LOMBARDIA";"SONDRIO";"TEGLIO";1;"Indennita' di contingenza";"4229";"0";2977;0;982;1879;50
"LOMBARDIA";"SONDRIO";"TIRANO";1;"Indennita' di contingenza";"7169";"0";5674;0;1353;4116;76
"LOMBARDIA";"SONDRIO";"TORRE DI SANTA MARIA";1;"Indennita' di contingenza";"811";"0";684;0;179;472;16
"LOMBARDIA";"SONDRIO";"TOVO DI SANT'AGATA";1;"Indennita' di contingenza";"375";"0";322;0;58;244;8
"LOMBARDIA";"SONDRIO";"TRAONA";1;"Indennita' di contingenza";"1309";"0";1009;0;289;670;35
"LOMBARDIA";"SONDRIO";"TRESIVIO";1;"Indennita' di contingenza";"1424";"0";1211;0;342;828;16
"LOMBARDIA";"SONDRIO";"VALDIDENTRO";1;"Indennita' di contingenza";"2601";"0";1969;0;226;1687;32
"LOMBARDIA";"SONDRIO";"VALDISOTTO";1;"Indennita' di contingenza";"2247";"0";1755;0;260;1424;27
"LOMBARDIA";"SONDRIO";"VALFURVA";1;"Indennita' di contingenza";"2047";"0";1605;0;183;1371;31
"LOMBARDIA";"SONDRIO";"VAL MASINO";1;"Indennita' di contingenza";"740";"0";600;0;111;476;5
"LOMBARDIA";"SONDRIO";"VERCEIA";1;"Indennita' di contingenza";"883";"0";662;0;242;386;22
"LOMBARDIA";"SONDRIO";"VERVIO";1;"Indennita' di contingenza";"270";"0";195;0;27;161;5
"LOMBARDIA";"SONDRIO";"VILLA DI CHIAVENNA";1;"Indennita' di contingenza";"971";"0";717;0;112;575;17
"LOMBARDIA";"SONDRIO";"VILLA DI TIRANO";1;"Indennita' di contingenza";"2392";"0";1845;0;395;1371;35
"LOMBARDIA";"VARESE";"AGRA";1;"Indennita' di contingenza";"243";"0";198;0;31;162;4
"LOMBARDIA";"VARESE";"ALBIZZATE";1;"Indennita' di contingenza";"4032";"0";3396;0;1259;2055;43
"LOMBARDIA";"VARESE";"ANGERA";1;"Indennita' di contingenza";"4207";"0";3676;0;1167;2402;69
"LOMBARDIA";"VARESE";"ARCISATE";1;"Indennita' di contingenza";"6816";"0";5826;0;2186;3430;85
"LOMBARDIA";"VARESE";"ARSAGO SEPRIO";1;"Indennita' di contingenza";"2948";"0";2503;0;970;1430;51
"LOMBARDIA";"VARESE";"AZZATE";1;"Indennita' di contingenza";"2827";"0";2409;0;850;1486;42
"LOMBARDIA";"VARESE";"AZZIO";1;"Indennita' di contingenza";"512";"0";430;0;104;318;7
"LOMBARDIA";"VARESE";"BARASSO";1;"Indennita' di contingenza";"1182";"0";1005;0;302;679;18
"LOMBARDIA";"VARESE";"BARDELLO";1;"Indennita' di contingenza";"1015";"0";878;0;382;475;10
"LOMBARDIA";"VARESE";"BEDERO VALCUVIA";1;"Indennita' di contingenza";"348";"0";309;0;82;223;3
"LOMBARDIA";"VARESE";"BESANO";1;"Indennita' di contingenza";"1586";"0";1262;0;524;683;25
"LOMBARDIA";"VARESE";"BESNATE";1;"Indennita' di contingenza";"3577";"0";3102;0;1142;1854;54
"LOMBARDIA";"VARESE";"BESOZZO";1;"Indennita' di contingenza";"5923";"0";4990;0;1729;3139;52
"LOMBARDIA";"VARESE";"BIANDRONNO";1;"Indennita' di contingenza";"2298";"0";2035;0;996;970;39
"LOMBARDIA";"VARESE";"BISUSCHIO";1;"Indennita' di contingenza";"2830";"0";2370;0;773;1518;28
"LOMBARDIA";"VARESE";"BODIO LOMNAGO";1;"Indennita' di contingenza";"1229";"0";1065;0;316;715;17
"LOMBARDIA";"VARESE";"BREBBIA";1;"Indennita' di contingenza";"2453";"0";2071;0;757;1246;38
"LOMBARDIA";"VARESE";"BREGANO";1;"Indennita' di contingenza";"457";"0";385;0;111;258;9
"LOMBARDIA";"VARESE";"BRENTA";1;"Indennita' di contingenza";"1158";"0";981;0;448;500;18
"LOMBARDIA";"VARESE";"BREZZO DI BEDERO";1;"Indennita' di contingenza";"638";"0";517;0;155;345;9
"LOMBARDIA";"VARESE";"BRINZIO";1;"Indennita' di contingenza";"530";"0";479;0;146;324;3
"LOMBARDIA";"VARESE";"BRISSAGO-VALTRAVAGLIA";1;"Indennita' di contingenza";"648";"0";490;0;165;312;2
"LOMBARDIA";"VARESE";"BRUNELLO";1;"Indennita' di contingenza";"562";"0";500;0;170;320;4
"LOMBARDIA";"VARESE";"BRUSIMPIANO";1;"Indennita' di contingenza";"806";"0";652;0;197;442;5
"LOMBARDIA";"VARESE";"BUGUGGIATE";1;"Indennita' di contingenza";"2121";"0";1852;0;757;1020;27
"LOMBARDIA";"VARESE";"BUSTO ARSIZIO";1;"Indennita' di contingenza";"61669";"0";52991;0;17577;33934;632
"LOMBARDIA";"VARESE";"CADEGLIANO-VICONAGO";1;"Indennita' di contingenza";"1363";"0";1035;0;365;636;14
"LOMBARDIA";"VARESE";"CADREZZATE";1;"Indennita' di contingenza";"1129";"0";998;0;373;582;22
"LOMBARDIA";"VARESE";"CAIRATE";1;"Indennita' di contingenza";"5375";"0";4716;0;1732;2841;56
"LOMBARDIA";"VARESE";"CANTELLO";1;"Indennita' di contingenza";"3178";"0";2545;0;732;1715;48
"LOMBARDIA";"VARESE";"CARAVATE";1;"Indennita' di contingenza";"1792";"0";1482;0;647;799;13
"LOMBARDIA";"VARESE";"CARDANO AL CAMPO";1;"Indennita' di contingenza";"8774";"0";7573;0;3101;4254;93
"LOMBARDIA";"VARESE";"CARNAGO";1;"Indennita' di contingenza";"3554";"0";3012;0;1222;1714;32
"LOMBARDIA";"VARESE";"CARONNO PERTUSELLA";1;"Indennita' di contingenza";"8792";"0";7800;0;3396;4247;81
"LOMBARDIA";"VARESE";"CARONNO VARESINO";1;"Indennita' di contingenza";"3286";"0";2810;0;1203;1535;37
"LOMBARDIA";"VARESE";"CASALE LITTA";1;"Indennita' di contingenza";"1640";"0";1433;0;673;702;29
"LOMBARDIA";"VARESE";"CASALZUIGNO";1;"Indennita' di contingenza";"897";"0";736;0;263;454;9
"LOMBARDIA";"VARESE";"CASCIAGO";1;"Indennita' di contingenza";"2462";"0";2165;0;676;1434;30
"LOMBARDIA";"VARESE";"CASORATE SEMPIONE";1;"Indennita' di contingenza";"3501";"0";2983;0;995;1900;38
"LOMBARDIA";"VARESE";"CASSANO MAGNAGO";1;"Indennita' di contingenza";"15297";"0";13254;0;5342;7606;122
"LOMBARDIA";"VARESE";"CASSANO VALCUVIA";1;"Indennita' di contingenza";"400";"0";340;0;113;207;11
"LOMBARDIA";"VARESE";"CASTELLANZA";1;"Indennita' di contingenza";"12309";"0";10852;0;3546;6997;158
"LOMBARDIA";"VARESE";"CASTELLO CABIAGLIO";1;"Indennita' di contingenza";"321";"0";272;0;88;183;0
"LOMBARDIA";"VARESE";"CASTELSEPRIO";1;"Indennita' di contingenza";"852";"0";747;0;252;468;11
"LOMBARDIA";"VARESE";"CASTELVECCANA";1;"Indennita' di contingenza";"1413";"0";1217;0;382;801;18
"LOMBARDIA";"VARESE";"CASTIGLIONE OLONA";1;"Indennita' di contingenza";"5510";"0";4735;0;1842;2741;75
"LOMBARDIA";"VARESE";"CASTRONNO";1;"Indennita' di contingenza";"3471";"0";2965;0;1217;1666;41
"LOMBARDIA";"VARESE";"CAVARIA CON PREMEZZO";1;"Indennita' di contingenza";"3407";"0";2863;0;1183;1602;29
"LOMBARDIA";"VARESE";"CAZZAGO BRABBIA";1;"Indennita' di contingenza";"594";"0";504;0;171;308;8
"LOMBARDIA";"VARESE";"CISLAGO";1;"Indennita' di contingenza";"5649";"0";4930;0;1468;3309;54
"LOMBARDIA";"VARESE";"CITTIGLIO";1;"Indennita' di contingenza";"2835";"0";2429;0;1036;1310;39
"LOMBARDIA";"VARESE";"CLIVIO";1;"Indennita' di contingenza";"1328";"0";1098;0;338;710;26
"LOMBARDIA";"VARESE";"COCQUIO-TREVISAGO";1;"Indennita' di contingenza";"3579";"0";3013;0;1268;1664;36
"LOMBARDIA";"VARESE";"COMABBIO";1;"Indennita' di contingenza";"642";"0";571;0;202;346;12
"LOMBARDIA";"VARESE";"COMERIO";1;"Indennita' di contingenza";"1639";"0";1377;0;445;898;19
"LOMBARDIA";"VARESE";"CREMENAGA";1;"Indennita' di contingenza";"575";"0";462;0;166;278;13
"LOMBARDIA";"VARESE";"CROSIO DELLA VALLE";1;"Indennita' di contingenza";"354";"0";311;0;139;163;3
"LOMBARDIA";"VARESE";"CUASSO AL MONTE";1;"Indennita' di contingenza";"2188";"0";1892;0;687;1154;29
"LOMBARDIA";"VARESE";"CUGLIATE-FABIASCO";1;"Indennita' di contingenza";"1925";"0";1596;0;687;852;26
"LOMBARDIA";"VARESE";"CUNARDO";1;"Indennita' di contingenza";"1778";"0";1387;0;406;935;15
"LOMBARDIA";"VARESE";"CURIGLIA CON MONTEVIASCO";1;"Indennita' di contingenza";"224";"0";178;0;45;127;4
"LOMBARDIA";"VARESE";"CUVEGLIO";1;"Indennita' di contingenza";"1807";"0";1489;0;470;953;33
"LOMBARDIA";"VARESE";"CUVIO";1;"Indennita' di contingenza";"987";"0";875;0;278;579;11
"LOMBARDIA";"VARESE";"DAVERIO";1;"Indennita' di contingenza";"1499";"0";1321;0;565;710;25
"LOMBARDIA";"VARESE";"DUMENZA";1;"Indennita' di contingenza";"968";"0";680;0;166;498;7
"LOMBARDIA";"VARESE";"DUNO";1;"Indennita' di contingenza";"105";"0";100;0;36;64;0
"LOMBARDIA";"VARESE";"FAGNANO OLONA";1;"Indennita' di contingenza";"7939";"0";6831;0;2536;4098;91
"LOMBARDIA";"VARESE";"FERNO";1;"Indennita' di contingenza";"4047";"0";3550;0;1392;2042;61
"LOMBARDIA";"VARESE";"FERRERA DI VARESE";1;"Indennita' di contingenza";"433";"0";326;0;144;173;4
"LOMBARDIA";"VARESE";"GALLARATE";1;"Indennita' di contingenza";"36417";"0";30749;0;10037;20022;293
"LOMBARDIA";"VARESE";"GALLIATE LOMBARDO";1;"Indennita' di contingenza";"505";"0";448;0;136;296;8
"LOMBARDIA";"VARESE";"GAVIRATE";1;"Indennita' di contingenza";"6995";"0";5952;0;2327;3443;74
"LOMBARDIA";"VARESE";"GAZZADA SCHIANNO";1;"Indennita' di contingenza";"3469";"0";2960;0;1067;1778;53
"LOMBARDIA";"VARESE";"GEMONIO";1;"Indennita' di contingenza";"1836";"0";1543;0;517;981;23
"LOMBARDIA";"VARESE";"GERENZANO";1;"Indennita' di contingenza";"6055";"0";5306;0;1629;3549;64
"LOMBARDIA";"VARESE";"GERMIGNAGA";1;"Indennita' di contingenza";"2555";"0";2007;0;667;1285;30
"LOMBARDIA";"VARESE";"GOLASECCA";1;"Indennita' di contingenza";"2015";"0";1705;0;811;844;18
"LOMBARDIA";"VARESE";"GORLA MAGGIORE";1;"Indennita' di contingenza";"3209";"0";2792;0;1074;1653;42
"LOMBARDIA";"VARESE";"GORLA MINORE";1;"Indennita' di contingenza";"4885";"0";4410;0;1314;2959;75
"LOMBARDIA";"VARESE";"GORNATE OLONA";1;"Indennita' di contingenza";"1225";"0";1075;0;450;586;23
"LOMBARDIA";"VARESE";"GRANTOLA";1;"Indennita' di contingenza";"637";"0";543;0;159;372;6
"LOMBARDIA";"VARESE";"INARZO";1;"Indennita' di contingenza";"524";"0";470;0;202;246;14
"LOMBARDIA";"VARESE";"INDUNO OLONA";1;"Indennita' di contingenza";"7355";"0";6085;0;2161;3762;73
"LOMBARDIA";"VARESE";"ISPRA";1;"Indennita' di contingenza";"3299";"0";2721;0;1012;1627;47
"LOMBARDIA";"VARESE";"JERAGO CON ORAGO";1;"Indennita' di contingenza";"3221";"0";2784;0;996;1732;26
"LOMBARDIA";"VARESE";"LAVENA PONTE TRESA";1;"Indennita' di contingenza";"4059";"0";3023;0;1144;1776;60
"LOMBARDIA";"VARESE";"LAVENO-MOMBELLO";1;"Indennita' di contingenza";"7473";"0";6105;0;2015;3929;78
"LOMBARDIA";"VARESE";"LEGGIUNO";1;"Indennita' di contingenza";"2206";"0";1802;0;670;1076;33
"LOMBARDIA";"VARESE";"LONATE CEPPINO";1;"Indennita' di contingenza";"2739";"0";2440;0;971;1399;40
"LOMBARDIA";"VARESE";"LONATE POZZOLO";1;"Indennita' di contingenza";"8055";"0";6975;0;2300;4485;83
"LOMBARDIA";"VARESE";"LOZZA";1;"Indennita' di contingenza";"743";"0";646;0;210;415;13
"LOMBARDIA";"VARESE";"LUINO";1;"Indennita' di contingenza";"12213";"0";9290;0;2897;6161;99
"LOMBARDIA";"VARESE";"LUVINATE";1;"Indennita' di contingenza";"911";"0";765;0;226;511;11
"LOMBARDIA";"VARESE";"MACCAGNO";1;"Indennita' di contingenza";"1707";"0";1294;0;389;866;20
"LOMBARDIA";"VARESE";"MALGESSO";1;"Indennita' di contingenza";"767";"0";626;0;230;376;10
"LOMBARDIA";"VARESE";"MALNATE";1;"Indennita' di contingenza";"10651";"0";9144;0;3763;5140;96
"LOMBARDIA";"VARESE";"MARCHIROLO";1;"Indennita' di contingenza";"1939";"0";1464;0;525;862;29
"LOMBARDIA";"VARESE";"MARNATE";1;"Indennita' di contingenza";"4190";"0";3715;0;1340;2263;56
"LOMBARDIA";"VARESE";"MARZIO";1;"Indennita' di contingenza";"208";"0";186;0;32;148;2
"LOMBARDIA";"VARESE";"MASCIAGO PRIMO";1;"Indennita' di contingenza";"144";"0";105;0;36;66;2
"LOMBARDIA";"VARESE";"MERCALLO";1;"Indennita' di contingenza";"1185";"0";1043;0;486;530;15
"LOMBARDIA";"VARESE";"MESENZANA";1;"Indennita' di contingenza";"817";"0";604;0;162;428;7
"LOMBARDIA";"VARESE";"MONTEGRINO VALTRAVAGLIA";1;"Indennita' di contingenza";"841";"0";631;0;168;445;10
"LOMBARDIA";"VARESE";"MONVALLE";1;"Indennita' di contingenza";"1002";"0";862;0;331;503;13
"LOMBARDIA";"VARESE";"MORAZZONE";1;"Indennita' di contingenza";"2964";"0";2544;0;1019;1454;29
"LOMBARDIA";"VARESE";"MORNAGO";1;"Indennita' di contingenza";"2661";"0";2240;0;811;1348;31
"LOMBARDIA";"VARESE";"OGGIONA CON SANTO STEFANO";1;"Indennita' di contingenza";"2840";"0";2459;0;922;1473;26
"LOMBARDIA";"VARESE";"OLGIATE OLONA";1;"Indennita' di contingenza";"7310";"0";6421;0;2261;3983;90
"LOMBARDIA";"VARESE";"ORIGGIO";1;"Indennita' di contingenza";"4405";"0";3981;0;1502;2359;57
"LOMBARDIA";"VARESE";"ORINO";1;"Indennita' di contingenza";"490";"0";401;0;129;260;4
"LOMBARDIA";"VARESE";"OSMATE";1;"Indennita' di contingenza";"350";"0";305;0;76;224;3
"LOMBARDIA";"VARESE";"PINO SULLA SPONDA DEL LAGO MAGGIORE";1;"Indennita' di contingenza";"249";"0";160;0;41;114;4
"LOMBARDIA";"VARESE";"PORTO CERESIO";1;"Indennita' di contingenza";"2321";"0";1767;0;679;1005;37
"LOMBARDIA";"VARESE";"PORTO VALTRAVAGLIA";1;"Indennita' di contingenza";"1954";"0";1581;0;496;1042;23
"LOMBARDIA";"VARESE";"RANCIO VALCUVIA";1;"Indennita' di contingenza";"535";"0";472;0;119;335;10
"LOMBARDIA";"VARESE";"SALTRIO";1;"Indennita' di contingenza";"2182";"0";1810;0;605;1144;27
"LOMBARDIA";"VARESE";"RANCO";1;"Indennita' di contingenza";"746";"0";625;0;189;405;19
"LOMBARDIA";"VARESE";"SAMARATE";1;"Indennita' di contingenza";"11438";"0";10039;0;3912;5865;113
"LOMBARDIA";"VARESE";"SANGIANO";1;"Indennita' di contingenza";"919";"0";776;0;301;446;19
"LOMBARDIA";"VARESE";"SARONNO";1;"Indennita' di contingenza";"29311";"0";25459;0;7992;16938;221
"LOMBARDIA";"VARESE";"SESTO CALENDE";1;"Indennita' di contingenza";"7949";"0";6725;0;2780;3799;96
"LOMBARDIA";"VARESE";"SOLBIATE ARNO";1;"Indennita' di contingenza";"2859";"0";2500;0;894;1520;46
"LOMBARDIA";"VARESE";"SOLBIATE OLONA";1;"Indennita' di contingenza";"3399";"0";3059;0;1291;1663;72
"LOMBARDIA";"VARESE";"SOMMA LOMBARDO";1;"Indennita' di contingenza";"13350";"0";11217;0;4313;6622;128
"LOMBARDIA";"VARESE";"SUMIRAGO";1;"Indennita' di contingenza";"3842";"0";3237;0;1170;1993;30
"LOMBARDIA";"VARESE";"TAINO";1;"Indennita' di contingenza";"2194";"0";1835;0;776;1027;16
"LOMBARDIA";"VARESE";"TERNATE";1;"Indennita' di contingenza";"1738";"0";1541;0;701;799;23
"LOMBARDIA";"VARESE";"TRADATE";1;"Indennita' di contingenza";"12694";"0";11119;0;3831;6954;145
"LOMBARDIA";"VARESE";"TRAVEDONA-MONATE";1;"Indennita' di contingenza";"2526";"0";2240;0;829;1322;37
"LOMBARDIA";"VARESE";"TRONZANO LAGO MAGGIORE";1;"Indennita' di contingenza";"247";"0";167;0;43;118;3
"LOMBARDIA";"VARESE";"UBOLDO";1;"Indennita' di contingenza";"6301";"0";5547;0;2070;3300;65
"LOMBARDIA";"VARESE";"VALGANNA";1;"Indennita' di contingenza";"1137";"0";904;0;277;602;13
"LOMBARDIA";"VARESE";"VARANO BORGHI";1;"Indennita' di contingenza";"1909";"0";1697;0;786;868;20
"LOMBARDIA";"VARESE";"VARESE";1;"Indennita' di contingenza";"71208";"0";58179;0;18183;38619;566
"LOMBARDIA";"VARESE";"VEDANO OLONA";1;"Indennita' di contingenza";"4876";"0";4268;0;1401;2733;52
"LOMBARDIA";"VARESE";"VEDDASCA";1;"Indennita' di contingenza";"467";"0";289;0;72;206;6
"LOMBARDIA";"VARESE";"VENEGONO INFERIORE";1;"Indennita' di contingenza";"4046";"0";3545;0;1179;2279;33
"LOMBARDIA";"VARESE";"VENEGONO SUPERIORE";1;"Indennita' di contingenza";"4699";"0";3994;0;1605;2262;64
"LOMBARDIA";"VARESE";"VERGIATE";1;"Indennita' di contingenza";"6088";"0";5272;0;2307;2778;86
"LOMBARDIA";"VARESE";"VIGGIU'";1;"Indennita' di contingenza";"3643";"0";2934;0;1047;1785;39
"LOMBARDIA";"VARESE";"VIZZOLA TICINO";1;"Indennita' di contingenza";"334";"0";284;0;110;165;4
"TRENTINO-ALTO ADIGE";"BOLZANO";"ALDINO/ALDEIN";1;"Indennita' di contingenza";"1044";"0";935;0;47;859;25
"TRENTINO-ALTO ADIGE";"BOLZANO";"ANDRIANO";1;"Indennita' di contingenza";"502";"0";431;0;26;388;15
"TRENTINO-ALTO ADIGE";"BOLZANO";"ANTERIVO";1;"Indennita' di contingenza";"319";"0";294;0;28;253;8
"TRENTINO-ALTO ADIGE";"BOLZANO";"APPIANO SULLA STRADA DEL VINO";1;"Indennita' di contingenza";"7884";"0";6665;0;606;5827;161
"TRENTINO-ALTO ADIGE";"BOLZANO";"AVELENGO";1;"Indennita' di contingenza";"414";"0";358;0;17;330;8
"TRENTINO-ALTO ADIGE";"BOLZANO";"BADIA";1;"Indennita' di contingenza";"1815";"0";1528;0;92;1344;68
"TRENTINO-ALTO ADIGE";"BOLZANO";"BARBIANO";1;"Indennita' di contingenza";"987";"0";862;0;74;743;35
"TRENTINO-ALTO ADIGE";"BOLZANO";"BOLZANO";1;"Indennita' di contingenza";"83023";"0";68059;0;22885;43236;865
"TRENTINO-ALTO ADIGE";"BOLZANO";"BRAIES";1;"Indennita' di contingenza";"481";"0";386;0;25;350;8
"TRENTINO-ALTO ADIGE";"BOLZANO";"BRENNERO";1;"Indennita' di contingenza";"1822";"0";1479;0;253;1166;42
"TRENTINO-ALTO ADIGE";"BOLZANO";"BRESSANONE";1;"Indennita' di contingenza";"12542";"0";10387;0;1473;8591;225
"TRENTINO-ALTO ADIGE";"BOLZANO";"BRONZOLO";1;"Indennita' di contingenza";"1374";"0";1206;0;393;781;17
"TRENTINO-ALTO ADIGE";"BOLZANO";"BRUNICO";1;"Indennita' di contingenza";"8764";"0";7634;0;1067;6270;215
"TRENTINO-ALTO ADIGE";"BOLZANO";"CAINES";1;"Indennita' di contingenza";"193";"0";182;0;7;172;3
"TRENTINO-ALTO ADIGE";"BOLZANO";"CALDARO SULLA STRADA DEL VINO";1;"Indennita' di contingenza";"4479";"0";3849;0;351;3394;58
"TRENTINO-ALTO ADIGE";"BOLZANO";"CAMPO DI TRENS";1;"Indennita' di contingenza";"1651";"0";1399;0;86;1280;24
"TRENTINO-ALTO ADIGE";"BOLZANO";"CAMPO TURES";1;"Indennita' di contingenza";"2972";"0";2428;0;177;2153;84
"TRENTINO-ALTO ADIGE";"BOLZANO";"CASTELBELLO-CIARDES";1;"Indennita' di contingenza";"1733";"0";1409;0;127;1239;34
"TRENTINO-ALTO ADIGE";"BOLZANO";"CASTELROTTO";1;"Indennita' di contingenza";"3891";"0";3360;0;218;3008;111
"TRENTINO-ALTO ADIGE";"BOLZANO";"CERMES";1;"Indennita' di contingenza";"775";"0";695;0;49;627;14
"TRENTINO-ALTO ADIGE";"BOLZANO";"CHIENES";1;"Indennita' di contingenza";"1623";"0";1420;0;95;1264;42
"TRENTINO-ALTO ADIGE";"BOLZANO";"CHIUSA";1;"Indennita' di contingenza";"2905";"0";2500;0;201;2227;51
"TRENTINO-ALTO ADIGE";"BOLZANO";"CORNEDO ALL'ISARCO";1;"Indennita' di contingenza";"1864";"0";1603;0;146;1430;11
"TRENTINO-ALTO ADIGE";"BOLZANO";"CORTACCIA SULLA STRADA DEL VINO";1;"Indennita' di contingenza";"1369";"0";1157;0;50;1080;16
"TRENTINO-ALTO ADIGE";"BOLZANO";"CORTINA SULLA STRADA DEL VINO";1;"Indennita' di contingenza";"403";"0";344;0;48;287;8
"TRENTINO-ALTO ADIGE";"BOLZANO";"CORVARA IN BADIA";1;"Indennita' di contingenza";"850";"0";662;0;45;584;21
"TRENTINO-ALTO ADIGE";"BOLZANO";"CURON VENOSTA";1;"Indennita' di contingenza";"1750";"0";1333;0;101;1185;35
"TRENTINO-ALTO ADIGE";"BOLZANO";"DOBBIACO";1;"Indennita' di contingenza";"2095";"0";1901;0;205;1649;33
"TRENTINO-ALTO ADIGE";"BOLZANO";"EGNA";1;"Indennita' di contingenza";"3018";"0";2513;0;399;2028;57
"TRENTINO-ALTO ADIGE";"BOLZANO";"FALZES";1;"Indennita' di contingenza";"1271";"0";1111;0;56;1002;44
"TRENTINO-ALTO ADIGE";"BOLZANO";"FIE' ALLO SCILIAR";1;"Indennita' di contingenza";"1761";"0";1507;0;101;1359;30
"TRENTINO-ALTO ADIGE";"BOLZANO";"FORTEZZA";1;"Indennita' di contingenza";"827";"0";717;0;137;566;10
"TRENTINO-ALTO ADIGE";"BOLZANO";"FUNES";1;"Indennita' di contingenza";"1639";"0";1386;0;73;1251;50
"TRENTINO-ALTO ADIGE";"BOLZANO";"GAIS";1;"Indennita' di contingenza";"1637";"0";1410;0;114;1240;46
"TRENTINO-ALTO ADIGE";"BOLZANO";"GARGAZZONE";1;"Indennita' di contingenza";"853";"0";720;0;147;551;17
"TRENTINO-ALTO ADIGE";"BOLZANO";"GLORENZA";1;"Indennita' di contingenza";"598";"0";474;0;48;410;11
"TRENTINO-ALTO ADIGE";"BOLZANO";"LACES";1;"Indennita' di contingenza";"2996";"0";2496;0;227;2150;98
"TRENTINO-ALTO ADIGE";"BOLZANO";"LAGUNDO";1;"Indennita' di contingenza";"2856";"0";2368;0;278;2025;41
"TRENTINO-ALTO ADIGE";"BOLZANO";"LAION";1;"Indennita' di contingenza";"1302";"0";1154;0;46;1067;36
"TRENTINO-ALTO ADIGE";"BOLZANO";"LAIVES";1;"Indennita' di contingenza";"10195";"0";8350;0;2719;5388;113
"TRENTINO-ALTO ADIGE";"BOLZANO";"LANA";1;"Indennita' di contingenza";"6010";"0";5087;0;562;4346;143
"TRENTINO-ALTO ADIGE";"BOLZANO";"LASA";1;"Indennita' di contingenza";"2627";"0";2103;0;198;1797;92
"TRENTINO-ALTO ADIGE";"BOLZANO";"LAUREGNO";1;"Indennita' di contingenza";"290";"0";215;0;13;184;12
"TRENTINO-ALTO ADIGE";"BOLZANO";"LA VALLE";1;"Indennita' di contingenza";"766";"0";652;0;38;586;25
"TRENTINO-ALTO ADIGE";"BOLZANO";"LUSON";1;"Indennita' di contingenza";"963";"0";790;0;58;688;26
"TRENTINO-ALTO ADIGE";"BOLZANO";"MAGRE' SULLA STRADA DEL VINO";1;"Indennita' di contingenza";"766";"0";644;0;68;558;13
"TRENTINO-ALTO ADIGE";"BOLZANO";"MALLES VENOSTA";1;"Indennita' di contingenza";"3516";"0";2646;0;218;2328;69
"TRENTINO-ALTO ADIGE";"BOLZANO";"MAREBBE";1;"Indennita' di contingenza";"1758";"0";1455;0;102;1285;50
"TRENTINO-ALTO ADIGE";"BOLZANO";"MARLENGO";1;"Indennita' di contingenza";"1592";"0";1333;0;168;1135;23
"TRENTINO-ALTO ADIGE";"BOLZANO";"MARTELLO";1;"Indennita' di contingenza";"680";"0";532;0;29;482;12
"TRENTINO-ALTO ADIGE";"BOLZANO";"MELTINA";1;"Indennita' di contingenza";"807";"0";671;0;29;618;16
"TRENTINO-ALTO ADIGE";"BOLZANO";"MERANO";1;"Indennita' di contingenza";"26441";"0";21223;0;5220;15295;370
"TRENTINO-ALTO ADIGE";"BOLZANO";"MONGUELFO";1;"Indennita' di contingenza";"1718";"0";1492;0;161;1266;60
"TRENTINO-ALTO ADIGE";"BOLZANO";"MONTAGNA/MONTAN";1;"Indennita' di contingenza";"1022";"0";852;0;79;746;21
"TRENTINO-ALTO ADIGE";"BOLZANO";"MOSO IN PASSIRIA";1;"Indennita' di contingenza";"1433";"0";1233;0;49;1164;14
"TRENTINO-ALTO ADIGE";"BOLZANO";"NALLES";1;"Indennita' di contingenza";"987";"0";797;0;75;693;19
"TRENTINO-ALTO ADIGE";"BOLZANO";"NATURNO";1;"Indennita' di contingenza";"3089";"0";2574;0;218;2263;75
"TRENTINO-ALTO ADIGE";"BOLZANO";"NAZ-SCIAVES";1;"Indennita' di contingenza";"1204";"0";1019;0;76;923;15
"TRENTINO-ALTO ADIGE";"BOLZANO";"NOVA LEVANTE";1;"Indennita' di contingenza";"1246";"0";1052;0;39;983;27
"TRENTINO-ALTO ADIGE";"BOLZANO";"NOVA PONENTE";1;"Indennita' di contingenza";"2243";"0";1906;0;90;1740;58
"TRENTINO-ALTO ADIGE";"BOLZANO";"ORA";1;"Indennita' di contingenza";"1994";"0";1674;0;321;1293;40
"TRENTINO-ALTO ADIGE";"BOLZANO";"ORTISEI";1;"Indennita' di contingenza";"3091";"0";2453;0;225;2122;84
"TRENTINO-ALTO ADIGE";"BOLZANO";"PARCINES";1;"Indennita' di contingenza";"2068";"0";1803;0;178;1542;61
"TRENTINO-ALTO ADIGE";"BOLZANO";"PERCA";1;"Indennita' di contingenza";"763";"0";664;0;56;592;16
"TRENTINO-ALTO ADIGE";"BOLZANO";"PLAUS";1;"Indennita' di contingenza";"267";"0";224;0;12;202;8
"TRENTINO-ALTO ADIGE";"BOLZANO";"PONTE GARDENA";1;"Indennita' di contingenza";"162";"0";143;0;18;122;3
"TRENTINO-ALTO ADIGE";"BOLZANO";"POSTAL";1;"Indennita' di contingenza";"960";"0";811;0;133;653;18
"TRENTINO-ALTO ADIGE";"BOLZANO";"PRATO ALLO STELVIO";1;"Indennita' di contingenza";"2144";"0";1585;0;148;1376;42
"TRENTINO-ALTO ADIGE";"BOLZANO";"PREDOI";1;"Indennita' di contingenza";"517";"0";402;0;45;335;21
"TRENTINO-ALTO ADIGE";"BOLZANO";"PROVES";1;"Indennita' di contingenza";"237";"0";172;0;7;145;17
"TRENTINO-ALTO ADIGE";"BOLZANO";"RACINES";1;"Indennita' di contingenza";"2396";"0";2118;0;131;1923;50
"TRENTINO-ALTO ADIGE";"BOLZANO";"RASUN ANTERSELVA";1;"Indennita' di contingenza";"1709";"0";1399;0;81;1280;27
"TRENTINO-ALTO ADIGE";"BOLZANO";"RENON";1;"Indennita' di contingenza";"3938";"0";3325;0;200;2996;85
"TRENTINO-ALTO ADIGE";"BOLZANO";"RIFIANO";1;"Indennita' di contingenza";"713";"0";619;0;37;564;15
"TRENTINO-ALTO ADIGE";"BOLZANO";"RIO DI PUSTERIA";1;"Indennita' di contingenza";"1633";"0";1337;0;81;1223;27
"TRENTINO-ALTO ADIGE";"BOLZANO";"RODENGO";1;"Indennita' di contingenza";"673";"0";573;0;15;544;11
"TRENTINO-ALTO ADIGE";"BOLZANO";"SALORNO";1;"Indennita' di contingenza";"2012";"0";1697;0;357;1264;43
"TRENTINO-ALTO ADIGE";"BOLZANO";"SAN CANDIDO";1;"Indennita' di contingenza";"2309";"0";1983;0;209;1721;41
"TRENTINO-ALTO ADIGE";"BOLZANO";"SAN GENESIO ATESINO";1;"Indennita' di contingenza";"1595";"0";1442;0;85;1278;63
"TRENTINO-ALTO ADIGE";"BOLZANO";"SAN LEONARDO IN PASSIRIA";1;"Indennita' di contingenza";"2218";"0";1867;0;92;1719;39
"TRENTINO-ALTO ADIGE";"BOLZANO";"SAN LORENZO DI SEBATO";1;"Indennita' di contingenza";"2168";"0";1879;0;138;1652;71
"TRENTINO-ALTO ADIGE";"BOLZANO";"SAN MARTINO IN BADIA";1;"Indennita' di contingenza";"1052";"0";901;0;84;728;73
"TRENTINO-ALTO ADIGE";"BOLZANO";"SAN MARTINO IN PASSIRIA";1;"Indennita' di contingenza";"1879";"0";1532;0;94;1398;31
"TRENTINO-ALTO ADIGE";"BOLZANO";"SAN PANCRAZIO";1;"Indennita' di contingenza";"1301";"0";1063;0;86;924;39
"TRENTINO-ALTO ADIGE";"BOLZANO";"SANTA CRISTINA VALGARDENA";1;"Indennita' di contingenza";"1202";"0";964;0;85;815;49
"TRENTINO-ALTO ADIGE";"BOLZANO";"SARENTINO";1;"Indennita' di contingenza";"4358";"0";3833;0;284;3280;208
"TRENTINO-ALTO ADIGE";"BOLZANO";"SCENA";1;"Indennita' di contingenza";"1764";"0";1461;0;95;1325;28
"TRENTINO-ALTO ADIGE";"BOLZANO";"SELVA DEI MOLINI";1;"Indennita' di contingenza";"1000";"0";861;0;34;786;32
"TRENTINO-ALTO ADIGE";"BOLZANO";"SELVA DI VAL GARDENA";1;"Indennita' di contingenza";"1636";"0";1240;0;72;1115;42
"TRENTINO-ALTO ADIGE";"BOLZANO";"SENALES";1;"Indennita' di contingenza";"968";"0";869;0;31;820;16
"TRENTINO-ALTO ADIGE";"BOLZANO";"SENALE-SAN FELICE";1;"Indennita' di contingenza";"536";"0";440;0;44;364;26
"TRENTINO-ALTO ADIGE";"BOLZANO";"SESTO";1;"Indennita' di contingenza";"1412";"0";1099;0;74;987;31
"TRENTINO-ALTO ADIGE";"BOLZANO";"SILANDRO";1;"Indennita' di contingenza";"3700";"0";3089;0;329;2626;90
"TRENTINO-ALTO ADIGE";"BOLZANO";"SLUDERNO";1;"Indennita' di contingenza";"1234";"0";943;0;79;820;34
"TRENTINO-ALTO ADIGE";"BOLZANO";"STELVIO";1;"Indennita' di contingenza";"1016";"0";804;0;68;697;34
"TRENTINO-ALTO ADIGE";"BOLZANO";"TERENTO";1;"Indennita' di contingenza";"919";"0";778;0;39;697;38
"TRENTINO-ALTO ADIGE";"BOLZANO";"TERLANO";1;"Indennita' di contingenza";"2277";"0";2004;0;220;1739;32
"TRENTINO-ALTO ADIGE";"BOLZANO";"TERMENO SULLA STRADA DEL VINO";1;"Indennita' di contingenza";"2251";"0";1945;0;113;1769;44
"TRENTINO-ALTO ADIGE";"BOLZANO";"TESIMO";1;"Indennita' di contingenza";"1272";"0";1085;0;101;932;31
"TRENTINO-ALTO ADIGE";"BOLZANO";"TIRES";1;"Indennita' di contingenza";"628";"0";536;0;20;509;4
"TRENTINO-ALTO ADIGE";"BOLZANO";"TIROLO";1;"Indennita' di contingenza";"1569";"0";1256;0;103;1120;24
"TRENTINO-ALTO ADIGE";"BOLZANO";"TRODENA";1;"Indennita' di contingenza";"734";"0";687;0;72;490;19
"TRENTINO-ALTO ADIGE";"BOLZANO";"TUBRE";1;"Indennita' di contingenza";"806";"0";567;0;57;503;4
"TRENTINO-ALTO ADIGE";"BOLZANO";"ULTIMO";1;"Indennita' di contingenza";"2206";"0";1865;0;113;1673;64
"TRENTINO-ALTO ADIGE";"BOLZANO";"VADENA";1;"Indennita' di contingenza";"441";"0";372;0;69;293;2
"TRENTINO-ALTO ADIGE";"BOLZANO";"VALDAORA";1;"Indennita' di contingenza";"1652";"0";1391;0;131;1225;25
"TRENTINO-ALTO ADIGE";"BOLZANO";"VAL DI VIZZE";1;"Indennita' di contingenza";"1774";"0";1547;0;132;1362;39
"TRENTINO-ALTO ADIGE";"BOLZANO";"VALLE AURINA";1;"Indennita' di contingenza";"3513";"0";2863;0;160;2597;86
"TRENTINO-ALTO ADIGE";"BOLZANO";"VALLE DI CASIES";1;"Indennita' di contingenza";"1315";"0";1152;0;34;1105;12
"TRENTINO-ALTO ADIGE";"BOLZANO";"VANDOIES";1;"Indennita' di contingenza";"2000";"0";1713;0;102;1547;50
"TRENTINO-ALTO ADIGE";"BOLZANO";"VARNA";1;"Indennita' di contingenza";"2225";"0";2069;0;241;1768;38
"TRENTINO-ALTO ADIGE";"BOLZANO";"VELTURNO";1;"Indennita' di contingenza";"1408";"0";1234;0;63;1130;32
"TRENTINO-ALTO ADIGE";"BOLZANO";"VERANO";1;"Indennita' di contingenza";"450";"0";391;0;18;364;6
"TRENTINO-ALTO ADIGE";"BOLZANO";"VILLABASSA";1;"Indennita' di contingenza";"936";"0";814;0;66;715;20
"TRENTINO-ALTO ADIGE";"BOLZANO";"VILLANDRO";1;"Indennita' di contingenza";"1171";"0";986;0;49;894;35
"TRENTINO-ALTO ADIGE";"BOLZANO";"VIPITENO";1;"Indennita' di contingenza";"3969";"0";3453;0;485;2845;77
"TRENTINO-ALTO ADIGE";"TRENTO";"ALA";1;"Indennita' di contingenza";"5183";"0";4396;0;1484;2754;96
"TRENTINO-ALTO ADIGE";"TRENTO";"ALBIANO";1;"Indennita' di contingenza";"1042";"0";851;0;187;615;20
"TRENTINO-ALTO ADIGE";"TRENTO";"ALDENO";1;"Indennita' di contingenza";"1753";"0";1503;0;450;997;23
"TRENTINO-ALTO ADIGE";"TRENTO";"AMBLAR";1;"Indennita' di contingenza";"174";"0";128;0;28;96;4
"TRENTINO-ALTO ADIGE";"TRENTO";"ANDALO";1;"Indennita' di contingenza";"728";"0";500;0;79;375;25
"TRENTINO-ALTO ADIGE";"TRENTO";"ARCO";1;"Indennita' di contingenza";"9462";"0";7639;0;2958;4449;128
"TRENTINO-ALTO ADIGE";"TRENTO";"AVIO";1;"Indennita' di contingenza";"2767";"0";2303;0;575;1620;58
"TRENTINO-ALTO ADIGE";"TRENTO";"BASELGA DI PINE'";1;"Indennita' di contingenza";"3171";"0";2402;0;739;1560;58
"TRENTINO-ALTO ADIGE";"TRENTO";"BEDOLLO";1;"Indennita' di contingenza";"1242";"0";939;0;289;610;17
"TRENTINO-ALTO ADIGE";"TRENTO";"BERSONE";1;"Indennita' di contingenza";"234";"0";198;0;33;149;12
"TRENTINO-ALTO ADIGE";"TRENTO";"BESENELLO";1;"Indennita' di contingenza";"1197";"0";1035;0;337;639;32
"TRENTINO-ALTO ADIGE";"TRENTO";"BEZZECCA";1;"Indennita' di contingenza";"430";"0";357;0;108;233;11
"TRENTINO-ALTO ADIGE";"TRENTO";"BIENO";1;"Indennita' di contingenza";"370";"0";272;0;96;164;7
"TRENTINO-ALTO ADIGE";"TRENTO";"BLEGGIO INFERIORE";1;"Indennita' di contingenza";"732";"0";569;0;158;392;13
"TRENTINO-ALTO ADIGE";"TRENTO";"BLEGGIO SUPERIORE";1;"Indennita' di contingenza";"1127";"0";880;0;193;664;13
"TRENTINO-ALTO ADIGE";"TRENTO";"BOCENAGO";1;"Indennita' di contingenza";"277";"0";223;0;42;169;8
"TRENTINO-ALTO ADIGE";"TRENTO";"BOLBENO";1;"Indennita' di contingenza";"262";"0";212;0;43;153;14
"TRENTINO-ALTO ADIGE";"TRENTO";"BONDO";1;"Indennita' di contingenza";"476";"0";380;0;48;316;10
"TRENTINO-ALTO ADIGE";"TRENTO";"BONDONE";1;"Indennita' di contingenza";"538";"0";405;0;150;245;8
"TRENTINO-ALTO ADIGE";"TRENTO";"BORGO VALSUGANA";1;"Indennita' di contingenza";"4168";"0";3273;0;1067;2071;62
"TRENTINO-ALTO ADIGE";"TRENTO";"BOSENTINO";1;"Indennita' di contingenza";"466";"0";390;0;164;212;11
"TRENTINO-ALTO ADIGE";"TRENTO";"BREGUZZO";1;"Indennita' di contingenza";"413";"0";331;0;84;224;18
"TRENTINO-ALTO ADIGE";"TRENTO";"BRENTONICO";1;"Indennita' di contingenza";"2481";"0";1958;0;657;1252;30
"TRENTINO-ALTO ADIGE";"TRENTO";"BRESIMO";1;"Indennita' di contingenza";"279";"0";222;0;52;162;6
"TRENTINO-ALTO ADIGE";"TRENTO";"BREZ";1;"Indennita' di contingenza";"634";"0";463;0;78;352;21
"TRENTINO-ALTO ADIGE";"TRENTO";"BRIONE";1;"Indennita' di contingenza";"138";"0";120;0;15;100;1
"TRENTINO-ALTO ADIGE";"TRENTO";"CADERZONE";1;"Indennita' di contingenza";"422";"0";328;0;53;255;14
"TRENTINO-ALTO ADIGE";"TRENTO";"CAGNO'";1;"Indennita' di contingenza";"306";"0";227;0;51;163;10
"TRENTINO-ALTO ADIGE";"TRENTO";"CALAVINO";1;"Indennita' di contingenza";"860";"0";738;0;194;505;26
"TRENTINO-ALTO ADIGE";"TRENTO";"CALCERANICA AL LAGO";1;"Indennita' di contingenza";"803";"0";615;0;250;333;16
"TRENTINO-ALTO ADIGE";"TRENTO";"CALDES";1;"Indennita' di contingenza";"846";"0";673;0;152;473;36
"TRENTINO-ALTO ADIGE";"TRENTO";"CALDONAZZO";1;"Indennita' di contingenza";"1793";"0";1375;0;479;838;38
"TRENTINO-ALTO ADIGE";"TRENTO";"CALLIANO";1;"Indennita' di contingenza";"774";"0";687;0;215;455;10
"TRENTINO-ALTO ADIGE";"TRENTO";"CAMPITELLO DI FASSA";1;"Indennita' di contingenza";"498";"0";412;0;36;359;15
"TRENTINO-ALTO ADIGE";"TRENTO";"CAMPODENNO";1;"Indennita' di contingenza";"1116";"0";922;0;266;616;27
"TRENTINO-ALTO ADIGE";"TRENTO";"CANAL SAN BOVO";1;"Indennita' di contingenza";"1747";"0";1188;0;285;818;44
"TRENTINO-ALTO ADIGE";"TRENTO";"CANAZEI";1;"Indennita' di contingenza";"1198";"0";872;0;103;701;46
"TRENTINO-ALTO ADIGE";"TRENTO";"CAPRIANA";1;"Indennita' di contingenza";"513";"0";364;0;82;269;8
"TRENTINO-ALTO ADIGE";"TRENTO";"CARANO";1;"Indennita' di contingenza";"605";"0";432;0;120;276;26
"TRENTINO-ALTO ADIGE";"TRENTO";"CARISOLO";1;"Indennita' di contingenza";"575";"0";460;0;109;339;10
"TRENTINO-ALTO ADIGE";"TRENTO";"CARZANO";1;"Indennita' di contingenza";"314";"0";257;0;72;157;22
"TRENTINO-ALTO ADIGE";"TRENTO";"CASTELFONDO";1;"Indennita' di contingenza";"237";"0";198;0;54;140;2
"TRENTINO-ALTO ADIGE";"TRENTO";"CASTEL CONDINO";1;"Indennita' di contingenza";"600";"0";416;0;88;297;23
"TRENTINO-ALTO ADIGE";"TRENTO";"CASTELLO-MOLINA DI FIEMME";1;"Indennita' di contingenza";"1623";"0";1195;0;257;870;48
"TRENTINO-ALTO ADIGE";"TRENTO";"CASTELLO TESINO";1;"Indennita' di contingenza";"1475";"0";1013;0;376;581;28
"TRENTINO-ALTO ADIGE";"TRENTO";"CASTELNUOVO";1;"Indennita' di contingenza";"719";"0";551;0;197;327;12
"TRENTINO-ALTO ADIGE";"TRENTO";"CAVALESE";1;"Indennita' di contingenza";"2825";"0";2086;0;429;1552;66
"TRENTINO-ALTO ADIGE";"TRENTO";"CAVARENO";1;"Indennita' di contingenza";"667";"0";498;0;93;388;9
"TRENTINO-ALTO ADIGE";"TRENTO";"CAVEDAGO";1;"Indennita' di contingenza";"376";"0";268;0;90;163;13
"TRENTINO-ALTO ADIGE";"TRENTO";"CAVEDINE";1;"Indennita' di contingenza";"1876";"0";1519;0;443;1014;34
"TRENTINO-ALTO ADIGE";"TRENTO";"CAVIZZANA";1;"Indennita' di contingenza";"183";"0";147;0;29;116;0
"TRENTINO-ALTO ADIGE";"TRENTO";"CEMBRA";1;"Indennita' di contingenza";"1129";"0";857;0;242;552;14
"TRENTINO-ALTO ADIGE";"TRENTO";"CENTA SAN NICOLO'";1;"Indennita' di contingenza";"377";"0";300;0;76;203;10
"TRENTINO-ALTO ADIGE";"TRENTO";"CIMEGO";1;"Indennita' di contingenza";"322";"0";247;0;69;165;8
"TRENTINO-ALTO ADIGE";"TRENTO";"CIMONE";1;"Indennita' di contingenza";"431";"0";364;0;127;211;13
"TRENTINO-ALTO ADIGE";"TRENTO";"CINTE TESINO";1;"Indennita' di contingenza";"444";"0";351;0;145;195;7
"TRENTINO-ALTO ADIGE";"TRENTO";"CIS";1;"Indennita' di contingenza";"322";"0";211;0;73;120;15
"TRENTINO-ALTO ADIGE";"TRENTO";"CIVEZZANO";1;"Indennita' di contingenza";"2102";"0";1731;0;606;1014;52
"TRENTINO-ALTO ADIGE";"TRENTO";"CLES";1;"Indennita' di contingenza";"4530";"0";3711;0;1144;2430;81
"TRENTINO-ALTO ADIGE";"TRENTO";"CLOZ";1;"Indennita' di contingenza";"562";"0";417;0;50;350;6
"TRENTINO-ALTO ADIGE";"TRENTO";"COMMEZZADURA";1;"Indennita' di contingenza";"712";"0";489;0;123;338;18
"TRENTINO-ALTO ADIGE";"TRENTO";"CONCEI";1;"Indennita' di contingenza";"592";"0";421;0;127;280;12
"TRENTINO-ALTO ADIGE";"TRENTO";"CONDINO";1;"Indennita' di contingenza";"1031";"0";839;0;244;572;18
"TRENTINO-ALTO ADIGE";"TRENTO";"COREDO";1;"Indennita' di contingenza";"1040";"0";809;0;159;602;32
"TRENTINO-ALTO ADIGE";"TRENTO";"CROVIANA";1;"Indennita' di contingenza";"370";"0";286;0;75;195;10
"TRENTINO-ALTO ADIGE";"TRENTO";"CUNEVO";1;"Indennita' di contingenza";"430";"0";368;0;124;233;10
"TRENTINO-ALTO ADIGE";"TRENTO";"DAIANO";1;"Indennita' di contingenza";"468";"0";326;0;86;222;13
"TRENTINO-ALTO ADIGE";"TRENTO";"DAMBEL";1;"Indennita' di contingenza";"379";"0";267;0;60;195;7
"TRENTINO-ALTO ADIGE";"TRENTO";"DAONE";1;"Indennita' di contingenza";"477";"0";399;0;142;239;10
"TRENTINO-ALTO ADIGE";"TRENTO";"DARE'";1;"Indennita' di contingenza";"160";"0";141;0;25;104;8
"TRENTINO-ALTO ADIGE";"TRENTO";"DENNO";1;"Indennita' di contingenza";"850";"0";698;0;182;493;19
"TRENTINO-ALTO ADIGE";"TRENTO";"DIMARO";1;"Indennita' di contingenza";"817";"0";624;0;117;477;17
"TRENTINO-ALTO ADIGE";"TRENTO";"DON";1;"Indennita' di contingenza";"159";"0";139;0;21;104;8
"TRENTINO-ALTO ADIGE";"TRENTO";"DORSINO";1;"Indennita' di contingenza";"391";"0";311;0;76;222;9
"TRENTINO-ALTO ADIGE";"TRENTO";"DRENA";1;"Indennita' di contingenza";"346";"0";266;0;128;123;13
"TRENTINO-ALTO ADIGE";"TRENTO";"DRO";1;"Indennita' di contingenza";"2403";"0";1912;0;718;1138;26
"TRENTINO-ALTO ADIGE";"TRENTO";"FAEDO";1;"Indennita' di contingenza";"372";"0";286;0;82;190;8
"TRENTINO-ALTO ADIGE";"TRENTO";"FAI DELLA PAGANELLA";1;"Indennita' di contingenza";"695";"0";523;0;104;390;15
"TRENTINO-ALTO ADIGE";"TRENTO";"FAVER";1;"Indennita' di contingenza";"627";"0";509;0;138;346;20
"TRENTINO-ALTO ADIGE";"TRENTO";"FIAVE'";1;"Indennita' di contingenza";"805";"0";612;0;135;453;18
"TRENTINO-ALTO ADIGE";"TRENTO";"FIERA DI PRIMIERO";1;"Indennita' di contingenza";"442";"0";350;0;55;280;10
"TRENTINO-ALTO ADIGE";"TRENTO";"FIEROZZO";1;"Indennita' di contingenza";"357";"0";278;0;49;211;10
"TRENTINO-ALTO ADIGE";"TRENTO";"FLAVON";1;"Indennita' di contingenza";"403";"0";321;0;69;231;17
"TRENTINO-ALTO ADIGE";"TRENTO";"FOLGARIA";1;"Indennita' di contingenza";"2641";"0";2135;0;645;1393;48
"TRENTINO-ALTO ADIGE";"TRENTO";"FONDO";1;"Indennita' di contingenza";"1161";"0";852;0;185;628;15
"TRENTINO-ALTO ADIGE";"TRENTO";"FORNACE";1;"Indennita' di contingenza";"697";"0";579;0;138;410;17
"TRENTINO-ALTO ADIGE";"TRENTO";"FRASSILONGO";1;"Indennita' di contingenza";"341";"0";233;0;71;147;6
"TRENTINO-ALTO ADIGE";"TRENTO";"GARNICA";1;"Indennita' di contingenza";"300";"0";250;0;83;153;9
"TRENTINO-ALTO ADIGE";"TRENTO";"GIOVO";1;"Indennita' di contingenza";"1664";"0";1423;0;447;891;57
"TRENTINO-ALTO ADIGE";"TRENTO";"GIUSTINO";1;"Indennita' di contingenza";"482";"0";363;0;104;245;9
"TRENTINO-ALTO ADIGE";"TRENTO";"GRAUNO";1;"Indennita' di contingenza";"150";"0";126;0;36;84;5
"TRENTINO-ALTO ADIGE";"TRENTO";"GRIGNO";1;"Indennita' di contingenza";"2072";"0";1536;0;564;908;40
"TRENTINO-ALTO ADIGE";"TRENTO";"GRUMES";1;"Indennita' di contingenza";"408";"0";304;0;126;158;8
"TRENTINO-ALTO ADIGE";"TRENTO";"IMER";1;"Indennita' di contingenza";"922";"0";747;0;113;590;20
"TRENTINO-ALTO ADIGE";"TRENTO";"ISERA";1;"Indennita' di contingenza";"1731";"0";1429;0;433;945;31
"TRENTINO-ALTO ADIGE";"TRENTO";"IVANO-FRACENA";1;"Indennita' di contingenza";"247";"0";190;0;54;132;4
"TRENTINO-ALTO ADIGE";"TRENTO";"LASINO";1;"Indennita' di contingenza";"155";"0";107;0;42;51;12
"TRENTINO-ALTO ADIGE";"TRENTO";"LARDARO";1;"Indennita' di contingenza";"715";"0";628;0;155;447;14
"TRENTINO-ALTO ADIGE";"TRENTO";"LAVARONE";1;"Indennita' di contingenza";"970";"0";702;0;165;514;13
"TRENTINO-ALTO ADIGE";"TRENTO";"LAVIS";1;"Indennita' di contingenza";"4811";"0";3877;0;1200;2499;87
"TRENTINO-ALTO ADIGE";"TRENTO";"LEVICO TERME";1;"Indennita' di contingenza";"4566";"0";3345;0;948;2225;88
"TRENTINO-ALTO ADIGE";"TRENTO";"LISIGNAGO";1;"Indennita' di contingenza";"383";"0";320;0;118;174;7
"TRENTINO-ALTO ADIGE";"TRENTO";"LIVO";1;"Indennita' di contingenza";"692";"0";553;0;127;391;25
"TRENTINO-ALTO ADIGE";"TRENTO";"LOMASO";1;"Indennita' di contingenza";"1110";"0";845;0;185;622;26
"TRENTINO-ALTO ADIGE";"TRENTO";"LONA-LASES";1;"Indennita' di contingenza";"545";"0";469;0;202;255;8
"TRENTINO-ALTO ADIGE";"TRENTO";"LUSERNA";1;"Indennita' di contingenza";"384";"0";241;0;87;146;4
"TRENTINO-ALTO ADIGE";"TRENTO";"MALE'";1;"Indennita' di contingenza";"1631";"0";1296;0;361;875;43
"TRENTINO-ALTO ADIGE";"TRENTO";"MALOSCO";1;"Indennita' di contingenza";"257";"0";191;0;27;161;1
"TRENTINO-ALTO ADIGE";"TRENTO";"MASSIMENO";1;"Indennita' di contingenza";"95";"0";64;0;22;40;2
"TRENTINO-ALTO ADIGE";"TRENTO";"MAZZIN";1;"Indennita' di contingenza";"310";"0";257;0;16;224;10
"TRENTINO-ALTO ADIGE";"TRENTO";"MEZZANA";1;"Indennita' di contingenza";"697";"0";484;0;97;358;23
"TRENTINO-ALTO ADIGE";"TRENTO";"MEZZANO";1;"Indennita' di contingenza";"1260";"0";1036;0;457;517;30
"TRENTINO-ALTO ADIGE";"TRENTO";"MEZZOCORONA";1;"Indennita' di contingenza";"3331";"0";2583;0;756;1730;56
"TRENTINO-ALTO ADIGE";"TRENTO";"MEZZOLOMBARDO";1;"Indennita' di contingenza";"4222";"0";3154;0;955;2040;86
"TRENTINO-ALTO ADIGE";"TRENTO";"MOENA";1;"Indennita' di contingenza";"2017";"0";1469;0;264;1110;54
"TRENTINO-ALTO ADIGE";"TRENTO";"MOLINA DI LEDRO";1;"Indennita' di contingenza";"1104";"0";852;0;267;545;24
"TRENTINO-ALTO ADIGE";"TRENTO";"MOLVENO";1;"Indennita' di contingenza";"756";"0";553;0;207;312;23
"TRENTINO-ALTO ADIGE";"TRENTO";"MONCLASSICO";1;"Indennita' di contingenza";"563";"0";446;0;119;296;18
"TRENTINO-ALTO ADIGE";"TRENTO";"MONTAGNE";1;"Indennita' di contingenza";"260";"0";153;0;17;132;2
"TRENTINO-ALTO ADIGE";"TRENTO";"MORI";1;"Indennita' di contingenza";"6105";"0";5169;0;1810;3209;86
"TRENTINO-ALTO ADIGE";"TRENTO";"NAGO-TORBOLE";1;"Indennita' di contingenza";"1844";"0";1483;0;559;871;35
"TRENTINO-ALTO ADIGE";"TRENTO";"NANNO";1;"Indennita' di contingenza";"514";"0";396;0;83;294;10
"TRENTINO-ALTO ADIGE";"TRENTO";"NAVE SAN ROCCO";1;"Indennita' di contingenza";"646";"0";541;0;200;314;21
"TRENTINO-ALTO ADIGE";"TRENTO";"NOGAREDO";1;"Indennita' di contingenza";"1159";"0";992;0;340;614;20
"TRENTINO-ALTO ADIGE";"TRENTO";"NOMI";1;"Indennita' di contingenza";"889";"0";674;0;275;377;15
"TRENTINO-ALTO ADIGE";"TRENTO";"NOVALEDO";1;"Indennita' di contingenza";"625";"0";499;0;257;222;8
"TRENTINO-ALTO ADIGE";"TRENTO";"OSPEDALETTO";1;"Indennita' di contingenza";"604";"0";486;0;108;358;10
"TRENTINO-ALTO ADIGE";"TRENTO";"OSSANA";1;"Indennita' di contingenza";"590";"0";443;0;161;264;13
"TRENTINO-ALTO ADIGE";"TRENTO";"PADERGNONE";1;"Indennita' di contingenza";"462";"0";384;0;120;250;11
"TRENTINO-ALTO ADIGE";"TRENTO";"PALU' DEL FERSINA";1;"Indennita' di contingenza";"248";"0";167;0;30;127;9
"TRENTINO-ALTO ADIGE";"TRENTO";"PANCHIA'";1;"Indennita' di contingenza";"471";"0";360;0;63;279;11
"TRENTINO-ALTO ADIGE";"TRENTO";"PEIO";1;"Indennita' di contingenza";"1507";"0";1168;0;262;837;35
"TRENTINO-ALTO ADIGE";"TRENTO";"PELLIZZANO";1;"Indennita' di contingenza";"712";"0";527;0;183;316;20
"TRENTINO-ALTO ADIGE";"TRENTO";"PELUGO";1;"Indennita' di contingenza";"246";"0";207;0;23;175;6
"TRENTINO-ALTO ADIGE";"TRENTO";"PERGINE VALSUGANA";1;"Indennita' di contingenza";"10982";"0";8557;0;2458;5612;181
"TRENTINO-ALTO ADIGE";"TRENTO";"PIEVE DI BONO";1;"Indennita' di contingenza";"1158";"0";905;0;256;606;32
"TRENTINO-ALTO ADIGE";"TRENTO";"PIEVE DI LEDRO";1;"Indennita' di contingenza";"375";"0";298;0;77;197;10
"TRENTINO-ALTO ADIGE";"TRENTO";"PIEVE TESINO";1;"Indennita' di contingenza";"706";"0";543;0;215;308;15
"TRENTINO-ALTO ADIGE";"TRENTO";"PINZOLO";1;"Indennita' di contingenza";"2294";"0";1725;0;356;1306;45
"TRENTINO-ALTO ADIGE";"TRENTO";"POMAROLO";1;"Indennita' di contingenza";"1344";"0";1155;0;493;633;18
"TRENTINO-ALTO ADIGE";"TRENTO";"POZZA DI FASSA";1;"Indennita' di contingenza";"1124";"0";877;0;123;689;43
"TRENTINO-ALTO ADIGE";"TRENTO";"PRASO";1;"Indennita' di contingenza";"355";"0";268;0;70;181;11
"TRENTINO-ALTO ADIGE";"TRENTO";"PREDAZZO";1;"Indennita' di contingenza";"3204";"0";2510;0;498;1904;48
"TRENTINO-ALTO ADIGE";"TRENTO";"PREORE";1;"Indennita' di contingenza";"270";"0";217;0;40;166;10
"TRENTINO-ALTO ADIGE";"TRENTO";"PREZZO";1;"Indennita' di contingenza";"174";"0";140;0;39;91;7
"TRENTINO-ALTO ADIGE";"TRENTO";"RABBI";1;"Indennita' di contingenza";"1357";"0";939;0;257;609;67
"TRENTINO-ALTO ADIGE";"TRENTO";"RAGOLI";1;"Indennita' di contingenza";"646";"0";485;0;122;336;22
"TRENTINO-ALTO ADIGE";"TRENTO";"REVO'";1;"Indennita' di contingenza";"1029";"0";671;0;122;522;14
"TRENTINO-ALTO ADIGE";"TRENTO";"RIVA DEL GARDA";1;"Indennita' di contingenza";"10406";"0";7931;0;2890;4839;113
"TRENTINO-ALTO ADIGE";"TRENTO";"ROMALLO";1;"Indennita' di contingenza";"501";"0";388;0;121;248;13
"TRENTINO-ALTO ADIGE";"TRENTO";"ROMENO";1;"Indennita' di contingenza";"947";"0";795;0;137;640;9
"TRENTINO-ALTO ADIGE";"TRENTO";"RONCEGNO";1;"Indennita' di contingenza";"1972";"0";1382;0;423;890;38
"TRENTINO-ALTO ADIGE";"TRENTO";"RONCHI VALSUGANA";1;"Indennita' di contingenza";"294";"0";190;0;56;120;11
"TRENTINO-ALTO ADIGE";"TRENTO";"RONCONE";1;"Indennita' di contingenza";"1090";"0";763;0;222;519;13
"TRENTINO-ALTO ADIGE";"TRENTO";"RONZO-CHIENIS";1;"Indennita' di contingenza";"802";"0";663;0;197;440;19
"TRENTINO-ALTO ADIGE";"TRENTO";"RONZONE";1;"Indennita' di contingenza";"313";"0";249;0;56;187;5
"TRENTINO-ALTO ADIGE";"TRENTO";"ROVERE' DELLA LUNA";1;"Indennita' di contingenza";"1100";"0";894;0;234;619;32
"TRENTINO-ALTO ADIGE";"TRENTO";"ROVERETO";1;"Indennita' di contingenza";"26355";"0";21843;0;8311;12844;351
"TRENTINO-ALTO ADIGE";"TRENTO";"RUFFRE'-MENDOLA";1;"Indennita' di contingenza";"332";"0";256;0;53;185;11
"TRENTINO-ALTO ADIGE";"TRENTO";"RUMO";1;"Indennita' di contingenza";"767";"0";576;0;82;471;14
"TRENTINO-ALTO ADIGE";"TRENTO";"SAGRON MIS";1;"Indennita' di contingenza";"224";"0";158;0;22;126;7
"TRENTINO-ALTO ADIGE";"TRENTO";"SAMONE";1;"Indennita' di contingenza";"378";"0";291;0;106;178;5
"TRENTINO-ALTO ADIGE";"TRENTO";"SAN LORENZO IN BANALE";1;"Indennita' di contingenza";"879";"0";681;0;195;458;17
"TRENTINO-ALTO ADIGE";"TRENTO";"SAN MICHELE ALL'ADIGE";1;"Indennita' di contingenza";"1521";"0";1284;0;375;858;35
"TRENTINO-ALTO ADIGE";"TRENTO";"SANT'ORSOLA";1;"Indennita' di contingenza";"657";"0";528;0;137;347;27
"TRENTINO-ALTO ADIGE";"TRENTO";"SANZENO";1;"Indennita' di contingenza";"685";"0";554;0;152;376;21
"TRENTINO-ALTO ADIGE";"TRENTO";"SARNONICO";1;"Indennita' di contingenza";"482";"0";381;0;89;273;10
"TRENTINO-ALTO ADIGE";"TRENTO";"SCURELLE";1;"Indennita' di contingenza";"966";"0";770;0;301;443;17
"TRENTINO-ALTO ADIGE";"TRENTO";"SEGONZANO";1;"Indennita' di contingenza";"1134";"0";889;0;247;592;14
"TRENTINO-ALTO ADIGE";"TRENTO";"SFRUZ";1;"Indennita' di contingenza";"232";"0";198;0;39;152;2
"TRENTINO-ALTO ADIGE";"TRENTO";"SIROR";1;"Indennita' di contingenza";"949";"0";792;0;108;627;36
"TRENTINO-ALTO ADIGE";"TRENTO";"SMARANO";1;"Indennita' di contingenza";"216";"0";176;0;24;136;11
"TRENTINO-ALTO ADIGE";"TRENTO";"SORAGA";1;"Indennita' di contingenza";"394";"0";318;0;36;251;21
"TRENTINO-ALTO ADIGE";"TRENTO";"SOVER";1;"Indennita' di contingenza";"801";"0";654;0;197;412;19
"TRENTINO-ALTO ADIGE";"TRENTO";"SPERA";1;"Indennita' di contingenza";"415";"0";356;0;133;201;15
"TRENTINO-ALTO ADIGE";"TRENTO";"SPIAZZO";1;"Indennita' di contingenza";"926";"0";737;0;104;610;15
"TRENTINO-ALTO ADIGE";"TRENTO";"SPORMAGGIORE";1;"Indennita' di contingenza";"787";"0";594;0;179;396;7
"TRENTINO-ALTO ADIGE";"TRENTO";"SPORMINORE";1;"Indennita' di contingenza";"560";"0";435;0;87;329;14
"TRENTINO-ALTO ADIGE";"TRENTO";"STENICO";1;"Indennita' di contingenza";"866";"0";683;0;203;459;14
"TRENTINO-ALTO ADIGE";"TRENTO";"STORO";1;"Indennita' di contingenza";"3057";"0";2424;0;786;1558;54
"TRENTINO-ALTO ADIGE";"TRENTO";"STREMBO";1;"Indennita' di contingenza";"330";"0";263;0;50;203;5
"TRENTINO-ALTO ADIGE";"TRENTO";"STRIGNO";1;"Indennita' di contingenza";"1182";"0";863;0;266;574;11
"TRENTINO-ALTO ADIGE";"TRENTO";"TAIO";1;"Indennita' di contingenza";"1905";"0";1604;0;422;1127;36
"TRENTINO-ALTO ADIGE";"TRENTO";"TASSULLO";1;"Indennita' di contingenza";"1491";"0";1253;0;374;836;31
"TRENTINO-ALTO ADIGE";"TRENTO";"TELVE";1;"Indennita' di contingenza";"1454";"0";1128;0;277;813;24
"TRENTINO-ALTO ADIGE";"TRENTO";"TELVE DI SOPRA";1;"Indennita' di contingenza";"500";"0";388;0;113;249;10
"TRENTINO-ALTO ADIGE";"TRENTO";"TENNA";1;"Indennita' di contingenza";"526";"0";419;0;103;279;16
"TRENTINO-ALTO ADIGE";"TRENTO";"TENNO";1;"Indennita' di contingenza";"1232";"0";968;0;346;592;22
"TRENTINO-ALTO ADIGE";"TRENTO";"TERLAGO";1;"Indennita' di contingenza";"1024";"0";842;0;329;477;17
"TRENTINO-ALTO ADIGE";"TRENTO";"TERRAGNOLO";1;"Indennita' di contingenza";"856";"0";634;0;263;319;36
"TRENTINO-ALTO ADIGE";"TRENTO";"TERRES";1;"Indennita' di contingenza";"250";"0";209;0;61;137;8
"TRENTINO-ALTO ADIGE";"TRENTO";"TERZOLAS";1;"Indennita' di contingenza";"434";"0";349;0;88;236;20
"TRENTINO-ALTO ADIGE";"TRENTO";"TESERO";1;"Indennita' di contingenza";"1970";"0";1496;0;217;1233;25
"TRENTINO-ALTO ADIGE";"TRENTO";"TIARNO DI SOPRA";1;"Indennita' di contingenza";"593";"0";477;0;103;350;16
"TRENTINO-ALTO ADIGE";"TRENTO";"TIARNO DI SOTTO";1;"Indennita' di contingenza";"531";"0";390;0;143;229;13
"TRENTINO-ALTO ADIGE";"TRENTO";"TIONE DI TRENTO";1;"Indennita' di contingenza";"2497";"0";2034;0;472;1481;57
"TRENTINO-ALTO ADIGE";"TRENTO";"TON";1;"Indennita' di contingenza";"952";"0";716;0;213;471;22
"TRENTINO-ALTO ADIGE";"TRENTO";"TONADICO";1;"Indennita' di contingenza";"991";"0";760;0;189;526;19
"TRENTINO-ALTO ADIGE";"TRENTO";"TORCEGNO";1;"Indennita' di contingenza";"506";"0";384;0;119;244;5
"TRENTINO-ALTO ADIGE";"TRENTO";"TRAMBILENO";1;"Indennita' di contingenza";"1042";"0";799;0;336;439;13
"TRENTINO-ALTO ADIGE";"TRENTO";"TRANSACQUA";1;"Indennita' di contingenza";"1400";"0";1075;0;211;798;39
"TRENTINO-ALTO ADIGE";"TRENTO";"TRENTO";1;"Indennita' di contingenza";"79527";"0";62626;0;20502;40225;898
"TRENTINO-ALTO ADIGE";"TRENTO";"TRES";1;"Indennita' di contingenza";"448";"0";358;0;101;241;12
"TRENTINO-ALTO ADIGE";"TRENTO";"TUENNO";1;"Indennita' di contingenza";"1769";"0";1430;0;377;1004;33
"TRENTINO-ALTO ADIGE";"TRENTO";"VALDA";1;"Indennita' di contingenza";"166";"0";133;0;39;84;3
"TRENTINO-ALTO ADIGE";"TRENTO";"VALFLORIANA";1;"Indennita' di contingenza";"567";"0";416;0;90;288;29
"TRENTINO-ALTO ADIGE";"TRENTO";"VALLARSA";1;"Indennita' di contingenza";"1205";"0";967;0;373;552;22
"TRENTINO-ALTO ADIGE";"TRENTO";"VARENA";1;"Indennita' di contingenza";"625";"0";453;0;118;300;25
"TRENTINO-ALTO ADIGE";"TRENTO";"VATTARO";1;"Indennita' di contingenza";"598";"0";499;0;172;309;11
"TRENTINO-ALTO ADIGE";"TRENTO";"VERMIGLIO";1;"Indennita' di contingenza";"1410";"0";1027;0;268;698;41
"TRENTINO-ALTO ADIGE";"TRENTO";"VERVO'";1;"Indennita' di contingenza";"496";"0";397;0;68;311;12
"TRENTINO-ALTO ADIGE";"TRENTO";"VEZZANO";1;"Indennita' di contingenza";"1408";"0";1147;0;395;706;26
"TRENTINO-ALTO ADIGE";"TRENTO";"VIGNOLA-FALESINA";1;"Indennita' di contingenza";"116";"0";85;0;28;49;2
"TRENTINO-ALTO ADIGE";"TRENTO";"VIGO DI FASSA";1;"Indennita' di contingenza";"673";"0";540;0;49;471;14
"TRENTINO-ALTO ADIGE";"TRENTO";"VIGOLO VATTARO";1;"Indennita' di contingenza";"1152";"0";972;0;227;697;17
"TRENTINO-ALTO ADIGE";"TRENTO";"VIGO RENDENA";1;"Indennita' di contingenza";"280";"0";230;0;51;168;10
"TRENTINO-ALTO ADIGE";"TRENTO";"VILLA AGNEDO";1;"Indennita' di contingenza";"549";"0";422;0;145;246;23
"TRENTINO-ALTO ADIGE";"TRENTO";"VILLA LAGARINA";1;"Indennita' di contingenza";"2184";"0";1888;0;714;1114;32
"TRENTINO-ALTO ADIGE";"TRENTO";"VILLA RENDENA";1;"Indennita' di contingenza";"634";"0";468;0;97;342;23
"TRENTINO-ALTO ADIGE";"TRENTO";"VOLANO";1;"Indennita' di contingenza";"1891";"0";1695;0;529;1128;22
"TRENTINO-ALTO ADIGE";"TRENTO";"ZAMBANA";1;"Indennita' di contingenza";"1202";"0";1019;0;310;653;30
"TRENTINO-ALTO ADIGE";"TRENTO";"ZIANO DI FIEMME";1;"Indennita' di contingenza";"987";"0";752;0;103;598;23
"TRENTINO-ALTO ADIGE";"TRENTO";"ZUCLO";1;"Indennita' di contingenza";"319";"0";267;0;83;154;23
"VENETO";"BELLUNO";"AGORDO";1;"Indennita' di contingenza";"3616";"0";2668;0;635;1936;44
"VENETO";"BELLUNO";"ALANO DI PIAVE";1;"Indennita' di contingenza";"2378";"0";1643;0;354;1234;23
"VENETO";"BELLUNO";"ALLEGHE";1;"Indennita' di contingenza";"1342";"0";901;0;191;685;15
"VENETO";"BELLUNO";"ARSIE'";1;"Indennita' di contingenza";"3480";"0";2142;0;662;1419;17
"VENETO";"BELLUNO";"AURONZO DI CADORE";1;"Indennita' di contingenza";"3107";"0";2311;0;512;1707;39
"VENETO";"BELLUNO";"BELLUNO";1;"Indennita' di contingenza";"30581";"0";24023;0;7472;15864;278
"VENETO";"BELLUNO";"BORCA DI CADORE";1;"Indennita' di contingenza";"603";"0";374;0;81;281;3
"VENETO";"BELLUNO";"CALALZO DI CADORE";1;"Indennita' di contingenza";"2011";"0";1577;0;532;1000;26
"VENETO";"BELLUNO";"CANALE D'AGORDO";1;"Indennita' di contingenza";"1232";"0";834;0;178;626;17
"VENETO";"BELLUNO";"CASTELLAVAZZO";1;"Indennita' di contingenza";"1613";"0";1184;0;532;624;8
"VENETO";"BELLUNO";"CENCENIGHE AGORDINO";1;"Indennita' di contingenza";"1406";"0";899;0;311;551;19
"VENETO";"BELLUNO";"CESIOMAGGIORE";1;"Indennita' di contingenza";"3956";"0";2448;0;874;1481;27
"VENETO";"BELLUNO";"CHIES D'ALPAGO";1;"Indennita' di contingenza";"1524";"0";1098;0;268;782;19
"VENETO";"BELLUNO";"CIBIANA DI CADORE";1;"Indennita' di contingenza";"662";"0";350;0;138;205;4
"VENETO";"BELLUNO";"COLLE SANTA LUCIA";1;"Indennita' di contingenza";"478";"0";281;0;25;245;6
"VENETO";"BELLUNO";"COMELICO SUPERIORE";1;"Indennita' di contingenza";"2489";"0";1505;0;341;1112;17
"VENETO";"BELLUNO";"CORTINA D'AMPEZZO";1;"Indennita' di contingenza";"6306";"0";4217;0;695;3409;42
"VENETO";"BELLUNO";"DANTA DI CADORE";1;"Indennita' di contingenza";"482";"0";373;0;42;320;5
"VENETO";"BELLUNO";"DOMEGGE DI CADORE";1;"Indennita' di contingenza";"2275";"0";1729;0;462;1225;19
"VENETO";"BELLUNO";"FALCADE";1;"Indennita' di contingenza";"2117";"0";1367;0;466;872;18
"VENETO";"BELLUNO";"FARRA D'ALPAGO";1;"Indennita' di contingenza";"2202";"0";1624;0;504;1048;28
"VENETO";"BELLUNO";"FELTRE";1;"Indennita' di contingenza";"17759";"0";13636;0;4021;9091;183
"VENETO";"BELLUNO";"FONZASO";1;"Indennita' di contingenza";"3155";"0";2121;0;507;1541;22
"VENETO";"BELLUNO";"FORNO DI ZOLDO";1;"Indennita' di contingenza";"2828";"0";1005;0;147;814;26
"VENETO";"BELLUNO";"GOSALDO";1;"Indennita' di contingenza";"1156";"0";597;0;164;403;5
"VENETO";"BELLUNO";"LAMON";1;"Indennita' di contingenza";"4047";"0";2142;0;607;1458;28
"VENETO";"BELLUNO";"LA VALLE AGORDINA";1;"Indennita' di contingenza";"1229";"0";785;0;163;595;8
"VENETO";"BELLUNO";"LENTIAI";1;"Indennita' di contingenza";"2394";"0";1867;0;678;1126;32
"VENETO";"BELLUNO";"LIMANA";1;"Indennita' di contingenza";"3497";"0";2523;0;810;1618;46
"VENETO";"BELLUNO";"LIVINALLONGO DEL COL DI LANA";1;"Indennita' di contingenza";"1239";"0";951;0;114;794;23
"VENETO";"BELLUNO";"LONGARONE";1;"Indennita' di contingenza";"3665";"0";2429;0;749;1595;38
"VENETO";"BELLUNO";"LORENZAGO DI CADORE";1;"Indennita' di contingenza";"542";"0";418;0;76;334;5
"VENETO";"BELLUNO";"LOZZO DI CADORE";1;"Indennita' di contingenza";"1344";"0";1061;0;264;778;9
"VENETO";"BELLUNO";"MEL";1;"Indennita' di contingenza";"5571";"0";3934;0;1291;2524;54
"VENETO";"BELLUNO";"OSPITALE DI CADORE";1;"Indennita' di contingenza";"362";"0";283;0;90;186;3
"VENETO";"BELLUNO";"PEDAVENA";1;"Indennita' di contingenza";"3848";"0";2504;0;875;1541;34
"VENETO";"BELLUNO";"PERAROLO DI CADORE";1;"Indennita' di contingenza";"328";"0";232;0;85;140;4
"VENETO";"BELLUNO";"PIEVE D'ALPAGO";1;"Indennita' di contingenza";"1803";"0";1305;0;355;920;16
"VENETO";"BELLUNO";"PIEVE DI CADORE";1;"Indennita' di contingenza";"3461";"0";2696;0;847;1763;40
"VENETO";"BELLUNO";"PONTE NELLE ALPI";1;"Indennita' di contingenza";"6079";"0";4756;0;1706;2954;37
"VENETO";"BELLUNO";"PUOS D'ALPAGO";1;"Indennita' di contingenza";"1988";"0";1446;0;393;1006;18
"VENETO";"BELLUNO";"QUERO";1;"Indennita' di contingenza";"1852";"0";1349;0;366;932;26
"VENETO";"BELLUNO";"RIVAMONTE AGORDINO";1;"Indennita' di contingenza";"816";"0";499;0;117;345;16
"VENETO";"BELLUNO";"ROCCA PIETORE";1;"Indennita' di contingenza";"1569";"0";901;0;197;664;17
"VENETO";"BELLUNO";"SAN GREGORIO NELLE ALPI";1;"Indennita' di contingenza";"1302";"0";833;0;232;552;28
"VENETO";"BELLUNO";"SAN NICOLO' DI COMELICO";1;"Indennita' di contingenza";"373";"0";269;0;70;195;1
"VENETO";"BELLUNO";"SAN PIETRO DI CADORE";1;"Indennita' di contingenza";"1795";"0";1046;0;467;562;5
"VENETO";"BELLUNO";"SANTA GIUSTINA";1;"Indennita' di contingenza";"5259";"0";3620;0;933;2582;44
"VENETO";"BELLUNO";"SAN TOMASO AGORDINO";1;"Indennita' di contingenza";"925";"0";561;0;162;387;9
"VENETO";"BELLUNO";"SANTO STEFANO DI CADORE";1;"Indennita' di contingenza";"2523";"0";1840;0;653;1141;23
"VENETO";"BELLUNO";"SAN VITO DI CADORE";1;"Indennita' di contingenza";"1250";"0";887;0;137;708;8
"VENETO";"BELLUNO";"SAPPADA";1;"Indennita' di contingenza";"1120";"0";786;0;108;661;10
"VENETO";"BELLUNO";"SEDICO";1;"Indennita' di contingenza";"6488";"0";4728;0;1226;3371;50
"VENETO";"BELLUNO";"SELVA DI CADORE";1;"Indennita' di contingenza";"529";"0";321;0;60;234;9
"VENETO";"BELLUNO";"SEREN DEL GRAPPA";1;"Indennita' di contingenza";"2407";"0";1581;0;528;989;30
"VENETO";"BELLUNO";"SOSPIROLO";1;"Indennita' di contingenza";"3033";"0";2064;0;696;1287;38
"VENETO";"BELLUNO";"SOVERZENE";1;"Indennita' di contingenza";"344";"0";316;0;92;218;1
"VENETO";"BELLUNO";"SOVRAMONTE";1;"Indennita' di contingenza";"1905";"0";1287;0;420;807;22
"VENETO";"BELLUNO";"TAIBON AGORDINO";1;"Indennita' di contingenza";"1550";"0";1110;0;265;805;20
"VENETO";"BELLUNO";"TAMBRE";1;"Indennita' di contingenza";"1512";"0";1114;0;287;813;8
"VENETO";"BELLUNO";"TRICHIANA";1;"Indennita' di contingenza";"3515";"0";2597;0;899;1603;39
"VENETO";"BELLUNO";"VALLADA AGORDINA";1;"Indennita' di contingenza";"605";"0";386;0;62;312;7
"VENETO";"BELLUNO";"VALLE DI CADORE";1;"Indennita' di contingenza";"1884";"0";1071;0;240;804;11
"VENETO";"BELLUNO";"VAS";1;"Indennita' di contingenza";"671";"0";547;0;252;281;7
"VENETO";"BELLUNO";"VIGO DI CADORE";1;"Indennita' di contingenza";"1402";"0";992;0;212;752;9
"VENETO";"BELLUNO";"VODO CADORE";1;"Indennita' di contingenza";"847";"0";457;0;180;266;6
"VENETO";"BELLUNO";"VOLTAGO AGORDINO";1;"Indennita' di contingenza";"954";"0";616;0;129;465;6
"VENETO";"BELLUNO";"ZOLDO ALTO";1;"Indennita' di contingenza";"1230";"0";519;0;72;421;9
"VENETO";"BELLUNO";"ZOPPE' DI CADORE";1;"Indennita' di contingenza";"292";"0";100;0;5;87;6
"VENETO";"PADOVA";"ABANO TERME";1;"Indennita' di contingenza";"12913";"0";11453;0;4113;6995;163
"VENETO";"PADOVA";"AGNA";1;"Indennita' di contingenza";"2476";"0";2213;0;854;1287;42
"VENETO";"PADOVA";"ALBIGNASEGO";1;"Indennita' di contingenza";"12342";"0";11263;0;4392;6479;190
"VENETO";"PADOVA";"ANGUILLARA VENETA";1;"Indennita' di contingenza";"4230";"0";3736;0;1782;1865;44
"VENETO";"PADOVA";"ARQUA' PETRARCA";1;"Indennita' di contingenza";"1541";"0";1348;0;472;843;14
"VENETO";"PADOVA";"ARRE";1;"Indennita' di contingenza";"1601";"0";1429;0;406;959;32
"VENETO";"PADOVA";"ARZERGRANDE";1;"Indennita' di contingenza";"3120";"0";2778;0;713;1982;37
"VENETO";"PADOVA";"BAGNOLI DI SOPRA";1;"Indennita' di contingenza";"3175";"0";2963;0;1182;1682;51
"VENETO";"PADOVA";"BAONE";1;"Indennita' di contingenza";"2328";"0";2058;0;688;1297;34
"VENETO";"PADOVA";"BARBONA";1;"Indennita' di contingenza";"690";"0";631;0;219;374;34
"VENETO";"PADOVA";"BATTAGLIA TERME";1;"Indennita' di contingenza";"3360";"0";3057;0;1424;1570;35
"VENETO";"PADOVA";"BOARA PISANI";1;"Indennita' di contingenza";"2015";"0";1836;0;865;912;35
"VENETO";"PADOVA";"BORGORICCO";1;"Indennita' di contingenza";"4446";"0";4008;0;1136;2744;66
"VENETO";"PADOVA";"BOVOLENTA";1;"Indennita' di contingenza";"2368";"0";2150;0;537;1533;38
"VENETO";"PADOVA";"BRUGINE";1;"Indennita' di contingenza";"3501";"0";3246;0;1033;2114;46
"VENETO";"PADOVA";"CADONEGHE";1;"Indennita' di contingenza";"8873";"0";8079;0;3894;3999;93
"VENETO";"PADOVA";"CAMPODARSEGO";1;"Indennita' di contingenza";"7873";"0";7123;0;2338;4580;94
"VENETO";"PADOVA";"CAMPODORO";1;"Indennita' di contingenza";"1333";"0";1217;0;240;946;19
"VENETO";"PADOVA";"CAMPOSAMPIERO";1;"Indennita' di contingenza";"6600";"0";6118;0;1286;4658;78
"VENETO";"PADOVA";"CAMPO SAN MARTINO";1;"Indennita' di contingenza";"3703";"0";3405;0;1018;2296;45
"VENETO";"PADOVA";"CANDIANA";1;"Indennita' di contingenza";"1916";"0";1751;0;498;1168;39
"VENETO";"PADOVA";"CARCERI";1;"Indennita' di contingenza";"1231";"0";1103;0;419;637;23
"VENETO";"PADOVA";"CARMIGNANO DI BRENTA";1;"Indennita' di contingenza";"5060";"0";4609;0;1297;3183;70
"VENETO";"PADOVA";"CARRARA SAN GIORGIO";1;"Indennita' di contingenza";"3043";"0";2807;0;1194;1519;55
"VENETO";"PADOVA";"CARRARA SANTO STEFANO";1;"Indennita' di contingenza";"1398";"0";1301;0;453;798;25
"VENETO";"PADOVA";"CARTURA";1;"Indennita' di contingenza";"3046";"0";2756;0;1106;1560;48
"VENETO";"PADOVA";"CASALE DI SCODOSIA";1;"Indennita' di contingenza";"3799";"0";3417;0;1179;2123;71
"VENETO";"PADOVA";"CASALSERUGO";1;"Indennita' di contingenza";"3416";"0";3219;0;991;2115;46
"VENETO";"PADOVA";"CASTELBALDO";1;"Indennita' di contingenza";"1539";"0";1355;0;560;746;30
"VENETO";"PADOVA";"CERVARESE SANTA CROCE";1;"Indennita' di contingenza";"3214";"0";2898;0;607;2219;35
"VENETO";"PADOVA";"CINTO EUGANEO";1;"Indennita' di contingenza";"1675";"0";1431;0;399;978;20
"VENETO";"PADOVA";"CITTADELLA";1;"Indennita' di contingenza";"13202";"0";12595;0;2549;9668;170
"VENETO";"PADOVA";"CODEVIGO";1;"Indennita' di contingenza";"3982";"0";3618;0;1287;2179;87
"VENETO";"PADOVA";"CONSELVE";1;"Indennita' di contingenza";"6415";"0";5604;0;1982;3443;94
"VENETO";"PADOVA";"CORREZZOLA";1;"Indennita' di contingenza";"3940";"0";3587;0;1298;2161;63
"VENETO";"PADOVA";"CURTAROLO";1;"Indennita' di contingenza";"4358";"0";3889;0;1382;2422;40
"VENETO";"PADOVA";"ESTE";1;"Indennita' di contingenza";"14066";"0";12816;0;4687;7739;201
"VENETO";"PADOVA";"FONTANIVA";1;"Indennita' di contingenza";"5457";"0";5008;0;1136;3697;81
"VENETO";"PADOVA";"GALLIERA VENETA";1;"Indennita' di contingenza";"4882";"0";4365;0;1294;2936;60
"VENETO";"PADOVA";"GALZIGNANO TERME";1;"Indennita' di contingenza";"3273";"0";2902;0;1125;1674;41
"VENETO";"PADOVA";"GAZZO";1;"Indennita' di contingenza";"2328";"0";2145;0;254;1824;30
"VENETO";"PADOVA";"GRANTORTO";1;"Indennita' di contingenza";"2743";"0";2493;0;809;1583;66
"VENETO";"PADOVA";"GRANZE";1;"Indennita' di contingenza";"1136";"0";1030;0;540;449;21
"VENETO";"PADOVA";"LEGNARO";1;"Indennita' di contingenza";"4718";"0";4386;0;1786;2453;75
"VENETO";"PADOVA";"LIMENA";1;"Indennita' di contingenza";"4363";"0";3919;0;1308;2524;40
"VENETO";"PADOVA";"LOREGGIA";1;"Indennita' di contingenza";"3420";"0";3033;0;645;2302;43
"VENETO";"PADOVA";"LOZZO ATESTINO";1;"Indennita' di contingenza";"2444";"0";2178;0;714;1354;54
"VENETO";"PADOVA";"MASERA' DI PADOVA";1;"Indennita' di contingenza";"4237";"0";3888;0;1599;2166;50
"VENETO";"PADOVA";"MASI";1;"Indennita' di contingenza";"1503";"0";1322;0;465;793;40
"VENETO";"PADOVA";"MASSANZAGO";1;"Indennita' di contingenza";"2321";"0";2035;0;483;1472;40
"VENETO";"PADOVA";"MEGLIADINO SAN FIDENZIO";1;"Indennita' di contingenza";"1545";"0";1359;0;558;733;48
"VENETO";"PADOVA";"MEGLIADINO SAN VITALE";1;"Indennita' di contingenza";"1708";"0";1561;0;596;886;43
"VENETO";"PADOVA";"MERLARA";1;"Indennita' di contingenza";"2417";"0";2190;0;678;1380;88
"VENETO";"PADOVA";"MESTRINO";1;"Indennita' di contingenza";"4392";"0";3959;0;1030;2818;56
"VENETO";"PADOVA";"MONSELICE";1;"Indennita' di contingenza";"13955";"0";12723;0;5017;7323;191
"VENETO";"PADOVA";"MONTAGNANA";1;"Indennita' di contingenza";"7929";"0";7003;0;2417;4264;189
"VENETO";"PADOVA";"MONTEGROTTO TERME";1;"Indennita' di contingenza";"7166";"0";6354;0;2448;3683;111
"VENETO";"PADOVA";"NOVENTA PADOVANA";1;"Indennita' di contingenza";"5756";"0";5159;0;1933;3127;46
"VENETO";"PADOVA";"OSPEDALETTO EUGANEO";1;"Indennita' di contingenza";"3951";"0";3553;0;1570;1854;63
"VENETO";"PADOVA";"PADOVA";1;"Indennita' di contingenza";"188633";"0";164242;0;56660;103659;1675
"VENETO";"PADOVA";"PERNUMIA";1;"Indennita' di contingenza";"2742";"0";2487;0;884;1513;45
"VENETO";"PADOVA";"PIACENZA D'ADIGE";1;"Indennita' di contingenza";"1423";"0";1189;0;462;687;25
"VENETO";"PADOVA";"PIAZZOLA SUL BRENTA";1;"Indennita' di contingenza";"8326";"0";7351;0;2496;4697;81
"VENETO";"PADOVA";"PIOMBINO DESE";1;"Indennita' di contingenza";"5850";"0";5303;0;1017;4146;69
"VENETO";"PADOVA";"PIOVE DI SACCO";1;"Indennita' di contingenza";"12977";"0";11895;0;3809;7704;168
"VENETO";"PADOVA";"POLVERARA";1;"Indennita' di contingenza";"1737";"0";1624;0;446;1109;32
"VENETO";"PADOVA";"PONSO";1;"Indennita' di contingenza";"1816";"0";1635;0;613;906;64
"VENETO";"PADOVA";"PONTELONGO";1;"Indennita' di contingenza";"2766";"0";2479;0;872;1521;39
"VENETO";"PADOVA";"PONTE SAN NICOLO'";1;"Indennita' di contingenza";"6851";"0";6272;0;2443;3665;74
"VENETO";"PADOVA";"POZZONOVO";1;"Indennita' di contingenza";"2699";"0";2482;0;903;1493;55
"VENETO";"PADOVA";"ROVOLON";1;"Indennita' di contingenza";"2869";"0";2497;0;469;1954;39
"VENETO";"PADOVA";"RUBANO";1;"Indennita' di contingenza";"8277";"0";6883;0;1962;4780;60
"VENETO";"PADOVA";"SACCOLONGO";1;"Indennita' di contingenza";"2944";"0";2685;0;706;1901;32
"VENETO";"PADOVA";"SALETTO";1;"Indennita' di contingenza";"2029";"0";1696;0;754;851;49
"VENETO";"PADOVA";"SAN GIORGIO DELLE PERTICHE";1;"Indennita' di contingenza";"5234";"0";4692;0;1169;3402;56
"VENETO";"PADOVA";"SAN GIORGIO IN BOSCO";1;"Indennita' di contingenza";"3610";"0";3348;0;760;2483;55
"VENETO";"PADOVA";"SAN MARTINO DI LUPARI";1;"Indennita' di contingenza";"8168";"0";7562;0;1371;5979;93
"VENETO";"PADOVA";"SAN PIETRO IN GU";1;"Indennita' di contingenza";"3025";"0";2791;0;600;2106;53
"VENETO";"PADOVA";"SAN PIETRO VIMINARIO";1;"Indennita' di contingenza";"1781";"0";1638;0;436;1144;40
"VENETO";"PADOVA";"SANTA GIUSTINA IN COLLE";1;"Indennita' di contingenza";"4062";"0";3631;0;732;2817;35
"VENETO";"PADOVA";"SANTA MARGHERITA D'ADIGE";1;"Indennita' di contingenza";"1760";"0";1547;0;656;821;43
"VENETO";"PADOVA";"SANT'ANGELO DI PIOVE DI SACCO";1;"Indennita' di contingenza";"4341";"0";4029;0;1616;2272;65
"VENETO";"PADOVA";"SANT'ELENA";1;"Indennita' di contingenza";"1253";"0";1160;0;424;683;26
"VENETO";"PADOVA";"SANT'URBANO";1;"Indennita' di contingenza";"1991";"0";1862;0;631;1146;56
"VENETO";"PADOVA";"SAONARA";1;"Indennita' di contingenza";"5061";"0";4695;0;1561;2998;64
"VENETO";"PADOVA";"SELVAZZANO DENTRO";1;"Indennita' di contingenza";"13176";"0";11902;0;3714;7915;131
"VENETO";"PADOVA";"SOLESINO";1;"Indennita' di contingenza";"5374";"0";4982;0;2142;2608;121
"VENETO";"PADOVA";"STANGHELLA";1;"Indennita' di contingenza";"3628";"0";3338;0;1643;1594;57
"VENETO";"PADOVA";"TEOLO";1;"Indennita' di contingenza";"5735";"0";5031;0;1307;3557;78
"VENETO";"PADOVA";"TERRASSA PADOVANA";1;"Indennita' di contingenza";"1456";"0";1318;0;393;877;25
"VENETO";"PADOVA";"TOMBOLO";1;"Indennita' di contingenza";"4915";"0";4409;0;661;3658;45
"VENETO";"PADOVA";"TORREGLIA";1;"Indennita' di contingenza";"4100";"0";3589;0;1251;2203;57
"VENETO";"PADOVA";"TREBASELEGHE";1;"Indennita' di contingenza";"6695";"0";5996;0;1126;4705;85
"VENETO";"PADOVA";"TRIBANO";1;"Indennita' di contingenza";"3016";"0";2641;0;1113;1448;58
"VENETO";"PADOVA";"URBANA";1;"Indennita' di contingenza";"1579";"0";1461;0;380;987;60
"VENETO";"PADOVA";"VEGGIANO";1;"Indennita' di contingenza";"1582";"0";1424;0;320;1059;14
"VENETO";"PADOVA";"VESCOVANA";1;"Indennita' di contingenza";"1262";"0";1155;0;432;696;20
"VENETO";"PADOVA";"VIGHIZZOLO D'ESTE";1;"Indennita' di contingenza";"796";"0";744;0;339;349;32
"VENETO";"PADOVA";"VIGODARZERE";1;"Indennita' di contingenza";"6613";"0";6066;0;2482;3411;84
"VENETO";"PADOVA";"VIGONZA";1;"Indennita' di contingenza";"11691";"0";10760;0;4055;6427;130
"VENETO";"PADOVA";"VILLA DEL CONTE";1;"Indennita' di contingenza";"3350";"0";3066;0;593;2374;45
"VENETO";"PADOVA";"VILLA ESTENSE";1;"Indennita' di contingenza";"1946";"0";1785;0;660;1005;71
"VENETO";"PADOVA";"VILLAFRANCA PADOVANA";1;"Indennita' di contingenza";"4534";"0";4145;0;1184;2850;51
"VENETO";"PADOVA";"VILLANOVA DI CAMPOSAMPIERO";1;"Indennita' di contingenza";"3364";"0";3029;0;944;1965;51
"VENETO";"PADOVA";"VO'";1;"Indennita' di contingenza";"2797";"0";2492;0;622;1778;51
"VENETO";"ROVIGO";"ADRIA";1;"Indennita' di contingenza";"17485";"0";15822;0;5863;9546;202
"VENETO";"ROVIGO";"ARIANO NEL POLESINE";1;"Indennita' di contingenza";"4436";"0";4084;0;1729;2228;78
"VENETO";"ROVIGO";"ARQUA' POLESINE";1;"Indennita' di contingenza";"2450";"0";2215;0;915;1228;50
"VENETO";"ROVIGO";"BADIA POLESINE";1;"Indennita' di contingenza";"8139";"0";7166;0;2480;4445;119
"VENETO";"ROVIGO";"BAGNOLO DI PO";1;"Indennita' di contingenza";"1295";"0";1204;0;451;726;18
"VENETO";"ROVIGO";"BERGANTINO";1;"Indennita' di contingenza";"2301";"0";2006;0;739;1211;41
"VENETO";"ROVIGO";"BOSARO";1;"Indennita' di contingenza";"1020";"0";938;0;354;547;19
"VENETO";"ROVIGO";"CALTO";1;"Indennita' di contingenza";"782";"0";708;0;288;399;11
"VENETO";"ROVIGO";"CANARO";1;"Indennita' di contingenza";"2334";"0";2164;0;1155;953;40
"VENETO";"ROVIGO";"CANDA";1;"Indennita' di contingenza";"851";"0";779;0;255;502;10
"VENETO";"ROVIGO";"CASTELGUGLIELMO";1;"Indennita' di contingenza";"1636";"0";1491;0;663;779;21
"VENETO";"ROVIGO";"CASTELMASSA";1;"Indennita' di contingenza";"4209";"0";3788;0;2010;1699;43
"VENETO";"ROVIGO";"CASTELNOVO BARIANO";1;"Indennita' di contingenza";"2916";"0";2602;0;1329;1207;35
"VENETO";"ROVIGO";"CENESELLI";1;"Indennita' di contingenza";"1897";"0";1775;0;819;904;33
"VENETO";"ROVIGO";"CEREGNANO";1;"Indennita' di contingenza";"3264";"0";2963;0;1165;1688;64
"VENETO";"ROVIGO";"CONTARINA";1;"Indennita' di contingenza";"6439";"0";5962;0;2821;2986;82
"VENETO";"ROVIGO";"CORBOLA";1;"Indennita' di contingenza";"2216";"0";1982;0;792;1142;19
"VENETO";"ROVIGO";"COSTA DI ROVIGO";1;"Indennita' di contingenza";"2511";"0";2277;0;668;1518;58
"VENETO";"ROVIGO";"CRESPINO";1;"Indennita' di contingenza";"2088";"0";1904;0;694;1137;39
"VENETO";"ROVIGO";"DONADA";1;"Indennita' di contingenza";"4484";"0";4114;0;2087;1918;54
"VENETO";"ROVIGO";"FICAROLO";1;"Indennita' di contingenza";"2566";"0";2301;0;1128;1032;59
"VENETO";"ROVIGO";"FIESSO UMBERTIANO";1;"Indennita' di contingenza";"3290";"0";3095;0;1476;1544;48
"VENETO";"ROVIGO";"FRASSINELLE POLESINE";1;"Indennita' di contingenza";"1441";"0";1323;0;483;787;40
"VENETO";"ROVIGO";"FRATTA POLESINE";1;"Indennita' di contingenza";"2367";"0";2160;0;879;1182;61
"VENETO";"ROVIGO";"GAIBA";1;"Indennita' di contingenza";"987";"0";903;0;445;427;22
"VENETO";"ROVIGO";"GAVELLO";1;"Indennita' di contingenza";"1512";"0";1366;0;577;755;18
"VENETO";"ROVIGO";"GIACCIANO CON BARUCHELLA";1;"Indennita' di contingenza";"2144";"0";1930;0;602;1263;42
"VENETO";"ROVIGO";"GUARDA VENETA";1;"Indennita' di contingenza";"1057";"0";980;0;355;604;16
"VENETO";"ROVIGO";"LENDINARA";1;"Indennita' di contingenza";"10454";"0";9422;0;3387;5641;209
"VENETO";"ROVIGO";"LOREO";1;"Indennita' di contingenza";"2900";"0";2635;0;873;1647;48
"VENETO";"ROVIGO";"LUSIA";1;"Indennita' di contingenza";"2686";"0";2452;0;835;1472;88
"VENETO";"ROVIGO";"MELARA";1;"Indennita' di contingenza";"1799";"0";1587;0;627;912;25
"VENETO";"ROVIGO";"OCCHIOBELLO";1;"Indennita' di contingenza";"6967";"0";6489;0;3486;2876;82
"VENETO";"ROVIGO";"PAPOZZE";1;"Indennita' di contingenza";"1654";"0";1520;0;695;775;28
"VENETO";"ROVIGO";"PETTORAZZA GRIMANI";1;"Indennita' di contingenza";"1359";"0";1286;0;316;925;24
"VENETO";"ROVIGO";"PINCARA";1;"Indennita' di contingenza";"1168";"0";1075;0;576;465;24
"VENETO";"ROVIGO";"POLESELLA";1;"Indennita' di contingenza";"2898";"0";2685;0;1363;1256;46
"VENETO";"ROVIGO";"PONTECCHIO POLESINE";1;"Indennita' di contingenza";"1179";"0";1114;0;484;604;18
"VENETO";"ROVIGO";"PORTO TOLLE";1;"Indennita' di contingenza";"8273";"0";7753;0;3723;3888;77
"VENETO";"ROVIGO";"ROSOLINA";1;"Indennita' di contingenza";"4294";"0";3875;0;1384;2367;72
"VENETO";"ROVIGO";"ROVIGO";1;"Indennita' di contingenza";"41663";"0";38003;0;13092;23794;542
"VENETO";"ROVIGO";"SALARA";1;"Indennita' di contingenza";"1052";"0";962;0;353;571;30
"VENETO";"ROVIGO";"SAN BELLINO";1;"Indennita' di contingenza";"1068";"0";978;0;421;513;34
"VENETO";"ROVIGO";"SAN MARTINO DI VENEZZE";1;"Indennita' di contingenza";"3321";"0";2929;0;933;1900;41
"VENETO";"ROVIGO";"STIENTA";1;"Indennita' di contingenza";"2413";"0";2282;0;1362;866;28
"VENETO";"ROVIGO";"TAGLIO DI PO";1;"Indennita' di contingenza";"6647";"0";6017;0;2234;3639;71
"VENETO";"ROVIGO";"TRECENTA";1;"Indennita' di contingenza";"3046";"0";2722;0;936;1724;55
"VENETO";"ROVIGO";"VILLADOSE";1;"Indennita' di contingenza";"4022";"0";3586;0;1282;2162;77
"VENETO";"ROVIGO";"VILLAMARZANA";1;"Indennita' di contingenza";"979";"0";901;0;356;520;15
"VENETO";"ROVIGO";"VILLANOVA DEL GHEBBO";1;"Indennita' di contingenza";"1695";"0";1571;0;716;769;53
"VENETO";"ROVIGO";"VILLANOVA MARCHESANA";1;"Indennita' di contingenza";"1092";"0";963;0;383;542;24
"VENETO";"TREVISO";"ALTIVOLE";1;"Indennita' di contingenza";"3884";"0";3387;0;460;2830;51
"VENETO";"TREVISO";"ARCADE";1;"Indennita' di contingenza";"2222";"0";1920;0;660;1210;19
"VENETO";"TREVISO";"ASOLO";1;"Indennita' di contingenza";"5067";"0";4307;0;688;3498;53
"VENETO";"TREVISO";"BORSO DEL GRAPPA";1;"Indennita' di contingenza";"3067";"0";2495;0;414;2036;13
"VENETO";"TREVISO";"BREDA DI PIAVE";1;"Indennita' di contingenza";"4349";"0";3711;0;929;2676;42
"VENETO";"TREVISO";"CAERANO DI SAN MARCO";1;"Indennita' di contingenza";"4666";"0";4096;0;994;2991;54
"VENETO";"TREVISO";"CAPPELLA MAGGIORE";1;"Indennita' di contingenza";"3430";"0";2682;0;1004;1602;42
"VENETO";"TREVISO";"CARBONERA";1;"Indennita' di contingenza";"6559";"0";5741;0;1705;3865;88
"VENETO";"TREVISO";"CASALE SUL SILE";1;"Indennita' di contingenza";"5298";"0";4669;0;1803;2770;30
"VENETO";"TREVISO";"CASIER";1;"Indennita' di contingenza";"4656";"0";4138;0;1494;2537;44
"VENETO";"TREVISO";"CASTELCUCCO";1;"Indennita' di contingenza";"1335";"0";1041;0;241;771;15
"VENETO";"TREVISO";"CASTELFRANCO VENETO";1;"Indennita' di contingenza";"22209";"0";19623;0;6190;12932;221
"VENETO";"TREVISO";"CASTELLO DI GODEGO";1;"Indennita' di contingenza";"4265";"0";3664;0;615;2972;41
"VENETO";"TREVISO";"CAVASO DEL TOMBA";1;"Indennita' di contingenza";"2017";"0";1600;0;322;1234;14
"VENETO";"TREVISO";"CESSALTO";1;"Indennita' di contingenza";"2479";"0";2096;0;550;1481;34
"VENETO";"TREVISO";"CHIARANO";1;"Indennita' di contingenza";"2346";"0";1954;0;474;1432;20
"VENETO";"TREVISO";"CIMADOLMO";1;"Indennita' di contingenza";"2486";"0";2078;0;476;1559;23
"VENETO";"TREVISO";"CISON DI VALMARINO";1;"Indennita' di contingenza";"2148";"0";1568;0;443;1062;35
"VENETO";"TREVISO";"CODOGNE'";1;"Indennita' di contingenza";"3842";"0";3293;0;1035;2151;58
"VENETO";"TREVISO";"COLLE UMBERTO";1;"Indennita' di contingenza";"3273";"0";2688;0;883;1720;48
"VENETO";"TREVISO";"CONEGLIANO";1;"Indennita' di contingenza";"28738";"0";23576;0;6566;16429;266
"VENETO";"TREVISO";"CORDIGNANO";1;"Indennita' di contingenza";"4805";"0";3892;0;1327;2436;71
"VENETO";"TREVISO";"CORNUDA";1;"Indennita' di contingenza";"4011";"0";3434;0;785;2538;40
"VENETO";"TREVISO";"CRESPANO DEL GRAPPA";1;"Indennita' di contingenza";"2982";"0";2408;0;529;1800;28
"VENETO";"TREVISO";"CROCETTA DEL MONTELLO";1;"Indennita' di contingenza";"4559";"0";3830;0;858;2831;54
"VENETO";"TREVISO";"FARRA DI SOLIGO";1;"Indennita' di contingenza";"5772";"0";4813;0;1385;3236;79
"VENETO";"TREVISO";"FOLLINA";1;"Indennita' di contingenza";"2736";"0";2157;0;660;1435;24
"VENETO";"TREVISO";"FONTANELLE";1;"Indennita' di contingenza";"4012";"0";3384;0;926;2325;59
"VENETO";"TREVISO";"FONTE";1;"Indennita' di contingenza";"3332";"0";2892;0;501;2326;37
"VENETO";"TREVISO";"FREGONA";1;"Indennita' di contingenza";"2795";"0";1998;0;793;1137;34
"VENETO";"TREVISO";"GAIARINE";1;"Indennita' di contingenza";"5103";"0";4224;0;1075;3027;58
"VENETO";"TREVISO";"GIAVERA DEL MONTELLO";1;"Indennita' di contingenza";"2867";"0";2376;0;709;1579;37
"VENETO";"TREVISO";"GODEGA DI SANT'URBANO";1;"Indennita' di contingenza";"4762";"0";3870;0;1299;2444;62
"VENETO";"TREVISO";"GORGO AL MONTICANO";1;"Indennita' di contingenza";"2853";"0";2351;0;529;1761;25
"VENETO";"TREVISO";"ISTRANA";1;"Indennita' di contingenza";"4788";"0";4346;0;851;3390;38
"VENETO";"TREVISO";"LORIA";1;"Indennita' di contingenza";"5090";"0";4412;0;546;3750;56
"VENETO";"TREVISO";"MANSUE'";1;"Indennita' di contingenza";"2886";"0";2422;0;594;1746;40
"VENETO";"TREVISO";"MARENO DI PIAVE";1;"Indennita' di contingenza";"5491";"0";4699;0;1515;3039;66
"VENETO";"TREVISO";"MASER";1;"Indennita' di contingenza";"3621";"0";3097;0;336;2691;36
"VENETO";"TREVISO";"MASERADA SUL PIAVE";1;"Indennita' di contingenza";"4752";"0";3965;0;1242;2616;53
"VENETO";"TREVISO";"MEDUNA DI LIVENZA";1;"Indennita' di contingenza";"1950";"0";1655;0;429;1181;20
"VENETO";"TREVISO";"MIANE";1;"Indennita' di contingenza";"2741";"0";2083;0;504;1491;51
"VENETO";"TREVISO";"MOGLIANO VENETO";1;"Indennita' di contingenza";"18975";"0";15965;0;6031;9516;156
"VENETO";"TREVISO";"MONASTIER DI TREVISO";1;"Indennita' di contingenza";"2512";"0";2238;0;765;1408;43
"VENETO";"TREVISO";"MONFUMO";1;"Indennita' di contingenza";"1088";"0";861;0;133;699;13
"VENETO";"TREVISO";"MONTEBELLUNA";1;"Indennita' di contingenza";"18948";"0";16520;0;4059;11912;240
"VENETO";"TREVISO";"MORGANO";1;"Indennita' di contingenza";"2457";"0";2127;0;530;1549;21
"VENETO";"TREVISO";"MORIAGO DELLA BATTAGLIA";1;"Indennita' di contingenza";"1932";"0";1534;0;417;1071;19
"VENETO";"TREVISO";"MOTTA DI LIVENZA";1;"Indennita' di contingenza";"6306";"0";5366;0;1201;4011;78
"VENETO";"TREVISO";"NERVESA DELLA BATTAGLIA";1;"Indennita' di contingenza";"5223";"0";4409;0;1372;2882;73
"VENETO";"TREVISO";"ODERZO";1;"Indennita' di contingenza";"12913";"0";10986;0;3067;7562;149
"VENETO";"TREVISO";"ORMELLE";1;"Indennita' di contingenza";"2819";"0";2319;0;423;1825;33
"VENETO";"TREVISO";"ORSAGO";1;"Indennita' di contingenza";"2841";"0";2335;0;813;1447;44
"VENETO";"TREVISO";"PADERNO DEL GRAPPA";1;"Indennita' di contingenza";"1367";"0";1117;0;210;879;13
"VENETO";"TREVISO";"PAESE";1;"Indennita' di contingenza";"10792";"0";9544;0;2359;6968;99
"VENETO";"TREVISO";"PEDEROBBA";1;"Indennita' di contingenza";"4846";"0";3865;0;931;2813;66
"VENETO";"TREVISO";"PIEVE DI SOLIGO";1;"Indennita' di contingenza";"7188";"0";6018;0;1571;4246;85
"VENETO";"TREVISO";"PONTE DI PIAVE";1;"Indennita' di contingenza";"4747";"0";3942;0;887;2923;48
"VENETO";"TREVISO";"PONZANO VENETO";1;"Indennita' di contingenza";"5517";"0";4690;0;1395;3145;70
"VENETO";"TREVISO";"PORTOBUFFOLE'";1;"Indennita' di contingenza";"544";"0";473;0;110;343;13
"VENETO";"TREVISO";"POSSAGNO";1;"Indennita' di contingenza";"1518";"0";1223;0;191;1002;10
"VENETO";"TREVISO";"POVEGLIANO";1;"Indennita' di contingenza";"2756";"0";2285;0;677;1517;38
"VENETO";"TREVISO";"PREGANZIOL";1;"Indennita' di contingenza";"9086";"0";7918;0;2763;4953;98
"VENETO";"TREVISO";"QUINTO DI TREVISO";1;"Indennita' di contingenza";"6488";"0";5655;0;1443;4065;78
"VENETO";"TREVISO";"REFRONTOLO";1;"Indennita' di contingenza";"1303";"0";1007;0;256;712;21
"VENETO";"TREVISO";"RESANA";1;"Indennita' di contingenza";"4545";"0";4081;0;805;3154;57
"VENETO";"TREVISO";"REVINE LAGO";1;"Indennita' di contingenza";"1731";"0";1319;0;507;770;23
"VENETO";"TREVISO";"RIESE PIO X";1;"Indennita' di contingenza";"5690";"0";5023;0;951;3922;54
"VENETO";"TREVISO";"RONCADE";1;"Indennita' di contingenza";"8521";"0";7509;0;2083;5196;95
"VENETO";"TREVISO";"SALGAREDA";1;"Indennita' di contingenza";"3573";"0";3092;0;767;2239;32
"VENETO";"TREVISO";"SAN BIAGIO DI CALLALTA";1;"Indennita' di contingenza";"8214";"0";6953;0;1908;4855;68
"VENETO";"TREVISO";"SAN FIOR";1;"Indennita' di contingenza";"4277";"0";3411;0;901;2407;47
"VENETO";"TREVISO";"SAN PIETRO DI FELETTO";1;"Indennita' di contingenza";"3397";"0";2553;0;858;1625;35
"VENETO";"TREVISO";"SAN POLO DI PIAVE";1;"Indennita' di contingenza";"3114";"0";2633;0;533;1998;56
"VENETO";"TREVISO";"SANTA LUCIA DI PIAVE";1;"Indennita' di contingenza";"5046";"0";4299;0;1678;2496;60
"VENETO";"TREVISO";"SAN VENDEMIANO";1;"Indennita' di contingenza";"6241";"0";5266;0;1736;3342;97
"VENETO";"TREVISO";"SAN ZENONE DEGLI EZZELINI";1;"Indennita' di contingenza";"3637";"0";3137;0;363;2704;38
"VENETO";"TREVISO";"SARMEDE";1;"Indennita' di contingenza";"2461";"0";1911;0;729;1140;22
"VENETO";"TREVISO";"SEGUSINO";1;"Indennita' di contingenza";"1833";"0";1368;0;238;1092;16
"VENETO";"TREVISO";"SERNAGLIA DELLA BATTAGLIA";1;"Indennita' di contingenza";"4485";"0";3764;0;817;2831;42
"VENETO";"TREVISO";"SILEA";1;"Indennita' di contingenza";"6453";"0";5770;0;1815;3829;61
"VENETO";"TREVISO";"SPRESIANO";1;"Indennita' di contingenza";"6741";"0";5703;0;1688;3836;86
"VENETO";"TREVISO";"SUSEGANA";1;"Indennita' di contingenza";"7364";"0";6209;0;2383;3634;83
"VENETO";"TREVISO";"TARZO";1;"Indennita' di contingenza";"3496";"0";2645;0;1055;1515;37
"VENETO";"TREVISO";"TREVIGNANO";1;"Indennita' di contingenza";"5755";"0";4882;0;933;3821;57
"VENETO";"TREVISO";"TREVISO";1;"Indennita' di contingenza";"70300";"0";60530;0;17468;41655;605
"VENETO";"TREVISO";"VALDOBBIADENE";1;"Indennita' di contingenza";"8953";"0";7555;0;1351;5970;90
"VENETO";"TREVISO";"VAZZOLA";1;"Indennita' di contingenza";"4483";"0";3733;0;961;2651;47
"VENETO";"TREVISO";"VEDELAGO";1;"Indennita' di contingenza";"9501";"0";8348;0;1421;6693;96
"VENETO";"TREVISO";"VIDOR";1;"Indennita' di contingenza";"2428";"0";2020;0;369;1565;44
"VENETO";"TREVISO";"VILLORBA";1;"Indennita' di contingenza";"11521";"0";9971;0;3094;6631;114
"VENETO";"TREVISO";"VITTORIO VENETO";1;"Indennita' di contingenza";"25003";"0";20185;0;7201;12409;280
"VENETO";"TREVISO";"VOLPAGO DEL MONTELLO";1;"Indennita' di contingenza";"6518";"0";5630;0;1368;4078;66
"VENETO";"TREVISO";"ZENSON DI PIAVE";1;"Indennita' di contingenza";"1240";"0";1023;0;301;695;13
"VENETO";"TREVISO";"ZERO BRANCO";1;"Indennita' di contingenza";"5592";"0";4891;0;1190;3578;56
"VENETO";"VENEZIA";"ANNONE VENETO";1;"Indennita' di contingenza";"2708";"0";2157;0;583;1513;29
"VENETO";"VENEZIA";"CAMPAGNA LUPIA";1;"Indennita' di contingenza";"4279";"0";3933;0;2268;1579;43
"VENETO";"VENEZIA";"CAMPOLONGO MAGGIORE";1;"Indennita' di contingenza";"6589";"0";6094;0;3076;2886;76
"VENETO";"VENEZIA";"CAMPONOGARA";1;"Indennita' di contingenza";"6878";"0";6399;0;3652;2591;53
"VENETO";"VENEZIA";"CAORLE";1;"Indennita' di contingenza";"8804";"0";7378;0;2534;4657;83
"VENETO";"VENEZIA";"CAVARZERE";1;"Indennita' di contingenza";"13965";"0";12630;0;5600;6634;180
"VENETO";"VENEZIA";"CEGGIA";1;"Indennita' di contingenza";"4034";"0";3655;0;1376;2190;45
"VENETO";"VENEZIA";"CHIOGGIA";1;"Indennita' di contingenza";"39962";"0";34915;0;14024;19265;678
"VENETO";"VENEZIA";"CINTO CAOMAGGIORE";1;"Indennita' di contingenza";"2625";"0";2029;0;604;1361;25
"VENETO";"VENEZIA";"CONA";1;"Indennita' di contingenza";"2681";"0";2408;0;981;1305;68
"VENETO";"VENEZIA";"CONCORDIA SAGITTARIA";1;"Indennita' di contingenza";"8196";"0";7297;0;4019;3119;66
"VENETO";"VENEZIA";"DOLO";1;"Indennita' di contingenza";"10924";"0";9776;0;4445;5067;133
"VENETO";"VENEZIA";"ERACLEA";1;"Indennita' di contingenza";"8863";"0";7774;0;2862;4731;75
"VENETO";"VENEZIA";"FIESSO D'ARTICO";1;"Indennita' di contingenza";"4420";"0";4099;0;2082;1946;37
"VENETO";"VENEZIA";"FOSSALTA DI PIAVE";1;"Indennita' di contingenza";"3024";"0";2591;0;1157;1378;29
"VENETO";"VENEZIA";"FOSSALTA DI PORTOGRUARO";1;"Indennita' di contingenza";"4575";"0";3854;0;1374;2413;34
"VENETO";"VENEZIA";"FOSSO'";1;"Indennita' di contingenza";"3918";"0";3545;0;1449;2006;59
"VENETO";"VENEZIA";"GRUARO";1;"Indennita' di contingenza";"2323";"0";1876;0;618;1195;30
"VENETO";"VENEZIA";"JESOLO";1;"Indennita' di contingenza";"17288";"0";14479;0;4351;9790;111
"VENETO";"VENEZIA";"MARCON";1;"Indennita' di contingenza";"6523";"0";5875;0;2607;3142;51
"VENETO";"VENEZIA";"MARTELLAGO";1;"Indennita' di contingenza";"12571";"0";11136;0;4628;6259;90
"VENETO";"VENEZIA";"MEOLO";1;"Indennita' di contingenza";"3873";"0";3534;0;1417;1958;35
"VENETO";"VENEZIA";"MIRA";1;"Indennita' di contingenza";"28181";"0";25842;0;14903;10349;261
"VENETO";"VENEZIA";"MIRANO";1;"Indennita' di contingenza";"19175";"0";17402;0;7198;9748;161
"VENETO";"VENEZIA";"MUSILE DI PIAVE";1;"Indennita' di contingenza";"7559";"0";6462;0;2488;3828;54
"VENETO";"VENEZIA";"NOALE";1;"Indennita' di contingenza";"9411";"0";8417;0;2294;5934;73
"VENETO";"VENEZIA";"NOVENTA DI PIAVE";1;"Indennita' di contingenza";"4552";"0";3732;0;1367;2291;28
"VENETO";"VENEZIA";"PIANIGA";1;"Indennita' di contingenza";"6611";"0";5860;0;2350;3357;67
"VENETO";"VENEZIA";"PORTOGRUARO";1;"Indennita' di contingenza";"20620";"0";16870;0;5777;10763;160
"VENETO";"VENEZIA";"PRAMAGGIORE";1;"Indennita' di contingenza";"2670";"0";2205;0;710;1434;20
"VENETO";"VENEZIA";"QUARTO D'ALTINO";1;"Indennita' di contingenza";"4297";"0";3864;0;1765;2012;41
"VENETO";"VENEZIA";"SALZANO";1;"Indennita' di contingenza";"7280";"0";6531;0;2615;3740;72
"VENETO";"VENEZIA";"SAN DONA' DI PIAVE";1;"Indennita' di contingenza";"25568";"0";22227;0;7000;14706;219
"VENETO";"VENEZIA";"SAN MICHELE AL TAGLIAMENTO";1;"Indennita' di contingenza";"9967";"0";8238;0;2724;5296;88
"VENETO";"VENEZIA";"SANTA MARIA DI SALA";1;"Indennita' di contingenza";"7671";"0";6865;0;2242;4419;104
"VENETO";"VENEZIA";"SANTO STINO DI LIVENZA";1;"Indennita' di contingenza";"8867";"0";7432;0;2986;4297;56
"VENETO";"VENEZIA";"SCORZE'";1;"Indennita' di contingenza";"10776";"0";9624;0;2584;6837;87
"VENETO";"VENEZIA";"SPINEA";1;"Indennita' di contingenza";"19121";"0";16872;0;7711;8798;145
"VENETO";"VENEZIA";"STRA";1;"Indennita' di contingenza";"4806";"0";4368;0;1712;2521;76
"VENETO";"VENEZIA";"TEGLIO VENETO";1;"Indennita' di contingenza";"1713";"0";1396;0;536;818;19
"VENETO";"VENEZIA";"TORRE DI MOSTO";1;"Indennita' di contingenza";"3056";"0";2522;0;935;1504;44
"VENETO";"VENEZIA";"VENEZIA";1;"Indennita' di contingenza";"279434";"0";232635;0;103355;124139;1858
"VENETO";"VENEZIA";"VIGONOVO";1;"Indennita' di contingenza";"5596";"0";5125;0;2057;2953;69
"VENETO";"VERONA";"AFFI";1;"Indennita' di contingenza";"921";"0";820;0;200;589;14
"VENETO";"VERONA";"ALBAREDO D'ADIGE";1;"Indennita' di contingenza";"3904";"0";3515;0;1060;2317;83
"VENETO";"VERONA";"ANGIARI";1;"Indennita' di contingenza";"1434";"0";1280;0;415;803;31
"VENETO";"VERONA";"ARCOLE";1;"Indennita' di contingenza";"3406";"0";3068;0;1023;1956;46
"VENETO";"VERONA";"BADIA CALAVENA";1;"Indennita' di contingenza";"1559";"0";1415;0;237;1127;24
"VENETO";"VERONA";"BARDOLINO";1;"Indennita' di contingenza";"4575";"0";3639;0;772;2745;54
"VENETO";"VERONA";"BELFIORE";1;"Indennita' di contingenza";"1986";"0";1794;0;585;1151;23
"VENETO";"VERONA";"BEVILACQUA";1;"Indennita' di contingenza";"1297";"0";1091;0;382;671;23
"VENETO";"VERONA";"BONAVIGO";1;"Indennita' di contingenza";"1550";"0";1380;0;389;931;24
"VENETO";"VERONA";"BOSCHI SANT'ANNA";1;"Indennita' di contingenza";"987";"0";855;0;248;577;19
"VENETO";"VERONA";"BOSCO CHIESANUOVA";1;"Indennita' di contingenza";"2262";"0";1989;0;240;1681;36
"VENETO";"VERONA";"BOVOLONE";1;"Indennita' di contingenza";"9421";"0";8108;0;1888;5843;144
"VENETO";"VERONA";"BRENTINO BELLUNO";1;"Indennita' di contingenza";"938";"0";815;0;216;566;17
"VENETO";"VERONA";"BRENZONE";1;"Indennita' di contingenza";"2010";"0";1536;0;315;1146;34
"VENETO";"VERONA";"BUSSOLENGO";1;"Indennita' di contingenza";"10095";"0";9177;0;2380;6507;123
"VENETO";"VERONA";"BUTTAPIETRA";1;"Indennita' di contingenza";"3087";"0";2834;0;828;1906;46
"VENETO";"VERONA";"CALDIERO";1;"Indennita' di contingenza";"3567";"0";3138;0;1036;1991;56
"VENETO";"VERONA";"CAPRINO VERONESE";1;"Indennita' di contingenza";"5415";"0";4610;0;1669;2803;77
"VENETO";"VERONA";"CASALEONE";1;"Indennita' di contingenza";"4782";"0";4247;0;1425;2606;124
"VENETO";"VERONA";"CASTAGNARO";1;"Indennita' di contingenza";"3484";"0";3056;0;848;2085;70
"VENETO";"VERONA";"CASTEL D'AZZANO";1;"Indennita' di contingenza";"6258";"0";5517;0;1986;3364;67
"VENETO";"VERONA";"CASTELNUOVO DEL GARDA";1;"Indennita' di contingenza";"5953";"0";5321;0;1768;3377;82
"VENETO";"VERONA";"CAVAION VERONESE";1;"Indennita' di contingenza";"2487";"0";2095;0;668;1353;30
"VENETO";"VERONA";"CAZZANO DI TRAMIGNA";1;"Indennita' di contingenza";"1025";"0";898;0;346;491;32
"VENETO";"VERONA";"CEREA";1;"Indennita' di contingenza";"11440";"0";9882;0;2886;6594;209
"VENETO";"VERONA";"CERRO VERONESE";1;"Indennita' di contingenza";"1013";"0";892;0;129;733;12
"VENETO";"VERONA";"COLOGNA VENETA";1;"Indennita' di contingenza";"6099";"0";5333;0;1254;3927;76
"VENETO";"VERONA";"COLOGNOLA AI COLLI";1;"Indennita' di contingenza";"4729";"0";4199;0;1494;2563;71
"VENETO";"VERONA";"CONCAMARISE";1;"Indennita' di contingenza";"835";"0";736;0;125;565;27
"VENETO";"VERONA";"COSTERMANO";1;"Indennita' di contingenza";"1685";"0";1506;0;334;1121;27
"VENETO";"VERONA";"DOLCE'";1;"Indennita' di contingenza";"1699";"0";1535;0;431;1049;36
"VENETO";"VERONA";"ERBE'";1;"Indennita' di contingenza";"1254";"0";1133;0;397;695;32
"VENETO";"VERONA";"ERBEZZO";1;"Indennita' di contingenza";"630";"0";550;0;61;467;15
"VENETO";"VERONA";"FERRARA DI MONTE BALDO";1;"Indennita' di contingenza";"205";"0";173;0;36;131;4
"VENETO";"VERONA";"FUMANE";1;"Indennita' di contingenza";"2598";"0";2275;0;429;1786;35
"VENETO";"VERONA";"GARDA";1;"Indennita' di contingenza";"2689";"0";2307;0;414;1813;38
"VENETO";"VERONA";"GAZZO VERONESE";1;"Indennita' di contingenza";"4740";"0";4214;0;1446;2633;68
"VENETO";"VERONA";"GREZZANA";1;"Indennita' di contingenza";"6691";"0";5968;0;1126;4643;84
"VENETO";"VERONA";"ILLASI";1;"Indennita' di contingenza";"3151";"0";2831;0;922;1781;68
"VENETO";"VERONA";"ISOLA DELLA SCALA";1;"Indennita' di contingenza";"7899";"0";7255;0;2259;4754;133
"VENETO";"VERONA";"ISOLA RIZZA";1;"Indennita' di contingenza";"1987";"0";1857;0;398;1369;49
"VENETO";"VERONA";"LAVAGNO";1;"Indennita' di contingenza";"3183";"0";2844;0;916;1830;48
"VENETO";"VERONA";"LAZISE";1;"Indennita' di contingenza";"4299";"0";3647;0;917;2626;54
"VENETO";"VERONA";"LEGNAGO";1;"Indennita' di contingenza";"21427";"0";18734;0;6990;11093;365
"VENETO";"VERONA";"MALCESINE";1;"Indennita' di contingenza";"2675";"0";2091;0;526;1475;48
"VENETO";"VERONA";"MARANO DI VALPOLICELLA";1;"Indennita' di contingenza";"1950";"0";1718;0;328;1335;26
"VENETO";"VERONA";"MEZZANE DI SOTTO";1;"Indennita' di contingenza";"1325";"0";1193;0;264;888;24
"VENETO";"VERONA";"MINERBE";1;"Indennita' di contingenza";"3745";"0";3284;0;1122;2046;63
"VENETO";"VERONA";"MONTECCHIA DI CROSARA";1;"Indennita' di contingenza";"2786";"0";2363;0;444;1809;68
"VENETO";"VERONA";"MONTEFORTE D'ALPONE";1;"Indennita' di contingenza";"5006";"0";4476;0;1217;3129;69
"VENETO";"VERONA";"MOZZECANE";1;"Indennita' di contingenza";"2895";"0";2640;0;871;1686;46
"VENETO";"VERONA";"NEGRAR";1;"Indennita' di contingenza";"8808";"0";8099;0;1927;5935;103
"VENETO";"VERONA";"NOGARA";1;"Indennita' di contingenza";"6014";"0";5326;0;2204;2977;81
"VENETO";"VERONA";"NOGAROLE ROCCA";1;"Indennita' di contingenza";"1824";"0";1713;0;522;1136;31
"VENETO";"VERONA";"OPPEANO";1;"Indennita' di contingenza";"5053";"0";4498;0;1158;3177;83
"VENETO";"VERONA";"PALU'";1;"Indennita' di contingenza";"807";"0";767;0;201;544;12
"VENETO";"VERONA";"PASTRENGO";1;"Indennita' di contingenza";"1642";"0";1488;0;413;1005;32
"VENETO";"VERONA";"PESCANTINA";1;"Indennita' di contingenza";"6866";"0";6190;0;1686;4308;92
"VENETO";"VERONA";"PESCHIERA DEL GARDA";1;"Indennita' di contingenza";"6883";"0";5949;0;2150;3620;88
"VENETO";"VERONA";"POVEGLIANO VERONESE";1;"Indennita' di contingenza";"4042";"0";3744;0;1019;2580;64
"VENETO";"VERONA";"PRESSANA";1;"Indennita' di contingenza";"1874";"0";1707;0;531;1086;53
"VENETO";"VERONA";"RIVOLI VERONESE";1;"Indennita' di contingenza";"1245";"0";1133;0;326;765;23
"VENETO";"VERONA";"RONCA'";1;"Indennita' di contingenza";"2470";"0";2282;0;450;1737;37
"VENETO";"VERONA";"RONCO ALL'ADIGE";1;"Indennita' di contingenza";"4506";"0";4096;0;1279;2676;77
"VENETO";"VERONA";"ROVERCHIARA";1;"Indennita' di contingenza";"2024";"0";1741;0;517;1128;49
"VENETO";"VERONA";"ROVEREDO DI GUA'";1;"Indennita' di contingenza";"957";"0";867;0;246;600;12
"VENETO";"VERONA";"ROVERE' VERONESE";1;"Indennita' di contingenza";"1480";"0";1280;0;253;973;29
"VENETO";"VERONA";"SALIZZOLE";1;"Indennita' di contingenza";"2767";"0";2416;0;390;1923;47
"VENETO";"VERONA";"SAN BONIFACIO";1;"Indennita' di contingenza";"11576";"0";10411;0;2701;7458;120
"VENETO";"VERONA";"SAN GIOVANNI ILARIONE";1;"Indennita' di contingenza";"3261";"0";2844;0;515;2235;53
"VENETO";"VERONA";"SAN GIOVANNI LUPATOTO";1;"Indennita' di contingenza";"14918";"0";13470;0;4551;8450;225
"VENETO";"VERONA";"SANGUINETTO";1;"Indennita' di contingenza";"3384";"0";2943;0;734;2083;57
"VENETO";"VERONA";"SAN MARTINO BUON ALBERGO";1;"Indennita' di contingenza";"9764";"0";8453;0;3109;5107;104
"VENETO";"VERONA";"SAN MAURO DI SALINE";1;"Indennita' di contingenza";"423";"0";371;0;24;330;10
"VENETO";"VERONA";"SAN PIETRO DI MORUBIO";1;"Indennita' di contingenza";"2195";"0";1969;0;477;1413;43
"VENETO";"VERONA";"SAN PIETRO IN CARIANO";1;"Indennita' di contingenza";"7269";"0";6416;0;1979;4241;94
"VENETO";"VERONA";"SANT'AMBROGIO DI VALPOLICELLA";1;"Indennita' di contingenza";"6993";"0";6182;0;2168;3813;76
"VENETO";"VERONA";"SANT'ANNA D'ALFAEDO";1;"Indennita' di contingenza";"1874";"0";1670;0;236;1385;23
"VENETO";"VERONA";"SAN ZENO DI MONTAGNA";1;"Indennita' di contingenza";"856";"0";668;0;216;431;12
"VENETO";"VERONA";"SELVA DI PROGNO";1;"Indennita' di contingenza";"956";"0";833;0;95;695;23
"VENETO";"VERONA";"SOAVE";1;"Indennita' di contingenza";"4476";"0";4086;0;1180;2787;60
"VENETO";"VERONA";"SOMMACAMPAGNA";1;"Indennita' di contingenza";"7770";"0";6977;0;1873;4903;101
"VENETO";"VERONA";"SONA";1;"Indennita' di contingenza";"8578";"0";7567;0;1810;5546;96
"VENETO";"VERONA";"SORGA'";1;"Indennita' di contingenza";"2386";"0";2164;0;738;1349;39
"VENETO";"VERONA";"TERRAZZO";1;"Indennita' di contingenza";"2099";"0";1893;0;570;1240;53
"VENETO";"VERONA";"TORRI DEL BENACO";1;"Indennita' di contingenza";"1968";"0";1577;0;309;1218;25
"VENETO";"VERONA";"TREGNAGO";1;"Indennita' di contingenza";"3331";"0";3108;0;733;2227;64
"VENETO";"VERONA";"TREVENZUOLO";1;"Indennita' di contingenza";"1847";"0";1643;0;474;1124;16
"VENETO";"VERONA";"VALEGGIO SUL MINCIO";1;"Indennita' di contingenza";"7058";"0";6433;0;1703;4489;117
"VENETO";"VERONA";"VELO VERONESE";1;"Indennita' di contingenza";"661";"0";550;0;40;489;11
"VENETO";"VERONA";"VERONA";1;"Indennita' di contingenza";"211794";"0";179416;0;57513;117384;1857
"VENETO";"VERONA";"VERONELLA";1;"Indennita' di contingenza";"2569";"0";2279;0;595;1600;44
"VENETO";"VERONA";"VESTENANOVA";1;"Indennita' di contingenza";"1978";"0";1707;0;223;1434;24
"VENETO";"VERONA";"VIGASIO";1;"Indennita' di contingenza";"4327";"0";3907;0;1534;2270;46
"VENETO";"VERONA";"VILLA BARTOLOMEA";1;"Indennita' di contingenza";"4559";"0";3925;0;1399;2340;114
"VENETO";"VERONA";"VILLAFRANCA DI VERONA";1;"Indennita' di contingenza";"19237";"0";17834;0;5524;11758;258
"VENETO";"VERONA";"ZEVIO";1;"Indennita' di contingenza";"7606";"0";7030;0;1904;4880;139
"VENETO";"VERONA";"ZIMELLA";1;"Indennita' di contingenza";"2939";"0";2665;0;542;2040;36
"VENETO";"VICENZA";"AGUGLIARO";1;"Indennita' di contingenza";"974";"0";841;0;185;619;19
"VENETO";"VICENZA";"ALBETTONE";1;"Indennita' di contingenza";"1462";"0";1230;0;230;959;19
"VENETO";"VICENZA";"ALONTE";1;"Indennita' di contingenza";"590";"0";498;0;114;376;3
"VENETO";"VICENZA";"ALTAVILLA VICENTINA";1;"Indennita' di contingenza";"5013";"0";4462;0;1426;2931;43
"VENETO";"VICENZA";"ALTISSIMO";1;"Indennita' di contingenza";"1431";"0";1214;0;157;1030;22
"VENETO";"VICENZA";"ARCUGNANO";1;"Indennita' di contingenza";"3897";"0";3497;0;823;2576;37
"VENETO";"VICENZA";"ARSIERO";1;"Indennita' di contingenza";"2918";"0";2305;0;725;1484;43
"VENETO";"VICENZA";"ARZIGNANO";1;"Indennita' di contingenza";"16266";"0";14450;0;4249;9759;203
"VENETO";"VICENZA";"ASIAGO";1;"Indennita' di contingenza";"5440";"0";4343;0;993;3226;63
"VENETO";"VICENZA";"ASIGLIANO VENETO";1;"Indennita' di contingenza";"617";"0";560;0;112;441;5
"VENETO";"VICENZA";"BARBARANO VICENTINO";1;"Indennita' di contingenza";"2508";"0";2224;0;468;1708;18
"VENETO";"VICENZA";"BASSANO DEL GRAPPA";1;"Indennita' di contingenza";"31140";"0";27141;0;5863;20735;242
"VENETO";"VICENZA";"BOLZANO VICENTINO";1;"Indennita' di contingenza";"3223";"0";2896;0;616;2211;33
"VENETO";"VICENZA";"BREGANZE";1;"Indennita' di contingenza";"5536";"0";5060;0;1086;3828;83
"VENETO";"VICENZA";"BRENDOLA";1;"Indennita' di contingenza";"3883";"0";3469;0;968;2421;41
"VENETO";"VICENZA";"BRESSANVIDO";1;"Indennita' di contingenza";"1845";"0";1702;0;283;1365;29
"VENETO";"VICENZA";"BROGLIANO";1;"Indennita' di contingenza";"1765";"0";1542;0;391;1106;18
"VENETO";"VICENZA";"CALDOGNO";1;"Indennita' di contingenza";"6044";"0";5322;0;1123;4095;52
"VENETO";"VICENZA";"CALTRANO";1;"Indennita' di contingenza";"1843";"0";1508;0;339;1109;37
"VENETO";"VICENZA";"CALVENE";1;"Indennita' di contingenza";"1026";"0";852;0;309;517;12
"VENETO";"VICENZA";"CAMISANO VICENTINO";1;"Indennita' di contingenza";"5468";"0";4956;0;902;3923;62
"VENETO";"VICENZA";"CAMPIGLIA DEI BERICI";1;"Indennita' di contingenza";"1335";"0";1170;0;182;951;17
"VENETO";"VICENZA";"CAMPOLONGO SUL BRENTA";1;"Indennita' di contingenza";"645";"0";529;0;139;373;15
"VENETO";"VICENZA";"CARRE'";1;"Indennita' di contingenza";"2156";"0";1786;0;368;1365;24
"VENETO";"VICENZA";"CARTIGLIANO";1;"Indennita' di contingenza";"2446";"0";2227;0;378;1797;24
"VENETO";"VICENZA";"CASSOLA";1;"Indennita' di contingenza";"7683";"0";6834;0;1139;5554;60
"VENETO";"VICENZA";"CASTEGNERO";1;"Indennita' di contingenza";"1597";"0";1444;0;240;1188;6
"VENETO";"VICENZA";"CASTELGOMBERTO";1;"Indennita' di contingenza";"3496";"0";3154;0;759;2276;36
"VENETO";"VICENZA";"CHIAMPO";1;"Indennita' di contingenza";"8161";"0";7107;0;1837;5061;92
"VENETO";"VICENZA";"CHIUPPANO";1;"Indennita' di contingenza";"2097";"0";1666;0;414;1158;40
"VENETO";"VICENZA";"CISMON DEL GRAPPA";1;"Indennita' di contingenza";"1197";"0";873;0;307;547;9
"VENETO";"VICENZA";"COGOLLO DEL CENGIO";1;"Indennita' di contingenza";"2630";"0";2129;0;703;1347;41
"VENETO";"VICENZA";"CONCO";1;"Indennita' di contingenza";"2221";"0";1542;0;464;1032;21
"VENETO";"VICENZA";"CORNEDO VICENTINO";1;"Indennita' di contingenza";"7206";"0";6395;0;1341;4858;72
"VENETO";"VICENZA";"COSTABISSARA";1;"Indennita' di contingenza";"3321";"0";3039;0;665;2312;34
"VENETO";"VICENZA";"CREAZZO";1;"Indennita' di contingenza";"6996";"0";6135;0;1609;4353;70
"VENETO";"VICENZA";"CRESPADORO";1;"Indennita' di contingenza";"1166";"0";993;0;148;797;23
"VENETO";"VICENZA";"DUEVILLE";1;"Indennita' di contingenza";"9250";"0";8183;0;1964;6037;90
"VENETO";"VICENZA";"ENEGO";1;"Indennita' di contingenza";"2433";"0";1542;0;297;1197;21
"VENETO";"VICENZA";"FARA VICENTINO";1;"Indennita' di contingenza";"2802";"0";2398;0;469;1833;51
"VENETO";"VICENZA";"FOZA";1;"Indennita' di contingenza";"680";"0";489;0;168;298;16
"VENETO";"VICENZA";"GALLIO";1;"Indennita' di contingenza";"1843";"0";1370;0;418;906;23
"VENETO";"VICENZA";"GAMBELLARA";1;"Indennita' di contingenza";"2447";"0";2225;0;582;1568;30
"VENETO";"VICENZA";"GAMBUGLIANO";1;"Indennita' di contingenza";"526";"0";461;0;69;377;8
"VENETO";"VICENZA";"GRANCONA";1;"Indennita' di contingenza";"1169";"0";998;0;259;705;22
"VENETO";"VICENZA";"GRISIGNANO DI ZOCCO";1;"Indennita' di contingenza";"2697";"0";2443;0;494;1885;33
"VENETO";"VICENZA";"GRUMOLO DELLE ABBADESSE";1;"Indennita' di contingenza";"2275";"0";2053;0;482;1510;25
"VENETO";"VICENZA";"ISOLA VICENTINA";1;"Indennita' di contingenza";"5059";"0";4578;0;828;3602;57
"VENETO";"VICENZA";"LAGHI";1;"Indennita' di contingenza";"320";"0";133;0;52;65;5
"VENETO";"VICENZA";"LASTEBASSE";1;"Indennita' di contingenza";"358";"0";233;0;51;174;5
"VENETO";"VICENZA";"LONGARE";1;"Indennita' di contingenza";"3985";"0";3590;0;888;2614;42
"VENETO";"VICENZA";"LONIGO";1;"Indennita' di contingenza";"9795";"0";8659;0;2671;5735;112
"VENETO";"VICENZA";"LUGO DI VICENZA";1;"Indennita' di contingenza";"2867";"0";2500;0;721;1717;28
"VENETO";"VICENZA";"LUSIANA";1;"Indennita' di contingenza";"2498";"0";1964;0;440;1462;22
"VENETO";"VICENZA";"MALO";1;"Indennita' di contingenza";"8162";"0";7358;0;1394;5765;104
"VENETO";"VICENZA";"MARANO VICENTINO";1;"Indennita' di contingenza";"5789";"0";5233;0;1749;3336;79
"VENETO";"VICENZA";"MAROSTICA";1;"Indennita' di contingenza";"9793";"0";8368;0;1775;6384;94
"VENETO";"VICENZA";"MASON VICENTINO";1;"Indennita' di contingenza";"2196";"0";1953;0;295;1609;24
"VENETO";"VICENZA";"MOLVENA";1;"Indennita' di contingenza";"1694";"0";1485;0;246;1207;21
"VENETO";"VICENZA";"MONTEBELLO VICENTINO";1;"Indennita' di contingenza";"4139";"0";3627;0;1022;2500;62
"VENETO";"VICENZA";"MONTECCHIO MAGGIORE";1;"Indennita' di contingenza";"14927";"0";13240;0;3666;9249;146
"VENETO";"VICENZA";"MONTECCHIO PRECALCINO";1;"Indennita' di contingenza";"3333";"0";2956;0;676;2140;47
"VENETO";"VICENZA";"MONTE DI MALO";1;"Indennita' di contingenza";"2122";"0";1880;0;274;1564;16
"VENETO";"VICENZA";"MONTEGALDA";1;"Indennita' di contingenza";"2172";"0";1931;0;315;1551;24
"VENETO";"VICENZA";"MONTEGALDELLA";1;"Indennita' di contingenza";"1036";"0";932;0;185;720;13
"VENETO";"VICENZA";"MONTEVIALE";1;"Indennita' di contingenza";"1346";"0";1155;0;353;761;21
"VENETO";"VICENZA";"MONTICELLO CONTE OTTO";1;"Indennita' di contingenza";"5383";"0";4792;0;1202;3480;51
"VENETO";"VICENZA";"MONTORSO VICENTINO";1;"Indennita' di contingenza";"1987";"0";1742;0;449;1242;29
"VENETO";"VICENZA";"MOSSANO";1;"Indennita' di contingenza";"1127";"0";973;0;210;726;13
"VENETO";"VICENZA";"MUSSOLENTE";1;"Indennita' di contingenza";"4297";"0";3847;0;584;3149;51
"VENETO";"VICENZA";"NANTO";1;"Indennita' di contingenza";"1543";"0";1401;0;226;1127;26
"VENETO";"VICENZA";"NOGAROLE VICENTINO";1;"Indennita' di contingenza";"639";"0";553;0;118;405;12
"VENETO";"VICENZA";"NOVE";1;"Indennita' di contingenza";"3541";"0";3213;0;708;2407;50
"VENETO";"VICENZA";"NOVENTA VICENTINA";1;"Indennita' di contingenza";"6298";"0";5298;0;1623;3522;68
"VENETO";"VICENZA";"ORGIANO";1;"Indennita' di contingenza";"2145";"0";1912;0;471;1364;47
"VENETO";"VICENZA";"PEDEMONTE";1;"Indennita' di contingenza";"700";"0";567;0;170;385;6
"VENETO";"VICENZA";"PIANEZZE";1;"Indennita' di contingenza";"1261";"0";1179;0;202;950;12
"VENETO";"VICENZA";"PIOVENE ROCCHETTE";1;"Indennita' di contingenza";"6002";"0";5198;0;1464;3553;83
"VENETO";"VICENZA";"POJANA MAGGIORE";1;"Indennita' di contingenza";"3059";"0";2735;0;542;2097;50
"VENETO";"VICENZA";"POSINA";1;"Indennita' di contingenza";"1327";"0";551;0;135;388;12
"VENETO";"VICENZA";"POVE DEL GRAPPA";1;"Indennita' di contingenza";"1673";"0";1398;0;231;1125;22
"VENETO";"VICENZA";"POZZOLEONE";1;"Indennita' di contingenza";"1673";"0";1541;0;180;1316;29
"VENETO";"VICENZA";"QUINTO VICENTINO";1;"Indennita' di contingenza";"2755";"0";2510;0;462;1999;27
"VENETO";"VICENZA";"RECOARO TERME";1;"Indennita' di contingenza";"6477";"0";5329;0;2246;2900;63
"VENETO";"VICENZA";"ROANA";1;"Indennita' di contingenza";"3139";"0";2608;0;552;1978;40
"VENETO";"VICENZA";"ROMANO D'EZZELINO";1;"Indennita' di contingenza";"7899";"0";6949;0;1207;5602;54
"VENETO";"VICENZA";"ROSA'";1;"Indennita' di contingenza";"8754";"0";7643;0;1213;6237;81
"VENETO";"VICENZA";"ROSSANO VENETO";1;"Indennita' di contingenza";"4905";"0";4312;0;635;3572;51
"VENETO";"VICENZA";"ROTZO";1;"Indennita' di contingenza";"508";"0";389;0;130;254;5
"VENETO";"VICENZA";"SALCEDO";1;"Indennita' di contingenza";"828";"0";694;0;102;570;4
"VENETO";"VICENZA";"SANDRIGO";1;"Indennita' di contingenza";"5392";"0";4901;0;972;3797;72
"VENETO";"VICENZA";"SAN GERMANO DEI BERICI";1;"Indennita' di contingenza";"758";"0";686;0;151;510;17
"VENETO";"VICENZA";"SAN NAZARIO";1;"Indennita' di contingenza";"1605";"0";1141;0;311;804;15
"VENETO";"VICENZA";"SAN PIETRO MUSSOLINO";1;"Indennita' di contingenza";"908";"0";798;0;179;588;16
"VENETO";"VICENZA";"SANTORSO";1;"Indennita' di contingenza";"3810";"0";3458;0;1077;2280;55
"VENETO";"VICENZA";"SAN VITO DI LEGUZZANO";1;"Indennita' di contingenza";"2301";"0";2045;0;521;1478;27
"VENETO";"VICENZA";"SARCEDO";1;"Indennita' di contingenza";"3527";"0";3106;0;781;2242;34
"VENETO";"VICENZA";"SAREGO";1;"Indennita' di contingenza";"3473";"0";3021;0;998;1941;34
"VENETO";"VICENZA";"SCHIAVON";1;"Indennita' di contingenza";"1615";"0";1493;0;185;1266;22
"VENETO";"VICENZA";"SCHIO";1;"Indennita' di contingenza";"29422";"0";25670;0;7952;17104;327
"VENETO";"VICENZA";"SOLAGNA";1;"Indennita' di contingenza";"1249";"0";1060;0;247;787;9
"VENETO";"VICENZA";"SOSSANO";1;"Indennita' di contingenza";"2884";"0";2585;0;538;1945;50
"VENETO";"VICENZA";"SOVIZZO";1;"Indennita' di contingenza";"3222";"0";2856;0;587;2186;32
"VENETO";"VICENZA";"TEZZE SUL BRENTA";1;"Indennita' di contingenza";"6270";"0";5667;0;887;4663;58
"VENETO";"VICENZA";"THIENE";1;"Indennita' di contingenza";"15087";"0";13746;0;2849;10524;152
"VENETO";"VICENZA";"TONEZZA DEL CIMONE";1;"Indennita' di contingenza";"625";"0";524;0;127;381;10
"VENETO";"VICENZA";"TORREBELVICINO";1;"Indennita' di contingenza";"3936";"0";3454;0;1254;2117;48
"VENETO";"VICENZA";"TORRI DI QUARTESOLO";1;"Indennita' di contingenza";"6482";"0";5771;0;1363;4269;58
"VENETO";"VICENZA";"TRISSINO";1;"Indennita' di contingenza";"5150";"0";4682;0;1126;3418;62
"VENETO";"VICENZA";"VALDAGNO";1;"Indennita' di contingenza";"22942";"0";20201;0;4807;14856;216
"VENETO";"VICENZA";"VALDASTICO";1;"Indennita' di contingenza";"1704";"0";1148;0;334;760;12
"VENETO";"VICENZA";"VALLI DEL PASUBIO";1;"Indennita' di contingenza";"3030";"0";2540;0;834;1654;32
"VENETO";"VICENZA";"VALSTAGNA";1;"Indennita' di contingenza";"1780";"0";1288;0;507;763;8
"VENETO";"VICENZA";"VELO D'ASTICO";1;"Indennita' di contingenza";"1925";"0";1624;0;391;1192;20
"VENETO";"VICENZA";"VICENZA";1;"Indennita' di contingenza";"89264";"0";77035;0;21265;54043;734
"VENETO";"VICENZA";"VILLAGA";1;"Indennita' di contingenza";"1351";"0";1217;0;213;985;19
"VENETO";"VICENZA";"VILLAVERLA";1;"Indennita' di contingenza";"3445";"0";3067;0;502;2466;57
"VENETO";"VICENZA";"ZANE'";1;"Indennita' di contingenza";"3798";"0";3461;0;622;2740;50
"VENETO";"VICENZA";"ZERMEGHEDO";1;"Indennita' di contingenza";"646";"0";582;0;160;409;8
"VENETO";"VICENZA";"ZOVENCEDO";1;"Indennita' di contingenza";"585";"0";492;0;156;316;10
"VENETO";"VICENZA";"ZUGLIANO";1;"Indennita' di contingenza";"4007";"0";3688;0;776;2808;57
"FRIULI-VENEZIA GIULIA";"GORIZIA";"CAPRIVA DEL FRIULI";1;"Indennita' di contingenza";"1258";"0";1148;0;341;778;12
"FRIULI-VENEZIA GIULIA";"GORIZIA";"CORMONS";1;"Indennita' di contingenza";"6397";"0";5932;0;2394;3340;84
"FRIULI-VENEZIA GIULIA";"GORIZIA";"DOBERDO' DEL LAGO";1;"Indennita' di contingenza";"1103";"0";1045;0;672;324;25
"FRIULI-VENEZIA GIULIA";"GORIZIA";"DOLEGNA DEL COLLIO";1;"Indennita' di contingenza";"449";"0";388;0;119;251;10
"FRIULI-VENEZIA GIULIA";"GORIZIA";"FARRA D'ISONZO";1;"Indennita' di contingenza";"1311";"0";1214;0;470;705;18
"FRIULI-VENEZIA GIULIA";"GORIZIA";"FOGLIANO REDIPUGLIA";1;"Indennita' di contingenza";"2259";"0";2208;0;1074;1092;23
"FRIULI-VENEZIA GIULIA";"GORIZIA";"GORIZIA";1;"Indennita' di contingenza";"34249";"0";30526;0;8495;21051;455
"FRIULI-VENEZIA GIULIA";"GORIZIA";"GRADISCA D'ISONZO";1;"Indennita' di contingenza";"5029";"0";4810;0;2117;2557;69
"FRIULI-VENEZIA GIULIA";"GORIZIA";"GRADO";1;"Indennita' di contingenza";"7790";"0";6955;0;2199;4429;138
"FRIULI-VENEZIA GIULIA";"GORIZIA";"MARIANO DEL FRIULI";1;"Indennita' di contingenza";"1360";"0";1194;0;401;753;15
"FRIULI-VENEZIA GIULIA";"GORIZIA";"MEDEA";1;"Indennita' di contingenza";"729";"0";647;0;239;389;10
"FRIULI-VENEZIA GIULIA";"GORIZIA";"MONFALCONE";1;"Indennita' di contingenza";"24446";"0";21883;0;8865;12385;291
"FRIULI-VENEZIA GIULIA";"GORIZIA";"MORARO";1;"Indennita' di contingenza";"578";"0";524;0;213;288;14
"FRIULI-VENEZIA GIULIA";"GORIZIA";"MOSSA";1;"Indennita' di contingenza";"1298";"0";1186;0;344;800;28
"FRIULI-VENEZIA GIULIA";"GORIZIA";"ROMANS D'ISONZO";1;"Indennita' di contingenza";"2667";"0";2514;0;1143;1275;54
"FRIULI-VENEZIA GIULIA";"GORIZIA";"RONCHI DEI LEGIONARI";1;"Indennita' di contingenza";"8018";"0";7287;0;3825;3264;94
"FRIULI-VENEZIA GIULIA";"GORIZIA";"SAGRADO";1;"Indennita' di contingenza";"1749";"0";1609;0;787;779;29
"FRIULI-VENEZIA GIULIA";"GORIZIA";"SAN CANZIAN D'ISONZO";1;"Indennita' di contingenza";"4568";"0";4217;0;2432;1688;49
"FRIULI-VENEZIA GIULIA";"GORIZIA";"SAN FLORIANO DEL COLLIO";1;"Indennita' di contingenza";"652";"0";573;0;198;350;14
"FRIULI-VENEZIA GIULIA";"GORIZIA";"SAN LORENZO ISONTINO";1;"Indennita' di contingenza";"1115";"0";1080;0;303;729;29
"FRIULI-VENEZIA GIULIA";"GORIZIA";"SAN PIER D'ISONZO";1;"Indennita' di contingenza";"1416";"0";1298;0;715;531;26
"FRIULI-VENEZIA GIULIA";"GORIZIA";"SAVOGNA D'ISONZO";1;"Indennita' di contingenza";"1409";"0";1316;0;648;564;59
"FRIULI-VENEZIA GIULIA";"GORIZIA";"STARANZANO";1;"Indennita' di contingenza";"4256";"0";3949;0;2022;1835;55
"FRIULI-VENEZIA GIULIA";"GORIZIA";"TURRIACO";1;"Indennita' di contingenza";"1834";"0";1701;0;1073;593;18
"FRIULI-VENEZIA GIULIA";"GORIZIA";"VILLESSE";1;"Indennita' di contingenza";"1274";"0";1194;0;557;595;23
"FRIULI-VENEZIA GIULIA";"UDINE";"AIELLO DEL FRIULI";1;"Indennita' di contingenza";"1838";"0";1611;0;530;1013;25
"FRIULI-VENEZIA GIULIA";"UDINE";"AMARO";1;"Indennita' di contingenza";"702";"0";549;0;210;329;4
"FRIULI-VENEZIA GIULIA";"UDINE";"AMPEZZO";1;"Indennita' di contingenza";"1302";"0";773;0;253;485;10
"FRIULI-VENEZIA GIULIA";"UDINE";"AQUILEIA";1;"Indennita' di contingenza";"2692";"0";2582;0;1626;891;30
"FRIULI-VENEZIA GIULIA";"UDINE";"ARTA TERME";1;"Indennita' di contingenza";"2073";"0";1326;0;383;885;17
"FRIULI-VENEZIA GIULIA";"UDINE";"ARTEGNA";1;"Indennita' di contingenza";"2713";"0";1875;0;525;1280;38
"FRIULI-VENEZIA GIULIA";"UDINE";"ATTIMIS";1;"Indennita' di contingenza";"1784";"0";1441;0;437;932;22
"FRIULI-VENEZIA GIULIA";"UDINE";"BAGNARIA ARSA";1;"Indennita' di contingenza";"2663";"0";2406;0;788;1528;42
"FRIULI-VENEZIA GIULIA";"UDINE";"BASILIANO";1;"Indennita' di contingenza";"4282";"0";3741;0;995;2608;68
"FRIULI-VENEZIA GIULIA";"UDINE";"BERTIOLO";1;"Indennita' di contingenza";"2279";"0";1897;0;437;1410;31
"FRIULI-VENEZIA GIULIA";"UDINE";"BICINICCO";1;"Indennita' di contingenza";"1419";"0";1236;0;346;852;15
"FRIULI-VENEZIA GIULIA";"UDINE";"BORDANO";1;"Indennita' di contingenza";"895";"0";555;0;287;256;3
"FRIULI-VENEZIA GIULIA";"UDINE";"BUJA";1;"Indennita' di contingenza";"6115";"0";4250;0;1279;2847;57
"FRIULI-VENEZIA GIULIA";"UDINE";"BUTTRIO";1;"Indennita' di contingenza";"2864";"0";2518;0;820;1612;36
"FRIULI-VENEZIA GIULIA";"UDINE";"CAMINO AL TAGLIAMENTO";1;"Indennita' di contingenza";"1447";"0";1170;0;340;799;17
"FRIULI-VENEZIA GIULIA";"UDINE";"CAMPOFORMIDO";1;"Indennita' di contingenza";"5205";"0";4369;0;1134;3105;63
"FRIULI-VENEZIA GIULIA";"UDINE";"CAMPOLONGO AL TORRE";1;"Indennita' di contingenza";"641";"0";567;0;263;296;3
"FRIULI-VENEZIA GIULIA";"UDINE";"CARLINO";1;"Indennita' di contingenza";"2098";"0";1807;0;709;1050;20
"FRIULI-VENEZIA GIULIA";"UDINE";"CASSACCO";1;"Indennita' di contingenza";"2444";"0";1860;0;455;1360;18
"FRIULI-VENEZIA GIULIA";"UDINE";"CASTIONS DI STRADA";1;"Indennita' di contingenza";"3120";"0";2612;0;804;1712;46
"FRIULI-VENEZIA GIULIA";"UDINE";"CAVAZZO CARNICO";1;"Indennita' di contingenza";"1040";"0";807;0;326;464;3
"FRIULI-VENEZIA GIULIA";"UDINE";"CERCIVENTO";1;"Indennita' di contingenza";"797";"0";586;0;138;434;8
"FRIULI-VENEZIA GIULIA";"UDINE";"CERVIGNANO DEL FRIULI";1;"Indennita' di contingenza";"9463";"0";8189;0;3612;4362;107
"FRIULI-VENEZIA GIULIA";"UDINE";"CHIOPRIS-VISCONE";1;"Indennita' di contingenza";"519";"0";468;0;123;323;14
"FRIULI-VENEZIA GIULIA";"UDINE";"CHIUSAFORTE";1;"Indennita' di contingenza";"956";"0";613;0;236;350;13
"FRIULI-VENEZIA GIULIA";"UDINE";"CIVIDALE DEL FRIULI";1;"Indennita' di contingenza";"9008";"0";8109;0;2366;5460;121
"FRIULI-VENEZIA GIULIA";"UDINE";"CODROIPO";1;"Indennita' di contingenza";"11521";"0";9869;0;2794;6783;114
"FRIULI-VENEZIA GIULIA";"UDINE";"COLLOREDO DI MONTE ALBANO";1;"Indennita' di contingenza";"1896";"0";1472;0;375;1061;20
"FRIULI-VENEZIA GIULIA";"UDINE";"COMEGLIANS";1;"Indennita' di contingenza";"811";"0";562;0;166;381;9
"FRIULI-VENEZIA GIULIA";"UDINE";"CORNO DI ROSAZZO";1;"Indennita' di contingenza";"2327";"0";2079;0;440;1564;33
"FRIULI-VENEZIA GIULIA";"UDINE";"COSEANO";1;"Indennita' di contingenza";"2006";"0";1566;0;379;1124;32
"FRIULI-VENEZIA GIULIA";"UDINE";"DIGNANO";1;"Indennita' di contingenza";"2195";"0";1693;0;349;1296;32
"FRIULI-VENEZIA GIULIA";"UDINE";"DOGNA";1;"Indennita' di contingenza";"342";"0";208;0;101;94;8
"FRIULI-VENEZIA GIULIA";"UDINE";"DRENCHIA";1;"Indennita' di contingenza";"506";"0";239;0;38;192;8
"FRIULI-VENEZIA GIULIA";"UDINE";"ENEMONZO";1;"Indennita' di contingenza";"1297";"0";923;0;329;552;25
"FRIULI-VENEZIA GIULIA";"UDINE";"FAEDIS";1;"Indennita' di contingenza";"2693";"0";2074;0;610;1369;33
"FRIULI-VENEZIA GIULIA";"UDINE";"FAGAGNA";1;"Indennita' di contingenza";"4854";"0";4009;0;985;2914;40
"FRIULI-VENEZIA GIULIA";"UDINE";"FIUMICELLO";1;"Indennita' di contingenza";"3661";"0";3344;0;1718;1509;57
"FRIULI-VENEZIA GIULIA";"UDINE";"FLAIBANO";1;"Indennita' di contingenza";"1312";"0";864;0;181;646;16
"FRIULI-VENEZIA GIULIA";"UDINE";"FORGARIA NEL FRIULI";1;"Indennita' di contingenza";"1980";"0";1304;0;406;842;24
"FRIULI-VENEZIA GIULIA";"UDINE";"FORNI AVOLTRI";1;"Indennita' di contingenza";"805";"0";683;0;182;461;23
"FRIULI-VENEZIA GIULIA";"UDINE";"FORNI DI SOPRA";1;"Indennita' di contingenza";"1200";"0";852;0;181;651;18
"FRIULI-VENEZIA GIULIA";"UDINE";"FORNI DI SOTTO";1;"Indennita' di contingenza";"868";"0";513;0;170;320;9
"FRIULI-VENEZIA GIULIA";"UDINE";"GEMONA DEL FRIULI";1;"Indennita' di contingenza";"9729";"0";7054;0;2107;4737;74
"FRIULI-VENEZIA GIULIA";"UDINE";"GONARS";1;"Indennita' di contingenza";"3905";"0";3314;0;924;2271;43
"FRIULI-VENEZIA GIULIA";"UDINE";"GRIMACCO";1;"Indennita' di contingenza";"838";"0";489;0;153;325;7
"FRIULI-VENEZIA GIULIA";"UDINE";"LATISANA";1;"Indennita' di contingenza";"8742";"0";7504;0;2768;4509;80
"FRIULI-VENEZIA GIULIA";"UDINE";"LAUCO";1;"Indennita' di contingenza";"1169";"0";893;0;389;480;15
"FRIULI-VENEZIA GIULIA";"UDINE";"LESTIZZA";1;"Indennita' di contingenza";"3343";"0";2843;0;628;2146;24
"FRIULI-VENEZIA GIULIA";"UDINE";"LIGNANO SABBIADORO";1;"Indennita' di contingenza";"4449";"0";3591;0;1056;2421;50
"FRIULI-VENEZIA GIULIA";"UDINE";"LIGOSULLO";1;"Indennita' di contingenza";"197";"0";121;0;44;75;1
"FRIULI-VENEZIA GIULIA";"UDINE";"LUSEVERA";1;"Indennita' di contingenza";"933";"0";588;0;182;388;6
"FRIULI-VENEZIA GIULIA";"UDINE";"MAGNANO IN RIVIERA";1;"Indennita' di contingenza";"2073";"0";1537;0;465;1027;21
"FRIULI-VENEZIA GIULIA";"UDINE";"MAJANO";1;"Indennita' di contingenza";"4943";"0";3715;0;1172;2433;40
"FRIULI-VENEZIA GIULIA";"UDINE";"MALBORGHETTO VALBRUNA";1;"Indennita' di contingenza";"854";"0";718;0;163;519;10
"FRIULI-VENEZIA GIULIA";"UDINE";"MANZANO";1;"Indennita' di contingenza";"5809";"0";5085;0;1306;3622;61
"FRIULI-VENEZIA GIULIA";"UDINE";"MARANO LAGUNARE";1;"Indennita' di contingenza";"2015";"0";1560;0;517;973;35
"FRIULI-VENEZIA GIULIA";"UDINE";"MARTIGNACCO";1;"Indennita' di contingenza";"4424";"0";3732;0;1194;2442;47
"FRIULI-VENEZIA GIULIA";"UDINE";"MERETO DI TOMBA";1;"Indennita' di contingenza";"2491";"0";2083;0;430;1582;23
"FRIULI-VENEZIA GIULIA";"UDINE";"MOGGIO UDINESE";1;"Indennita' di contingenza";"1915";"0";1377;0;458;879;20
"FRIULI-VENEZIA GIULIA";"UDINE";"MOIMACCO";1;"Indennita' di contingenza";"1114";"0";950;0;258;666;11
"FRIULI-VENEZIA GIULIA";"UDINE";"MONTENARS";1;"Indennita' di contingenza";"743";"0";417;0;122;278;0
"FRIULI-VENEZIA GIULIA";"UDINE";"MORTEGLIANO";1;"Indennita' di contingenza";"4256";"0";3444;0;908;2440;50
"FRIULI-VENEZIA GIULIA";"UDINE";"MORUZZO";1;"Indennita' di contingenza";"1656";"0";1410;0;466;892;20
"FRIULI-VENEZIA GIULIA";"UDINE";"MUZZANA DEL TURGNANO";1;"Indennita' di contingenza";"2125";"0";1861;0;719;1083;29
"FRIULI-VENEZIA GIULIA";"UDINE";"NIMIS";1;"Indennita' di contingenza";"2894";"0";1887;0;600;1215;36
"FRIULI-VENEZIA GIULIA";"UDINE";"OSOPPO";1;"Indennita' di contingenza";"2395";"0";1750;0;545;1148;23
"FRIULI-VENEZIA GIULIA";"UDINE";"OVARO";1;"Indennita' di contingenza";"2281";"0";1565;0;486;1030;16
"FRIULI-VENEZIA GIULIA";"UDINE";"PAGNACCO";1;"Indennita' di contingenza";"3258";"0";2673;0;862;1729;24
"FRIULI-VENEZIA GIULIA";"UDINE";"PALAZZOLO DELLO STELLA";1;"Indennita' di contingenza";"2899";"0";2344;0;1038;1247;31
"FRIULI-VENEZIA GIULIA";"UDINE";"PALMANOVA";1;"Indennita' di contingenza";"4564";"0";4416;0;1166;3115;59
"FRIULI-VENEZIA GIULIA";"UDINE";"PALUZZA";1;"Indennita' di contingenza";"2862";"0";1856;0;658;1140;20
"FRIULI-VENEZIA GIULIA";"UDINE";"PASIAN DI PRATO";1;"Indennita' di contingenza";"6437";"0";5647;0;1617;3890;46
"FRIULI-VENEZIA GIULIA";"UDINE";"PAULARO";1;"Indennita' di contingenza";"2927";"0";1846;0;670;1101;15
"FRIULI-VENEZIA GIULIA";"UDINE";"PAVIA DI UDINE";1;"Indennita' di contingenza";"4269";"0";3753;0;872;2756;60
"FRIULI-VENEZIA GIULIA";"UDINE";"POCENIA";1;"Indennita' di contingenza";"2169";"0";1751;0;700;991;32
"FRIULI-VENEZIA GIULIA";"UDINE";"PONTEBBA";1;"Indennita' di contingenza";"2049";"0";1582;0;491;1054;15
"FRIULI-VENEZIA GIULIA";"UDINE";"PORPETTO";1;"Indennita' di contingenza";"2195";"0";1852;0;747;1058;20
"FRIULI-VENEZIA GIULIA";"UDINE";"POVOLETTO";1;"Indennita' di contingenza";"4125";"0";3561;0;1050;2369;56
"FRIULI-VENEZIA GIULIA";"UDINE";"POZZUOLO DEL FRIULI";1;"Indennita' di contingenza";"5155";"0";4467;0;1390;2945;54
"FRIULI-VENEZIA GIULIA";"UDINE";"PRADAMANO";1;"Indennita' di contingenza";"2147";"0";1901;0;665;1174;35
"FRIULI-VENEZIA GIULIA";"UDINE";"PRATO CARNICO";1;"Indennita' di contingenza";"1266";"0";825;0;346;456;12
"FRIULI-VENEZIA GIULIA";"UDINE";"PRECENICCO";1;"Indennita' di contingenza";"1424";"0";1107;0;479;592;14
"FRIULI-VENEZIA GIULIA";"UDINE";"PREMARIACCO";1;"Indennita' di contingenza";"2936";"0";2651;0;509;2106;19
"FRIULI-VENEZIA GIULIA";"UDINE";"PREONE";1;"Indennita' di contingenza";"316";"0";235;0;84;147;1
"FRIULI-VENEZIA GIULIA";"UDINE";"PREPOTTO";1;"Indennita' di contingenza";"865";"0";668;0;203;440;13
"FRIULI-VENEZIA GIULIA";"UDINE";"PULFERO";1;"Indennita' di contingenza";"1740";"0";1080;0;213;838;18
"FRIULI-VENEZIA GIULIA";"UDINE";"RAGOGNA";1;"Indennita' di contingenza";"2549";"0";1849;0;587;1207;23
"FRIULI-VENEZIA GIULIA";"UDINE";"RAVASCLETTO";1;"Indennita' di contingenza";"795";"0";470;0;133;318;8
"FRIULI-VENEZIA GIULIA";"UDINE";"RAVEO";1;"Indennita' di contingenza";"444";"0";332;0;80;234;10
"FRIULI-VENEZIA GIULIA";"UDINE";"REANA DEL ROJALE";1;"Indennita' di contingenza";"4193";"0";3501;0;916;2480;39
"FRIULI-VENEZIA GIULIA";"UDINE";"REMANZACCO";1;"Indennita' di contingenza";"3872";"0";3614;0;1135;2346;52
"FRIULI-VENEZIA GIULIA";"UDINE";"RESIA";1;"Indennita' di contingenza";"1394";"0";995;0;263;679;19
"FRIULI-VENEZIA GIULIA";"UDINE";"RESIUTTA";1;"Indennita' di contingenza";"395";"0";300;0;127;165;4
"FRIULI-VENEZIA GIULIA";"UDINE";"RIGOLATO";1;"Indennita' di contingenza";"947";"0";492;0;130;352;4
"FRIULI-VENEZIA GIULIA";"UDINE";"RIVE D'ARCANO";1;"Indennita' di contingenza";"2082";"0";1678;0;380;1235;31
"FRIULI-VENEZIA GIULIA";"UDINE";"RIVIGNANO";1;"Indennita' di contingenza";"3391";"0";2751;0;905;1744;45
"FRIULI-VENEZIA GIULIA";"UDINE";"RONCHIS";1;"Indennita' di contingenza";"1705";"0";1414;0;561;799;22
"FRIULI-VENEZIA GIULIA";"UDINE";"RUDA";1;"Indennita' di contingenza";"2364";"0";2198;0;1150;974;42
"FRIULI-VENEZIA GIULIA";"UDINE";"SAN DANIELE DEL FRIULI";1;"Indennita' di contingenza";"6055";"0";4698;0;1200;3334;64
"FRIULI-VENEZIA GIULIA";"UDINE";"SAN GIORGIO DI NOGARO";1;"Indennita' di contingenza";"6354";"0";5168;0;2088;2974;62
"FRIULI-VENEZIA GIULIA";"UDINE";"SAN GIOVANNI AL NATISONE";1;"Indennita' di contingenza";"4372";"0";3965;0;929;2835;70
"FRIULI-VENEZIA GIULIA";"UDINE";"SAN LEONARDO";1;"Indennita' di contingenza";"1255";"0";779;0;226;532;8
"FRIULI-VENEZIA GIULIA";"UDINE";"SAN PIETRO AL NATISONE";1;"Indennita' di contingenza";"1850";"0";1474;0;411;1027;12
"FRIULI-VENEZIA GIULIA";"UDINE";"SANTA MARIA LA LONGA";1;"Indennita' di contingenza";"1851";"0";1561;0;410;1105;17
"FRIULI-VENEZIA GIULIA";"UDINE";"SAN VITO AL TORRE";1;"Indennita' di contingenza";"1110";"0";981;0;331;613;16
"FRIULI-VENEZIA GIULIA";"UDINE";"SAN VITO DI FAGAGNA";1;"Indennita' di contingenza";"1430";"0";1166;0;221;904;20
"FRIULI-VENEZIA GIULIA";"UDINE";"SAURIS";1;"Indennita' di contingenza";"423";"0";281;0;48;227;6
"FRIULI-VENEZIA GIULIA";"UDINE";"SAVOGNA";1;"Indennita' di contingenza";"880";"0";603;0;155;427;10
"FRIULI-VENEZIA GIULIA";"UDINE";"SEDEGLIANO";1;"Indennita' di contingenza";"3786";"0";2956;0;612;2243;57
"FRIULI-VENEZIA GIULIA";"UDINE";"SOCCHIEVE";1;"Indennita' di contingenza";"1129";"0";731;0;249;451;18
"FRIULI-VENEZIA GIULIA";"UDINE";"STREGNA";1;"Indennita' di contingenza";"703";"0";459;0;96;355;4
"FRIULI-VENEZIA GIULIA";"UDINE";"SUTRIO";1;"Indennita' di contingenza";"1197";"0";919;0;271;618;10
"FRIULI-VENEZIA GIULIA";"UDINE";"TAIPANA";1;"Indennita' di contingenza";"1158";"0";677;0;216;440;6
"FRIULI-VENEZIA GIULIA";"UDINE";"TALMASSONS";1;"Indennita' di contingenza";"3553";"0";2928;0;839;2005;34
"FRIULI-VENEZIA GIULIA";"UDINE";"TAPOGLIANO";1;"Indennita' di contingenza";"374";"0";345;0;157;178;5
"FRIULI-VENEZIA GIULIA";"UDINE";"TARCENTO";1;"Indennita' di contingenza";"7993";"0";5990;0;1804;4017;50
"FRIULI-VENEZIA GIULIA";"UDINE";"TARVISIO";1;"Indennita' di contingenza";"4780";"0";3599;0;1063;2420;37
"FRIULI-VENEZIA GIULIA";"UDINE";"TAVAGNACCO";1;"Indennita' di contingenza";"8892";"0";7441;0;2776;4445;84
"FRIULI-VENEZIA GIULIA";"UDINE";"TEOR";1;"Indennita' di contingenza";"1734";"0";1456;0;410;975;33
"FRIULI-VENEZIA GIULIA";"UDINE";"TERZO D'AQUILEIA";1;"Indennita' di contingenza";"1986";"0";1836;0;1235;544;34
"FRIULI-VENEZIA GIULIA";"UDINE";"TOLMEZZO";1;"Indennita' di contingenza";"8520";"0";6699;0;2213;4292;71
"FRIULI-VENEZIA GIULIA";"UDINE";"TORREANO";1;"Indennita' di contingenza";"2068";"0";1591;0;517;1010;29
"FRIULI-VENEZIA GIULIA";"UDINE";"TORVISCOSA";1;"Indennita' di contingenza";"2951";"0";2543;0;1045;1442;28
"FRIULI-VENEZIA GIULIA";"UDINE";"TRASAGHIS";1;"Indennita' di contingenza";"2652";"0";1708;0;685;984;10
"FRIULI-VENEZIA GIULIA";"UDINE";"TREPPO CARNICO";1;"Indennita' di contingenza";"826";"0";481;0;192;276;3
"FRIULI-VENEZIA GIULIA";"UDINE";"TREPPO GRANDE";1;"Indennita' di contingenza";"1799";"0";1155;0;326;787;17
"FRIULI-VENEZIA GIULIA";"UDINE";"TRICESIMO";1;"Indennita' di contingenza";"5774";"0";4815;0;1306;3365;65
"FRIULI-VENEZIA GIULIA";"UDINE";"TRIVIGNANO UDINESE";1;"Indennita' di contingenza";"1407";"0";1233;0;305;867;19
"FRIULI-VENEZIA GIULIA";"UDINE";"UDINE";1;"Indennita' di contingenza";"84381";"0";69621;0;20844;46908;710
"FRIULI-VENEZIA GIULIA";"UDINE";"VARMO";1;"Indennita' di contingenza";"3022";"0";2173;0;644;1444;34
"FRIULI-VENEZIA GIULIA";"UDINE";"VENZONE";1;"Indennita' di contingenza";"2234";"0";1647;0;544;1058;24
"FRIULI-VENEZIA GIULIA";"UDINE";"VERZEGNIS";1;"Indennita' di contingenza";"1027";"0";598;0;194;392;4
"FRIULI-VENEZIA GIULIA";"UDINE";"VILLA SANTINA";1;"Indennita' di contingenza";"1775";"0";1372;0;514;801;25
"FRIULI-VENEZIA GIULIA";"UDINE";"VILLA VICENTINA";1;"Indennita' di contingenza";"963";"0";1174;0;561;546;32
"FRIULI-VENEZIA GIULIA";"UDINE";"VISCO";1;"Indennita' di contingenza";"538";"0";622;0;177;421;8
"FRIULI-VENEZIA GIULIA";"UDINE";"ZUGLIO";1;"Indennita' di contingenza";"651";"0";404;0;147;239;5
"FRIULI-VENEZIA GIULIA";"TRIESTE";"DUINO AURISINA";1;"Indennita' di contingenza";"6802";"0";5627;0;2433;3058;67
"FRIULI-VENEZIA GIULIA";"TRIESTE";"MONRUPINO";1;"Indennita' di contingenza";"664";"0";555;0;264;262;18
"FRIULI-VENEZIA GIULIA";"TRIESTE";"MUGGIA";1;"Indennita' di contingenza";"11462";"0";9802;0;5197;4356;121
"FRIULI-VENEZIA GIULIA";"TRIESTE";"SAN DORLIGO DELLA VALLE-DOLINA";1;"Indennita' di contingenza";"5063";"0";4362;0;2505;1670;80
"FRIULI-VENEZIA GIULIA";"TRIESTE";"SGONICO";1;"Indennita' di contingenza";"1645";"0";1508;0;833;620;28
"FRIULI-VENEZIA GIULIA";"TRIESTE";"TRIESTE";1;"Indennita' di contingenza";"211001";"0";164920;0;59483;100227;2277
"FRIULI-VENEZIA GIULIA";"PORDENONE";"ANDREIS";1;"Indennita' di contingenza";"568";"0";313;0;151;147;4
"FRIULI-VENEZIA GIULIA";"PORDENONE";"ARBA";1;"Indennita' di contingenza";"1313";"0";840;0;193;609;10
"FRIULI-VENEZIA GIULIA";"PORDENONE";"ARZENE";1;"Indennita' di contingenza";"1400";"0";1158;0;315;810;20
"FRIULI-VENEZIA GIULIA";"PORDENONE";"AVIANO";1;"Indennita' di contingenza";"7317";"0";6150;0;2010;3944;79
"FRIULI-VENEZIA GIULIA";"PORDENONE";"AZZANO DECIMO";1;"Indennita' di contingenza";"9411";"0";7849;0;2350;5304;81
"FRIULI-VENEZIA GIULIA";"PORDENONE";"BARCIS";1;"Indennita' di contingenza";"495";"0";283;0;107;157;4
"FRIULI-VENEZIA GIULIA";"PORDENONE";"BRUGNERA";1;"Indennita' di contingenza";"5858";"0";4978;0;1181;3651;85
"FRIULI-VENEZIA GIULIA";"PORDENONE";"BUDOIA";1;"Indennita' di contingenza";"1871";"0";1475;0;455;981;23
"FRIULI-VENEZIA GIULIA";"PORDENONE";"CANEVA";1;"Indennita' di contingenza";"5573";"0";4445;0;1877;2469;44
"FRIULI-VENEZIA GIULIA";"PORDENONE";"CASARSA DELLA DELIZIA";1;"Indennita' di contingenza";"6206";"0";5774;0;1811;3786;69
"FRIULI-VENEZIA GIULIA";"PORDENONE";"CASTELNOVO DEL FRIULI";1;"Indennita' di contingenza";"1128";"0";659;0;264;371;11
"FRIULI-VENEZIA GIULIA";"PORDENONE";"CAVASSO NUOVO";1;"Indennita' di contingenza";"1336";"0";944;0;208;710;9
"FRIULI-VENEZIA GIULIA";"PORDENONE";"CHIONS";1;"Indennita' di contingenza";"3120";"0";2589;0;852;1646;44
"FRIULI-VENEZIA GIULIA";"PORDENONE";"CIMOLAIS";1;"Indennita' di contingenza";"523";"0";305;0;94;198;6
"FRIULI-VENEZIA GIULIA";"PORDENONE";"CLAUT";1;"Indennita' di contingenza";"1365";"0";793;0;254;499;19
"FRIULI-VENEZIA GIULIA";"PORDENONE";"CLAUZETTO";1;"Indennita' di contingenza";"776";"0";426;0;110;299;7
"FRIULI-VENEZIA GIULIA";"PORDENONE";"CORDENONS";1;"Indennita' di contingenza";"12152";"0";10339;0;3676;6359;137
"FRIULI-VENEZIA GIULIA";"PORDENONE";"CORDOVADO";1;"Indennita' di contingenza";"1975";"0";1770;0;604;1106;26
"FRIULI-VENEZIA GIULIA";"PORDENONE";"ERTO E CASSO";1;"Indennita' di contingenza";"425";"0";296;0;120;162;5
"FRIULI-VENEZIA GIULIA";"PORDENONE";"FANNA";1;"Indennita' di contingenza";"1445";"0";949;0;232;688;8
"FRIULI-VENEZIA GIULIA";"PORDENONE";"FIUME VENETO";1;"Indennita' di contingenza";"7284";"0";6097;0;1986;3955;69
"FRIULI-VENEZIA GIULIA";"PORDENONE";"FONTANAFREDDA";1;"Indennita' di contingenza";"7352";"0";6007;0;1885;3934;67
"FRIULI-VENEZIA GIULIA";"PORDENONE";"FRISANCO";1;"Indennita' di contingenza";"732";"0";424;0;155;256;9
"FRIULI-VENEZIA GIULIA";"PORDENONE";"MANIAGO";1;"Indennita' di contingenza";"8646";"0";7398;0;2024;5127;88
"FRIULI-VENEZIA GIULIA";"PORDENONE";"MEDUNO";1;"Indennita' di contingenza";"1692";"0";1187;0;433;732;8
"FRIULI-VENEZIA GIULIA";"PORDENONE";"MONTEREALE VALCELLINA";1;"Indennita' di contingenza";"4088";"0";3205;0;1271;1853;36
"FRIULI-VENEZIA GIULIA";"PORDENONE";"MORSANO AL TAGLIAMENTO";1;"Indennita' di contingenza";"2631";"0";2044;0;665;1296;39
"FRIULI-VENEZIA GIULIA";"PORDENONE";"PASIANO DI PORDENONE";1;"Indennita' di contingenza";"5636";"0";4438;0;1199;3129;52
"FRIULI-VENEZIA GIULIA";"PORDENONE";"PINZANO AL TAGLIAMENTO";1;"Indennita' di contingenza";"1526";"0";1083;0;438;597;22
"FRIULI-VENEZIA GIULIA";"PORDENONE";"POLCENIGO";1;"Indennita' di contingenza";"3050";"0";2280;0;814;1389;30
"FRIULI-VENEZIA GIULIA";"PORDENONE";"PORCIA";1;"Indennita' di contingenza";"10132";"0";8773;0;3200;5345;85
"FRIULI-VENEZIA GIULIA";"PORDENONE";"PORDENONE";1;"Indennita' di contingenza";"41568";"0";36176;0;11225;23939;429
"FRIULI-VENEZIA GIULIA";"PORDENONE";"PRATA DI PORDENONE";1;"Indennita' di contingenza";"5084";"0";4300;0;1262;2925;61
"FRIULI-VENEZIA GIULIA";"PORDENONE";"PRAVISDOMINI";1;"Indennita' di contingenza";"1813";"0";1511;0;430;1046;20
"FRIULI-VENEZIA GIULIA";"PORDENONE";"ROVEREDO IN PIANO";1;"Indennita' di contingenza";"2940";"0";2473;0;782;1616;36
"FRIULI-VENEZIA GIULIA";"PORDENONE";"SACILE";1;"Indennita' di contingenza";"13561";"0";11507;0;3960;7189;135
"FRIULI-VENEZIA GIULIA";"PORDENONE";"SAN GIORGIO DELLA RICHINVELDA";1;"Indennita' di contingenza";"3715";"0";2992;0;602;2278;61
"FRIULI-VENEZIA GIULIA";"PORDENONE";"SAN MARTINO AL TAGLIAMENTO";1;"Indennita' di contingenza";"1149";"0";925;0;339;567;14
"FRIULI-VENEZIA GIULIA";"PORDENONE";"SAN QUIRINO";1;"Indennita' di contingenza";"3072";"0";2496;0;614;1793;46
"FRIULI-VENEZIA GIULIA";"PORDENONE";"SAN VITO AL TAGLIAMENTO";1;"Indennita' di contingenza";"10100";"0";8563;0;3413;4915;112
"FRIULI-VENEZIA GIULIA";"PORDENONE";"SEQUALS";1;"Indennita' di contingenza";"1811";"0";1403;0;520;823;24
"FRIULI-VENEZIA GIULIA";"PORDENONE";"SESTO AL REGHENA";1;"Indennita' di contingenza";"4406";"0";3522;0;1162;2236;64
"FRIULI-VENEZIA GIULIA";"PORDENONE";"SPILIMBERGO";1;"Indennita' di contingenza";"9446";"0";8055;0;2458;5332;110
"FRIULI-VENEZIA GIULIA";"PORDENONE";"TRAMONTI DI SOPRA";1;"Indennita' di contingenza";"647";"0";453;0;172;266;3
"FRIULI-VENEZIA GIULIA";"PORDENONE";"TRAMONTI DI SOTTO";1;"Indennita' di contingenza";"711";"0";452;0;143;299;2
"FRIULI-VENEZIA GIULIA";"PORDENONE";"TRAVESIO";1;"Indennita' di contingenza";"1625";"0";1260;0;375;852;13
"FRIULI-VENEZIA GIULIA";"PORDENONE";"VAJONT";1;"Indennita' di contingenza";"1019";"0";764;0;320;420;10
"FRIULI-VENEZIA GIULIA";"PORDENONE";"VALVASONE";1;"Indennita' di contingenza";"1842";"0";1387;0;496;851;18
"FRIULI-VENEZIA GIULIA";"PORDENONE";"VITO D'ASIO";1;"Indennita' di contingenza";"1294";"0";833;0;237;571;10
"FRIULI-VENEZIA GIULIA";"PORDENONE";"VIVARO";1;"Indennita' di contingenza";"1133";"0";920;0;237;639;14
"FRIULI-VENEZIA GIULIA";"PORDENONE";"ZOPPOLA";1;"Indennita' di contingenza";"6087";"0";5290;0;1845;3335;57
"LIGURIA";"GENOVA";"ARENZANO";1;"Indennita' di contingenza";"9052";"0";7488;0;3284;4049;71
"LIGURIA";"GENOVA";"AVEGNO";1;"Indennita' di contingenza";"1473";"0";1028;0;519;473;18
"LIGURIA";"GENOVA";"BARGAGLI";1;"Indennita' di contingenza";"1997";"0";1515;0;832;648;17
"LIGURIA";"GENOVA";"BOGLIASCO";1;"Indennita' di contingenza";"3974";"0";3055;0;1148;1814;45
"LIGURIA";"GENOVA";"BORZONASCA";1;"Indennita' di contingenza";"1943";"0";1384;0;510;827;36
"LIGURIA";"GENOVA";"BUSALLA";1;"Indennita' di contingenza";"5130";"0";4460;0;1783;2516;87
"LIGURIA";"GENOVA";"CAMOGLI";1;"Indennita' di contingenza";"5688";"0";4191;0;1215;2880;34
"LIGURIA";"GENOVA";"CAMPO LIGURE";1;"Indennita' di contingenza";"2927";"0";2597;0;1219;1308;45
"LIGURIA";"GENOVA";"CAMPOMORONE";1;"Indennita' di contingenza";"7000";"0";5992;0;3161;2652;105
"LIGURIA";"GENOVA";"CARASCO";1;"Indennita' di contingenza";"2630";"0";2094;0;836;1215;28
"LIGURIA";"GENOVA";"CASARZA LIGURE";1;"Indennita' di contingenza";"3918";"0";3326;0;1364;1856;60
"LIGURIA";"GENOVA";"CASELLA";1;"Indennita' di contingenza";"2130";"0";1626;0;644;927;29
"LIGURIA";"GENOVA";"CASTIGLIONE CHIAVARESE";1;"Indennita' di contingenza";"1255";"0";1013;0;421;528;28
"LIGURIA";"GENOVA";"CERANESI";1;"Indennita' di contingenza";"2798";"0";2377;0;1197;1102;50
"LIGURIA";"GENOVA";"CHIAVARI";1;"Indennita' di contingenza";"24870";"0";19916;0;6708;12664;243
"LIGURIA";"GENOVA";"CICAGNA";1;"Indennita' di contingenza";"2091";"0";1512;0;466;975;29
"LIGURIA";"GENOVA";"COGOLETO";1;"Indennita' di contingenza";"8103";"0";6788;0;3119;3321;146
"LIGURIA";"GENOVA";"COGORNO";1;"Indennita' di contingenza";"4234";"0";3319;0;1430;1788;51
"LIGURIA";"GENOVA";"COREGLIA LIGURE";1;"Indennita' di contingenza";"194";"0";133;0;20;108;1
"LIGURIA";"GENOVA";"CROCEFIESCHI";1;"Indennita' di contingenza";"527";"0";409;0;139;255;11
"LIGURIA";"GENOVA";"DAVAGNA";1;"Indennita' di contingenza";"1424";"0";1126;0;678;417;21
"LIGURIA";"GENOVA";"FASCIA";1;"Indennita' di contingenza";"135";"0";107;0;29;77;1
"LIGURIA";"GENOVA";"FAVALE DI MALVARO";1;"Indennita' di contingenza";"477";"0";372;0;130;209;14
"LIGURIA";"GENOVA";"FONTANIGORDA";1;"Indennita' di contingenza";"434";"0";319;0;153;157;2
"LIGURIA";"GENOVA";"GENOVA";1;"Indennita' di contingenza";"619943";"0";481363;0;239135;231992;4445
"LIGURIA";"GENOVA";"GORRETO";1;"Indennita' di contingenza";"236";"0";123;0;33;79;6
"LIGURIA";"GENOVA";"ISOLA DEL CANTONE";1;"Indennita' di contingenza";"1523";"0";1265;0;454;757;32
"LIGURIA";"GENOVA";"LAVAGNA";1;"Indennita' di contingenza";"11330";"0";9072;0;3599;5221;104
"LIGURIA";"GENOVA";"LEIVI";1;"Indennita' di contingenza";"1463";"0";1138;0;304;798;17
"LIGURIA";"GENOVA";"LORSICA";1;"Indennita' di contingenza";"592";"0";349;0;69;251;19
"LIGURIA";"GENOVA";"LUMARZO";1;"Indennita' di contingenza";"1314";"0";920;0;362;519;20
"LIGURIA";"GENOVA";"MASONE";1;"Indennita' di contingenza";"3585";"0";3117;0;1327;1708;41
"LIGURIA";"GENOVA";"MELE";1;"Indennita' di contingenza";"2286";"0";2006;0;1222;721;40
"LIGURIA";"GENOVA";"MEZZANEGO";1;"Indennita' di contingenza";"1041";"0";807;0;317;437;40
"LIGURIA";"GENOVA";"MIGNANEGO";1;"Indennita' di contingenza";"2854";"0";2417;0;1245;1102;43
"LIGURIA";"GENOVA";"MOCONESI";1;"Indennita' di contingenza";"2075";"0";1429;0;445;933;26
"LIGURIA";"GENOVA";"MONEGLIA";1;"Indennita' di contingenza";"2318";"0";1956;0;672;1211;37
"LIGURIA";"GENOVA";"MONTEBRUNO";1;"Indennita' di contingenza";"321";"0";202;0;67;123;10
"LIGURIA";"GENOVA";"MONTOGGIO";1;"Indennita' di contingenza";"1578";"0";1209;0;604;562;26
"LIGURIA";"GENOVA";"NE";1;"Indennita' di contingenza";"2296";"0";1634;0;693;877;36
"LIGURIA";"GENOVA";"NEIRONE";1;"Indennita' di contingenza";"893";"0";624;0;217;369;20
"LIGURIA";"GENOVA";"ORERO";1;"Indennita' di contingenza";"555";"0";368;0;88;262;6
"LIGURIA";"GENOVA";"PIEVE LIGURE";1;"Indennita' di contingenza";"2250";"0";1680;0;683;957;25
"LIGURIA";"GENOVA";"PORTOFINO";1;"Indennita' di contingenza";"598";"0";452;0;128;313;10
"LIGURIA";"GENOVA";"PROPATA";1;"Indennita' di contingenza";"194";"0";144;0;78;61;2
"LIGURIA";"GENOVA";"RAPALLO";1;"Indennita' di contingenza";"24496";"0";18352;0;6337;11510;224
"LIGURIA";"GENOVA";"RECCO";1;"Indennita' di contingenza";"8657";"0";6530;0;2372;3994;85
"LIGURIA";"GENOVA";"REZZOAGLIO";1;"Indennita' di contingenza";"1566";"0";1232;0;277;877;42
"LIGURIA";"GENOVA";"RONCO SCRIVIA";1;"Indennita' di contingenza";"3999";"0";3415;0;1702;1604;75
"LIGURIA";"GENOVA";"RONDANINA";1;"Indennita' di contingenza";"101";"0";62;0;31;29;2
"LIGURIA";"GENOVA";"ROSSIGLIONE";1;"Indennita' di contingenza";"3139";"0";2736;0;1587;1063;55
"LIGURIA";"GENOVA";"ROVEGNO";1;"Indennita' di contingenza";"722";"0";489;0;137;341;9
"LIGURIA";"GENOVA";"SAN COLOMBANO CERTENOLI";1;"Indennita' di contingenza";"1929";"0";1319;0;371;882;33
"LIGURIA";"GENOVA";"SANTA MARGHERITA LIGURE";1;"Indennita' di contingenza";"10162";"0";7821;0;2962;4667;88
"LIGURIA";"GENOVA";"SANT'OLCESE";1;"Indennita' di contingenza";"5385";"0";4404;0;2412;1884;51
"LIGURIA";"GENOVA";"SANTO STEFANO D'AVETO";1;"Indennita' di contingenza";"1275";"0";889;0;194;626;39
"LIGURIA";"GENOVA";"SAVIGNONE";1;"Indennita' di contingenza";"2162";"0";1738;0;618;1052;46
"LIGURIA";"GENOVA";"SERRA RICCO'";1;"Indennita' di contingenza";"6392";"0";5344;0;2723;2503;65
"LIGURIA";"GENOVA";"SESTRI LEVANTE";1;"Indennita' di contingenza";"17605";"0";15069;0;6883;7856;163
"LIGURIA";"GENOVA";"SORI";1;"Indennita' di contingenza";"3787";"0";3224;0;1399;1595;40
"LIGURIA";"GENOVA";"TIGLIETO";1;"Indennita' di contingenza";"581";"0";463;0;201;244;11
"LIGURIA";"GENOVA";"TORRIGLIA";1;"Indennita' di contingenza";"1920";"0";1392;0;676;678;27
"LIGURIA";"GENOVA";"TRIBOGNA";1;"Indennita' di contingenza";"498";"0";353;0;136;207;8
"LIGURIA";"GENOVA";"USCIO";1;"Indennita' di contingenza";"1813";"0";1378;0;524;809;26
"LIGURIA";"GENOVA";"VALBREVENNA";1;"Indennita' di contingenza";"635";"0";414;0;136;259;13
"LIGURIA";"GENOVA";"VOBBIA";1;"Indennita' di contingenza";"575";"0";428;0;156;248;17
"LIGURIA";"GENOVA";"ZOAGLI";1;"Indennita' di contingenza";"1993";"0";1574;0;486;1047;21
"LIGURIA";"IMPERIA";"AIROLE";1;"Indennita' di contingenza";"352";"0";282;0;126;143;5
"LIGURIA";"IMPERIA";"APRICALE";1;"Indennita' di contingenza";"504";"0";298;0;91;177;20
"LIGURIA";"IMPERIA";"AQUILA D'ARROSCIA";1;"Indennita' di contingenza";"207";"0";189;0;24;151;4
"LIGURIA";"IMPERIA";"ARMO";1;"Indennita' di contingenza";"127";"0";108;0;31;69;5
"LIGURIA";"IMPERIA";"AURIGO";1;"Indennita' di contingenza";"390";"0";325;0;129;175;12
"LIGURIA";"IMPERIA";"BADALUCCO";1;"Indennita' di contingenza";"1267";"0";1009;0;341;605;26
"LIGURIA";"IMPERIA";"BAJARDO";1;"Indennita' di contingenza";"385";"0";275;0;84;169;5
"LIGURIA";"IMPERIA";"BORDIGHERA";1;"Indennita' di contingenza";"10005";"0";7214;0;2236;4725;84
"LIGURIA";"IMPERIA";"BORGHETTO D'ARROSCIA";1;"Indennita' di contingenza";"546";"0";425;0;75;314;21
"LIGURIA";"IMPERIA";"BORGOMARO";1;"Indennita' di contingenza";"931";"0";808;0;287;459;44
"LIGURIA";"IMPERIA";"CAMPOROSSO";1;"Indennita' di contingenza";"3515";"0";2406;0;961;1341;35
"LIGURIA";"IMPERIA";"CARAVONICA";1;"Indennita' di contingenza";"243";"0";208;0;57;133;6
"LIGURIA";"IMPERIA";"CARPASIO";1;"Indennita' di contingenza";"187";"0";123;0;35;82;6
"LIGURIA";"IMPERIA";"CASTELLARO";1;"Indennita' di contingenza";"580";"0";431;0;165;238;10
"LIGURIA";"IMPERIA";"CASTEL VITTORIO";1;"Indennita' di contingenza";"492";"0";351;0;125;203;16
"LIGURIA";"IMPERIA";"CERIANA";1;"Indennita' di contingenza";"1222";"0";826;0;287;467;17
"LIGURIA";"IMPERIA";"CERVO";1;"Indennita' di contingenza";"1040";"0";809;0;343;439;12
"LIGURIA";"IMPERIA";"CESIO";1;"Indennita' di contingenza";"257";"0";212;0;46;157;6
"LIGURIA";"IMPERIA";"CHIUSANICO";1;"Indennita' di contingenza";"570";"0";482;0;163;294;13
"LIGURIA";"IMPERIA";"CHIUSAVECCHIA";1;"Indennita' di contingenza";"385";"0";290;0;86;179;13
"LIGURIA";"IMPERIA";"CIPRESSA";1;"Indennita' di contingenza";"867";"0";676;0;269;376;14
"LIGURIA";"IMPERIA";"CIVEZZA";1;"Indennita' di contingenza";"330";"0";252;0;90;148;6
"LIGURIA";"IMPERIA";"COSIO D'ARROSCIA";1;"Indennita' di contingenza";"402";"0";327;0;119;185;6
"LIGURIA";"IMPERIA";"COSTARAINERA";1;"Indennita' di contingenza";"527";"0";494;0;212;259;6
"LIGURIA";"IMPERIA";"DIANO ARENTINO";1;"Indennita' di contingenza";"376";"0";276;0;103;163;7
"LIGURIA";"IMPERIA";"DIANO CASTELLO";1;"Indennita' di contingenza";"1035";"0";846;0;302;507;16
"LIGURIA";"IMPERIA";"DIANO MARINA";1;"Indennita' di contingenza";"5669";"0";4338;0;1349;2862;58
"LIGURIA";"IMPERIA";"DIANO SAN PIETRO";1;"Indennita' di contingenza";"781";"0";608;0;322;263;16
"LIGURIA";"IMPERIA";"DOLCEACQUA";1;"Indennita' di contingenza";"1625";"0";1234;0;459;727;25
"LIGURIA";"IMPERIA";"DOLCEDO";1;"Indennita' di contingenza";"971";"0";747;0;234;471;17
"LIGURIA";"IMPERIA";"IMPERIA";1;"Indennita' di contingenza";"34177";"0";27630;0;12109;14688;353
"LIGURIA";"IMPERIA";"ISOLABONA";1;"Indennita' di contingenza";"556";"0";376;0;132;223;11
"LIGURIA";"IMPERIA";"LUCINASCO";1;"Indennita' di contingenza";"242";"0";182;0;56;121;1
"LIGURIA";"IMPERIA";"MENDATICA";1;"Indennita' di contingenza";"285";"0";211;0;68;125;6
"LIGURIA";"IMPERIA";"MOLINI DI TRIORA";1;"Indennita' di contingenza";"682";"0";491;0;156;305;11
"LIGURIA";"IMPERIA";"MONTALTO LIGURE";1;"Indennita' di contingenza";"381";"0";282;0;121;121;17
"LIGURIA";"IMPERIA";"MONTEGROSSO PIAN LATTE";1;"Indennita' di contingenza";"159";"0";139;0;58;68;7
"LIGURIA";"IMPERIA";"OLIVETTA SAN MICHELE";1;"Indennita' di contingenza";"267";"0";200;0;62;131;3
"LIGURIA";"IMPERIA";"OSPEDALETTI";1;"Indennita' di contingenza";"2930";"0";2118;0;526;1514;40
"LIGURIA";"IMPERIA";"PERINALDO";1;"Indennita' di contingenza";"832";"0";480;0;255;191;16
"LIGURIA";"IMPERIA";"PIETRABRUNA";1;"Indennita' di contingenza";"540";"0";428;0;109;298;14
"LIGURIA";"IMPERIA";"PIEVE DI TECO";1;"Indennita' di contingenza";"1379";"0";1148;0;422;649;28
"LIGURIA";"IMPERIA";"PIGNA";1;"Indennita' di contingenza";"1800";"0";671;0;194;445;14
"LIGURIA";"IMPERIA";"POMPEIANA";1;"Indennita' di contingenza";"567";"0";415;0;139;256;7
"LIGURIA";"IMPERIA";"PONTEDASSIO";1;"Indennita' di contingenza";"1340";"0";1111;0;365;695;23
"LIGURIA";"IMPERIA";"PORNASSIO";1;"Indennita' di contingenza";"571";"0";460;0;155;283;11
"LIGURIA";"IMPERIA";"PRELA'";1;"Indennita' di contingenza";"540";"0";443;0;136;272;12
"LIGURIA";"IMPERIA";"RANZO";1;"Indennita' di contingenza";"557";"0";424;0;142;242;14
"LIGURIA";"IMPERIA";"REZZO";1;"Indennita' di contingenza";"476";"0";403;0;169;197;13
"LIGURIA";"IMPERIA";"RIVA LIGURE";1;"Indennita' di contingenza";"2368";"0";1727;0;664;988;37
"LIGURIA";"IMPERIA";"ROCCHETTA NERVINA";1;"Indennita' di contingenza";"277";"0";203;0;91;104;2
"LIGURIA";"IMPERIA";"SAN BARTOLOMEO AL MARE";1;"Indennita' di contingenza";"2391";"0";1819;0;703;1050;34
"LIGURIA";"IMPERIA";"SAN BIAGIO DELLA CIMA";1;"Indennita' di contingenza";"741";"0";488;0;119;344;11
"LIGURIA";"IMPERIA";"SAN LORENZO AL MARE";1;"Indennita' di contingenza";"1118";"0";830;0;361;440;14
"LIGURIA";"IMPERIA";"SAN REMO";1;"Indennita' di contingenza";"51954";"0";38181;0;13227;23367;502
"LIGURIA";"IMPERIA";"SANTO STEFANO AL MARE";1;"Indennita' di contingenza";"1793";"0";1287;0;579;659;22
"LIGURIA";"IMPERIA";"SEBORGA";1;"Indennita' di contingenza";"254";"0";205;0;58;132;9
"LIGURIA";"IMPERIA";"SOLDANO";1;"Indennita' di contingenza";"532";"0";360;0;152;185;3
"LIGURIA";"IMPERIA";"TAGGIA";1;"Indennita' di contingenza";"12004";"0";9181;0;3703;5058;143
"LIGURIA";"IMPERIA";"TERZORIO";1;"Indennita' di contingenza";"206";"0";179;0;39;129;0
"LIGURIA";"IMPERIA";"TRIORA";1;"Indennita' di contingenza";"430";"0";317;0;106;182;15
"LIGURIA";"IMPERIA";"VALLEBONA";1;"Indennita' di contingenza";"664";"0";481;0;164;304;6
"LIGURIA";"IMPERIA";"VALLECROSIA";1;"Indennita' di contingenza";"6370";"0";4452;0;1588;2721;49
"LIGURIA";"IMPERIA";"VASIA";1;"Indennita' di contingenza";"433";"0";337;0;113;198;14
"LIGURIA";"IMPERIA";"VENTIMIGLIA";1;"Indennita' di contingenza";"21748";"0";15161;0;5725;8870;179
"LIGURIA";"IMPERIA";"VESSALICO";1;"Indennita' di contingenza";"262";"0";224;0;73;133;10
"LIGURIA";"IMPERIA";"VILLA FARALDI";1;"Indennita' di contingenza";"361";"0";302;0;142;143;7
"LIGURIA";"LA SPEZIA";"AMEGLIA";1;"Indennita' di contingenza";"3813";"0";2964;0;1388;1512;31
"LIGURIA";"LA SPEZIA";"ARCOLA";1;"Indennita' di contingenza";"8062";"0";7047;0;4522;2362;72
"LIGURIA";"LA SPEZIA";"BEVERINO";1;"Indennita' di contingenza";"1887";"0";1554;0;568;937;25
"LIGURIA";"LA SPEZIA";"BOLANO";1;"Indennita' di contingenza";"5530";"0";4868;0;2383;2412;35
"LIGURIA";"LA SPEZIA";"BONASSOLA";1;"Indennita' di contingenza";"982";"0";804;0;385;407;10
"LIGURIA";"LA SPEZIA";"BORGHETTO DI VARA";1;"Indennita' di contingenza";"965";"0";799;0;252;509;16
"LIGURIA";"LA SPEZIA";"BRUGNATO";1;"Indennita' di contingenza";"919";"0";797;0;278;487;15
"LIGURIA";"LA SPEZIA";"CALICE AL CORNOVIGLIO";1;"Indennita' di contingenza";"1466";"0";984;0;477;469;24
"LIGURIA";"LA SPEZIA";"CARRO";1;"Indennita' di contingenza";"604";"0";499;0;143;337;8
"LIGURIA";"LA SPEZIA";"CARRODANO";1;"Indennita' di contingenza";"522";"0";438;0;229;197;6
"LIGURIA";"LA SPEZIA";"CASTELNUOVO MAGRA";1;"Indennita' di contingenza";"6335";"0";5657;0;3536;1997;56
"LIGURIA";"LA SPEZIA";"DEIVA MARINA";1;"Indennita' di contingenza";"1387";"0";1163;0;483;657;13
"LIGURIA";"LA SPEZIA";"FOLLO";1;"Indennita' di contingenza";"3573";"0";3065;0;1518;1485;29
"LIGURIA";"LA SPEZIA";"FRAMURA";1;"Indennita' di contingenza";"732";"0";544;0;237;295;5
"LIGURIA";"LA SPEZIA";"LA SPEZIA";1;"Indennita' di contingenza";"95830";"0";80353;0;39360;39357;650
"LIGURIA";"LA SPEZIA";"LERICI";1;"Indennita' di contingenza";"11462";"0";9384;0;4358;4832;82
"LIGURIA";"LA SPEZIA";"LEVANTO";1;"Indennita' di contingenza";"5303";"0";4381;0;2178;2072;63
"LIGURIA";"LA SPEZIA";"MAISSANA";1;"Indennita' di contingenza";"668";"0";494;0;160;326;4
"LIGURIA";"LA SPEZIA";"MONTEROSSO AL MARE";1;"Indennita' di contingenza";"1495";"0";1145;0;451;655;20
"LIGURIA";"LA SPEZIA";"ORTONOVO";1;"Indennita' di contingenza";"5972";"0";5189;0;2698;2383;38
"LIGURIA";"LA SPEZIA";"PIGNONE";1;"Indennita' di contingenza";"620";"0";530;0;203;313;6
"LIGURIA";"LA SPEZIA";"PORTOVENERE";1;"Indennita' di contingenza";"3945";"0";3344;0;1647;1643;24
"LIGURIA";"LA SPEZIA";"RICCO' DEL GOLFO DI SPEZIA";1;"Indennita' di contingenza";"2601";"0";2162;0;1018;1093;32
"LIGURIA";"LA SPEZIA";"RIOMAGGIORE";1;"Indennita' di contingenza";"2074";"0";1665;0;777;867;14
"LIGURIA";"LA SPEZIA";"ROCCHETTA DI VARA";1;"Indennita' di contingenza";"933";"0";693;0;245;428;12
"LIGURIA";"LA SPEZIA";"SANTO STEFANO DI MAGRA";1;"Indennita' di contingenza";"5962";"0";5322;0;2967;2154;50
"LIGURIA";"LA SPEZIA";"SARZANA";1;"Indennita' di contingenza";"16088";"0";14052;0;7714;5930;147
"LIGURIA";"LA SPEZIA";"SESTA GODANO";1;"Indennita' di contingenza";"1417";"0";1088;0;470;584;12
"LIGURIA";"LA SPEZIA";"VARESE LIGURE";1;"Indennita' di contingenza";"2674";"0";1992;0;539;1354;48
"LIGURIA";"LA SPEZIA";"VERNAZZA";1;"Indennita' di contingenza";"1204";"0";976;0;448;506;11
"LIGURIA";"LA SPEZIA";"VEZZANO LIGURE";1;"Indennita' di contingenza";"5883";"0";5136;0;3130;1918;44
"LIGURIA";"LA SPEZIA";"ZIGNAGO";1;"Indennita' di contingenza";"547";"0";456;0;235;207;6
"LIGURIA";"SAVONA";"ALASSIO";1;"Indennita' di contingenza";"11025";"0";8275;0;2991;5033;131
"LIGURIA";"SAVONA";"ALBENGA";1;"Indennita' di contingenza";"17468";"0";14596;0;5680;8310;229
"LIGURIA";"SAVONA";"ALBISSOLA MARINA";1;"Indennita' di contingenza";"5098";"0";4266;0;1971;2190;54
"LIGURIA";"SAVONA";"ALBISOLA SUPERIORE";1;"Indennita' di contingenza";"10338";"0";8737;0;3995;4503;96
"LIGURIA";"SAVONA";"ALTARE";1;"Indennita' di contingenza";"2234";"0";1881;0;1085;733;35
"LIGURIA";"SAVONA";"ANDORA";1;"Indennita' di contingenza";"5010";"0";3847;0;1249;2404;77
"LIGURIA";"SAVONA";"ARNASCO";1;"Indennita' di contingenza";"362";"0";310;0;110;179;7
"LIGURIA";"SAVONA";"BALESTRINO";1;"Indennita' di contingenza";"404";"0";311;0;107;178;14
"LIGURIA";"SAVONA";"BARDINETO";1;"Indennita' di contingenza";"615";"0";484;0;129;331;12
"LIGURIA";"SAVONA";"BERGEGGI";1;"Indennita' di contingenza";"805";"0";651;0;277;363;8
"LIGURIA";"SAVONA";"BOISSANO";1;"Indennita' di contingenza";"1148";"0";904;0;324;535;19
"LIGURIA";"SAVONA";"BORGHETTO SANTO SPIRITO";1;"Indennita' di contingenza";"4839";"0";3651;0;1439;2048;75
"LIGURIA";"SAVONA";"BORGIO VEREZZI";1;"Indennita' di contingenza";"2003";"0";1620;0;656;899;28
"LIGURIA";"SAVONA";"BORMIDA";1;"Indennita' di contingenza";"466";"0";379;0;118;228;26
"LIGURIA";"SAVONA";"CAIRO MONTENOTTE";1;"Indennita' di contingenza";"11752";"0";10269;0;5617;4308;183
"LIGURIA";"SAVONA";"CALICE LIGURE";1;"Indennita' di contingenza";"1121";"0";938;0;407;492;18
"LIGURIA";"SAVONA";"CALIZZANO";1;"Indennita' di contingenza";"1428";"0";1144;0;432;665;23
"LIGURIA";"SAVONA";"CARCARE";1;"Indennita' di contingenza";"4604";"0";3970;0;2008;1836;54
"LIGURIA";"SAVONA";"CASANOVA LERRONE";1;"Indennita' di contingenza";"744";"0";585;0;203;353;18
"LIGURIA";"SAVONA";"CASTELBIANCO";1;"Indennita' di contingenza";"232";"0";186;0;60;118;5
"LIGURIA";"SAVONA";"CASTELVECCHIO DI ROCCA BARBENA";1;"Indennita' di contingenza";"204";"0";149;0;42;104;1
"LIGURIA";"SAVONA";"CELLE LIGURE";1;"Indennita' di contingenza";"3967";"0";3407;0;1548;1759;44
"LIGURIA";"SAVONA";"CENGIO";1;"Indennita' di contingenza";"3710";"0";3180;0;1459;1591;72
"LIGURIA";"SAVONA";"CERIALE";1;"Indennita' di contingenza";"4252";"0";3301;0;1150;2011;66
"LIGURIA";"SAVONA";"CISANO SUL NEVA";1;"Indennita' di contingenza";"919";"0";727;0;273;416;19
"LIGURIA";"SAVONA";"COSSERIA";1;"Indennita' di contingenza";"780";"0";691;0;386;278;17
"LIGURIA";"SAVONA";"DEGO";1;"Indennita' di contingenza";"1749";"0";1386;0;684;632;37
"LIGURIA";"SAVONA";"ERLI";1;"Indennita' di contingenza";"276";"0";220;0;62;146;7
"LIGURIA";"SAVONA";"FINALE LIGURE";1;"Indennita' di contingenza";"11398";"0";9500;0;3794;5409;137
"LIGURIA";"SAVONA";"GARLENDA";1;"Indennita' di contingenza";"500";"0";400;0;146;225;20
"LIGURIA";"SAVONA";"GIUSTENICE";1;"Indennita' di contingenza";"553";"0";463;0;149;289;9
"LIGURIA";"SAVONA";"GIUSVALLA";1;"Indennita' di contingenza";"416";"0";345;0;145;187;11
"LIGURIA";"SAVONA";"LAIGUEGLIA";1;"Indennita' di contingenza";"2111";"0";1653;0;597;1001;30
"LIGURIA";"SAVONA";"LOANO";1;"Indennita' di contingenza";"10176";"0";7858;0;2821;4746;125
"LIGURIA";"SAVONA";"MAGLIOLO";1;"Indennita' di contingenza";"379";"0";262;0;116;129;9
"LIGURIA";"SAVONA";"MALLARE";1;"Indennita' di contingenza";"1028";"0";896;0;479;378;29
"LIGURIA";"SAVONA";"MASSIMINO";1;"Indennita' di contingenza";"146";"0";128;0;44;78;4
"LIGURIA";"SAVONA";"MILLESIMO";1;"Indennita' di contingenza";"2974";"0";2628;0;1301;1245;54
"LIGURIA";"SAVONA";"MIOGLIA";1;"Indennita' di contingenza";"529";"0";401;0;140;230;19
"LIGURIA";"SAVONA";"MURIALDO";1;"Indennita' di contingenza";"807";"0";702;0;256;411;24
"LIGURIA";"SAVONA";"NASINO";1;"Indennita' di contingenza";"231";"0";164;0;46;107;9
"LIGURIA";"SAVONA";"NOLI";1;"Indennita' di contingenza";"2626";"0";2041;0;826;1135;31
"LIGURIA";"SAVONA";"ONZO";1;"Indennita' di contingenza";"206";"0";188;0;36;136;5
"LIGURIA";"SAVONA";"ORCO FEGLINO";1;"Indennita' di contingenza";"645";"0";553;0;270;262;12
"LIGURIA";"SAVONA";"ORTOVERO";1;"Indennita' di contingenza";"727";"0";597;0;163;380;22
"LIGURIA";"SAVONA";"OSIGLIA";1;"Indennita' di contingenza";"491";"0";353;0;136;207;6
"LIGURIA";"SAVONA";"PALLARE";1;"Indennita' di contingenza";"750";"0";659;0;341;285;18
"LIGURIA";"SAVONA";"PIANA CRIXIA";1;"Indennita' di contingenza";"739";"0";587;0;242;319;15
"LIGURIA";"SAVONA";"PIETRA LIGURE";1;"Indennita' di contingenza";"8251";"0";6828;0;2783;3847;74
"LIGURIA";"SAVONA";"PLODIO";1;"Indennita' di contingenza";"394";"0";342;0;173;158;6
"LIGURIA";"SAVONA";"PONTINVREA";1;"Indennita' di contingenza";"650";"0";528;0;219;290;11
"LIGURIA";"SAVONA";"QUILIANO";1;"Indennita' di contingenza";"5954";"0";5233;0;3006;2074;66
"LIGURIA";"SAVONA";"RIALTO";1;"Indennita' di contingenza";"418";"0";310;0;116;170;16
"LIGURIA";"SAVONA";"ROCCAVIGNALE";1;"Indennita' di contingenza";"632";"0";556;0;243;294;13
"LIGURIA";"SAVONA";"SASSELLO";1;"Indennita' di contingenza";"1665";"0";1348;0;499;775;37
"LIGURIA";"SAVONA";"SAVONA";1;"Indennita' di contingenza";"61706";"0";50843;0;26745;22801;556
"LIGURIA";"SAVONA";"SPOTORNO";1;"Indennita' di contingenza";"3716";"0";2992;0;1344;1568;42
"LIGURIA";"SAVONA";"STELLA";1;"Indennita' di contingenza";"1976";"0";1557;0;613;865;38
"LIGURIA";"SAVONA";"STELLANELLO";1;"Indennita' di contingenza";"549";"0";411;0;140;237;23
"LIGURIA";"SAVONA";"TESTICO";1;"Indennita' di contingenza";"183";"0";145;0;48;89;5
"LIGURIA";"SAVONA";"TOIRANO";1;"Indennita' di contingenza";"1186";"0";948;0;311;598;21
"LIGURIA";"SAVONA";"TOVO SAN GIACOMO";1;"Indennita' di contingenza";"1230";"0";1021;0;380;580;27
"LIGURIA";"SAVONA";"URBE";1;"Indennita' di contingenza";"907";"0";678;0;248;398;15
"LIGURIA";"SAVONA";"VADO LIGURE";1;"Indennita' di contingenza";"7295";"0";6334;0;4015;2135;85
"LIGURIA";"SAVONA";"VARAZZE";1;"Indennita' di contingenza";"12188";"0";9884;0;3916;5659;117
"LIGURIA";"SAVONA";"VENDONE";1;"Indennita' di contingenza";"306";"0";236;0;79;140;7
"LIGURIA";"SAVONA";"VEZZI PORTIO";1;"Indennita' di contingenza";"424";"0";313;0;123;175;7
"LIGURIA";"SAVONA";"VILLANOVA D'ALBENGA";1;"Indennita' di contingenza";"1182";"0";980;0;332;600;24
"LIGURIA";"SAVONA";"ZUCCARELLO";1;"Indennita' di contingenza";"270";"0";237;0;105;129;1
"EMILIA-ROMAGNA";"BOLOGNA";"ANZOLA DELL'EMILIA";1;"Indennita' di contingenza";"7284";"0";6810;0;4764;1950;43
"EMILIA-ROMAGNA";"BOLOGNA";"ARGELATO";1;"Indennita' di contingenza";"5644";"0";5321;0;3345;1884;46
"EMILIA-ROMAGNA";"BOLOGNA";"BARICELLA";1;"Indennita' di contingenza";"4162";"0";3920;0;2192;1670;41
"EMILIA-ROMAGNA";"BOLOGNA";"BAZZANO";1;"Indennita' di contingenza";"4270";"0";3969;0;2627;1279;41
"EMILIA-ROMAGNA";"BOLOGNA";"BENTIVOGLIO";1;"Indennita' di contingenza";"3242";"0";3124;0;1936;1109;48
"EMILIA-ROMAGNA";"BOLOGNA";"BOLOGNA";1;"Indennita' di contingenza";"376042";"0";331462;0;169245;156407;2799
"EMILIA-ROMAGNA";"BOLOGNA";"BORGO TOSSIGNANO";1;"Indennita' di contingenza";"2091";"0";1908;0;1002;852;28
"EMILIA-ROMAGNA";"BOLOGNA";"BUDRIO";1;"Indennita' di contingenza";"11172";"0";10225;0;4971;4986;132
"EMILIA-ROMAGNA";"BOLOGNA";"CALDERARA DI RENO";1;"Indennita' di contingenza";"7115";"0";6538;0;4167;2262;54
"EMILIA-ROMAGNA";"BOLOGNA";"CAMUGNANO";1;"Indennita' di contingenza";"1863";"0";1620;0;854;727;23
"EMILIA-ROMAGNA";"BOLOGNA";"CASALECCHIO DI RENO";1;"Indennita' di contingenza";"29797";"0";27331;0;16503;10321;255
"EMILIA-ROMAGNA";"BOLOGNA";"CASALFIUMANESE";1;"Indennita' di contingenza";"2013";"0";1905;0;1189;660;27
"EMILIA-ROMAGNA";"BOLOGNA";"CASTEL D'AIANO";1;"Indennita' di contingenza";"1492";"0";1319;0;587;674;29
"EMILIA-ROMAGNA";"BOLOGNA";"CASTEL DEL RIO";1;"Indennita' di contingenza";"968";"0";900;0;476;406;13
"EMILIA-ROMAGNA";"BOLOGNA";"CASTEL DI CASIO";1;"Indennita' di contingenza";"2231";"0";2021;0;1005;967;20
"EMILIA-ROMAGNA";"BOLOGNA";"CASTEL GUELFO DI BOLOGNA";1;"Indennita' di contingenza";"2180";"0";2007;0;943;1016;36
"EMILIA-ROMAGNA";"BOLOGNA";"CASTELLO D'ARGILE";1;"Indennita' di contingenza";"2641";"0";2453;0;984;1416;34
"EMILIA-ROMAGNA";"BOLOGNA";"CASTELLO DI SERRAVALLE";1;"Indennita' di contingenza";"2024";"0";1886;0;1225;617;27
"EMILIA-ROMAGNA";"BOLOGNA";"CASTEL MAGGIORE";1;"Indennita' di contingenza";"10556";"0";9947;0;6502;3257;108
"EMILIA-ROMAGNA";"BOLOGNA";"CASTEL SAN PIETRO TERME";1;"Indennita' di contingenza";"13127";"0";12313;0;7284;4781;130
"EMILIA-ROMAGNA";"BOLOGNA";"CASTENASO";1;"Indennita' di contingenza";"10084";"0";9333;0;5156;4004;94
"EMILIA-ROMAGNA";"BOLOGNA";"CASTIGLIONE DEI PEPOLI";1;"Indennita' di contingenza";"5030";"0";4565;0;2906;1572;47
"EMILIA-ROMAGNA";"BOLOGNA";"CRESPELLANO";1;"Indennita' di contingenza";"5486";"0";5178;0;3654;1451;50
"EMILIA-ROMAGNA";"BOLOGNA";"CREVALCORE";1;"Indennita' di contingenza";"9608";"0";9002;0;4885;3939;116
"EMILIA-ROMAGNA";"BOLOGNA";"DOZZA";1;"Indennita' di contingenza";"3467";"0";3138;0;1729;1336;41
"EMILIA-ROMAGNA";"BOLOGNA";"FONTANELICE";1;"Indennita' di contingenza";"1318";"0";1218;0;642;537;22
"EMILIA-ROMAGNA";"BOLOGNA";"GAGGIO MONTANO";1;"Indennita' di contingenza";"3460";"0";2989;0;1368;1533;50
"EMILIA-ROMAGNA";"BOLOGNA";"GALLIERA";1;"Indennita' di contingenza";"3643";"0";3414;0;2155;1203;44
"EMILIA-ROMAGNA";"BOLOGNA";"GRANAGLIONE";1;"Indennita' di contingenza";"1844";"0";1581;0;783;766;15
"EMILIA-ROMAGNA";"BOLOGNA";"GRANAROLO DELL'EMILIA";1;"Indennita' di contingenza";"5217";"0";4891;0;3001;1813;49
"EMILIA-ROMAGNA";"BOLOGNA";"GRIZZANA MORANDI";1;"Indennita' di contingenza";"2167";"0";2000;0;1222;732;27
"EMILIA-ROMAGNA";"BOLOGNA";"IMOLA";1;"Indennita' di contingenza";"50170";"0";45682;0;25932;18607;534
"EMILIA-ROMAGNA";"BOLOGNA";"LIZZANO IN BELVEDERE";1;"Indennita' di contingenza";"2038";"0";1752;0;790;913;31
"EMILIA-ROMAGNA";"BOLOGNA";"LOIANO";1;"Indennita' di contingenza";"2053";"0";1880;0;970;849;36
"EMILIA-ROMAGNA";"BOLOGNA";"MALALBERGO";1;"Indennita' di contingenza";"5137";"0";4900;0;2845;1982;34
"EMILIA-ROMAGNA";"BOLOGNA";"MARZABOTTO";1;"Indennita' di contingenza";"3572";"0";3379;0;2131;1176;39
"EMILIA-ROMAGNA";"BOLOGNA";"MEDICINA";1;"Indennita' di contingenza";"10196";"0";9645;0;5227;4215;114
"EMILIA-ROMAGNA";"BOLOGNA";"MINERBIO";1;"Indennita' di contingenza";"5288";"0";4957;0;2632;2240;56
"EMILIA-ROMAGNA";"BOLOGNA";"MOLINELLA";1;"Indennita' di contingenza";"10011";"0";9358;0;3658;5522;103
"EMILIA-ROMAGNA";"BOLOGNA";"MONGHIDORO";1;"Indennita' di contingenza";"2240";"0";1931;0;837;1035;36
"EMILIA-ROMAGNA";"BOLOGNA";"MONTERENZIO";1;"Indennita' di contingenza";"2234";"0";2029;0;1050;932;23
"EMILIA-ROMAGNA";"BOLOGNA";"MONTE SAN PIETRO";1;"Indennita' di contingenza";"4454";"0";4150;0;2489;1583;52
"EMILIA-ROMAGNA";"BOLOGNA";"MONTEVEGLIO";1;"Indennita' di contingenza";"2419";"0";2230;0;1399;789;29
"EMILIA-ROMAGNA";"BOLOGNA";"MONZUNO";1;"Indennita' di contingenza";"3076";"0";2773;0;1448;1266;31
"EMILIA-ROMAGNA";"BOLOGNA";"MORDANO";1;"Indennita' di contingenza";"3030";"0";2864;0;1596;1194;47
"EMILIA-ROMAGNA";"BOLOGNA";"OZZANO DELL'EMILIA";1;"Indennita' di contingenza";"6829";"0";6399;0;4088;2198;66
"EMILIA-ROMAGNA";"BOLOGNA";"PIANORO";1;"Indennita' di contingenza";"10636";"0";9772;0;5639;3969;90
"EMILIA-ROMAGNA";"BOLOGNA";"PIEVE DI CENTO";1;"Indennita' di contingenza";"5012";"0";4676;0;2316;2251;67
"EMILIA-ROMAGNA";"BOLOGNA";"PORRETTA TERME";1;"Indennita' di contingenza";"4067";"0";3652;0;1822;1740;57
"EMILIA-ROMAGNA";"BOLOGNA";"SALA BOLOGNESE";1;"Indennita' di contingenza";"3644";"0";3437;0;2147;1214;33
"EMILIA-ROMAGNA";"BOLOGNA";"SAN BENEDETTO VAL DI SAMBRO";1;"Indennita' di contingenza";"3346";"0";3067;0;1545;1437;42
"EMILIA-ROMAGNA";"BOLOGNA";"SAN GIORGIO DI PIANO";1;"Indennita' di contingenza";"4321";"0";4099;0;2512;1522;40
"EMILIA-ROMAGNA";"BOLOGNA";"SAN GIOVANNI IN PERSICETO";1;"Indennita' di contingenza";"18172";"0";16925;0;8855;7670;227
"EMILIA-ROMAGNA";"BOLOGNA";"SAN LAZZARO DI SAVENA";1;"Indennita' di contingenza";"23505";"0";21358;0;11572;9360;224
"EMILIA-ROMAGNA";"BOLOGNA";"SAN PIETRO IN CASALE";1;"Indennita' di contingenza";"7145";"0";6780;0;3802;2827;94
"EMILIA-ROMAGNA";"BOLOGNA";"SANT'AGATA BOLOGNESE";1;"Indennita' di contingenza";"3823";"0";3577;0;1876;1629;39
"EMILIA-ROMAGNA";"BOLOGNA";"SASSO MARCONI";1;"Indennita' di contingenza";"10418";"0";9678;0;5672;3831;100
"EMILIA-ROMAGNA";"BOLOGNA";"SAVIGNO";1;"Indennita' di contingenza";"1755";"0";1586;0;669;848;41
"EMILIA-ROMAGNA";"BOLOGNA";"VERGATO";1;"Indennita' di contingenza";"4877";"0";4552;0;2387;2068;62
"EMILIA-ROMAGNA";"BOLOGNA";"ZOLA PREDOSA";1;"Indennita' di contingenza";"12183";"0";11510;0;7324;3959;122
"EMILIA-ROMAGNA";"FERRARA";"ARGENTA";1;"Indennita' di contingenza";"19698";"0";18572;0;10746;7466;215
"EMILIA-ROMAGNA";"FERRARA";"BERRA";1;"Indennita' di contingenza";"5830";"0";5355;0;2423;2801;76
"EMILIA-ROMAGNA";"FERRARA";"BONDENO";1;"Indennita' di contingenza";"14871";"0";14018;0;7441;6235;202
"EMILIA-ROMAGNA";"FERRARA";"CENTO";1;"Indennita' di contingenza";"23405";"0";21451;0;9051;11750;395
"EMILIA-ROMAGNA";"FERRARA";"CODIGORO";1;"Indennita' di contingenza";"11905";"0";10885;0;4497;6109;133
"EMILIA-ROMAGNA";"FERRARA";"COMACCHIO";1;"Indennita' di contingenza";"15763";"0";13943;0;5919;7633;220
"EMILIA-ROMAGNA";"FERRARA";"COPPARO";1;"Indennita' di contingenza";"16664";"0";15696;0;8190;7145;222
"EMILIA-ROMAGNA";"FERRARA";"FERRARA";1;"Indennita' di contingenza";"122111";"0";113342;0;56539;54091;1393
"EMILIA-ROMAGNA";"FERRARA";"FORMIGNANA";1;"Indennita' di contingenza";"2342";"0";2187;0;1241;893;28
"EMILIA-ROMAGNA";"FERRARA";"GORO";1;"Indennita' di contingenza";"3304";"0";3002;0;1201;1745;30
"EMILIA-ROMAGNA";"FERRARA";"JOLANDA DI SAVOIA";1;"Indennita' di contingenza";"3461";"0";3293;0;1978;1251;38
"EMILIA-ROMAGNA";"FERRARA";"LAGOSANTO";1;"Indennita' di contingenza";"3642";"0";3276;0;1547;1662;34
"EMILIA-ROMAGNA";"FERRARA";"MASI TORELLO";1;"Indennita' di contingenza";"2043";"0";1908;0;564;1271;52
"EMILIA-ROMAGNA";"FERRARA";"MASSA FISCAGLIA";1;"Indennita' di contingenza";"3557";"0";3322;0;2047;1197;35
"EMILIA-ROMAGNA";"FERRARA";"MESOLA";1;"Indennita' di contingenza";"6565";"0";6064;0;2539;3416;47
"EMILIA-ROMAGNA";"FERRARA";"MIGLIARINO";1;"Indennita' di contingenza";"3479";"0";3226;0;1840;1304;51
"EMILIA-ROMAGNA";"FERRARA";"MIRABELLO";1;"Indennita' di contingenza";"1974";"0";1845;0;1101;705;21
"EMILIA-ROMAGNA";"FERRARA";"MIGLIARO";1;"Indennita' di contingenza";"2814";"0";2574;0;1321;1179;41
"EMILIA-ROMAGNA";"FERRARA";"OSTELLATO";1;"Indennita' di contingenza";"6256";"0";5879;0;2905;2791;91
"EMILIA-ROMAGNA";"FERRARA";"POGGIO RENATICO";1;"Indennita' di contingenza";"6226";"0";5875;0;3227;2497;90
"EMILIA-ROMAGNA";"FERRARA";"PORTOMAGGIORE";1;"Indennita' di contingenza";"11052";"0";10433;0;5428;4791;123
"EMILIA-ROMAGNA";"FERRARA";"RO";1;"Indennita' di contingenza";"3641";"0";3413;0;1770;1543;54
"EMILIA-ROMAGNA";"FERRARA";"SANT'AGOSTINO";1;"Indennita' di contingenza";"4846";"0";4508;0;2003;2368;83
"EMILIA-ROMAGNA";"FERRARA";"TRESIGALLO";1;"Indennita' di contingenza";"3965";"0";3727;0;1987;1665;38
"EMILIA-ROMAGNA";"FERRARA";"VIGARANO MAINARDA";1;"Indennita' di contingenza";"5506";"0";5193;0;2535;2492;104
"EMILIA-ROMAGNA";"FERRARA";"VOGHIERA";1;"Indennita' di contingenza";"3443";"0";3230;0;1396;1749;55
"EMILIA-ROMAGNA";"FORLI' ";"BAGNO DI ROMAGNA";1;"Indennita' di contingenza";"5289";"0";4555;0;2145;2346;24
"EMILIA-ROMAGNA";"FORLI' ";"BELLARIA-IGEA MARINA";1;"Indennita' di contingenza";"9643";"0";8590;0;3889;4430;123
"EMILIA-ROMAGNA";"FORLI' ";"BERTINORO";1;"Indennita' di contingenza";"6494";"0";5965;0;3270;2560;51
"EMILIA-ROMAGNA";"FORLI' ";"BORGHI";1;"Indennita' di contingenza";"1436";"0";1257;0;690;524;23
"EMILIA-ROMAGNA";"FORLI' ";"CASTROCARO TERME E TERRA DEL SOLE";1;"Indennita' di contingenza";"4192";"0";3697;0;1548;2047;36
"EMILIA-ROMAGNA";"FORLI' ";"CATTOLICA";1;"Indennita' di contingenza";"12512";"0";11211;0;6428;4454;169
"EMILIA-ROMAGNA";"FORLI' ";"CESENA";1;"Indennita' di contingenza";"72027";"0";65584;0;31968;31980;646
"EMILIA-ROMAGNA";"FORLI' ";"CESENATICO";1;"Indennita' di contingenza";"15879";"0";14108;0;6170;7462;199
"EMILIA-ROMAGNA";"FORLI' ";"CIVITELLA DI ROMAGNA";1;"Indennita' di contingenza";"3223";"0";2937;0;1515;1349;25
"EMILIA-ROMAGNA";"FORLI' ";"CORIANO";1;"Indennita' di contingenza";"4818";"0";4359;0;2454;1811;47
"EMILIA-ROMAGNA";"FORLI' ";"DOVADOLA";1;"Indennita' di contingenza";"1358";"0";1174;0;591;552;15
"EMILIA-ROMAGNA";"FORLI' ";"FORLI'";1;"Indennita' di contingenza";"89965";"0";81032;0;40922;38543;604
"EMILIA-ROMAGNA";"FORLI' ";"FORLIMPOPOLI";1;"Indennita' di contingenza";"9043";"0";8436;0;4875;3400;81
"EMILIA-ROMAGNA";"FORLI' ";"GALEATA";1;"Indennita' di contingenza";"1866";"0";1689;0;901;746;20
"EMILIA-ROMAGNA";"FORLI' ";"GAMBETTOLA";1;"Indennita' di contingenza";"6694";"0";6174;0;3016;2955;82
"EMILIA-ROMAGNA";"FORLI' ";"GATTEO";1;"Indennita' di contingenza";"4381";"0";4017;0;1972;1918;57
"EMILIA-ROMAGNA";"FORLI' ";"GEMMANO";1;"Indennita' di contingenza";"762";"0";688;0;322;334;20
"EMILIA-ROMAGNA";"FORLI' ";"LONGIANO";1;"Indennita' di contingenza";"3500";"0";3212;0;1763;1358;46
"EMILIA-ROMAGNA";"FORLI' ";"MELDOLA";1;"Indennita' di contingenza";"7461";"0";6726;0;3350;3211;59
"EMILIA-ROMAGNA";"FORLI' ";"MERCATO SARACENO";1;"Indennita' di contingenza";"4791";"0";4314;0;1988;2219;47
"EMILIA-ROMAGNA";"FORLI' ";"MISANO ADRIATICO";1;"Indennita' di contingenza";"6315";"0";5704;0;3489;2055;78
"EMILIA-ROMAGNA";"FORLI' ";"MODIGLIANA";1;"Indennita' di contingenza";"3971";"0";3394;0;1361;1918;65
"EMILIA-ROMAGNA";"FORLI' ";"MONDAINO";1;"Indennita' di contingenza";"1163";"0";1024;0;466;526;19
"EMILIA-ROMAGNA";"FORLI' ";"MONTE COLOMBO";1;"Indennita' di contingenza";"1176";"0";1005;0;475;492;15
"EMILIA-ROMAGNA";"FORLI' ";"MONTEFIORE CONCA";1;"Indennita' di contingenza";"1246";"0";1004;0;418;551;17
"EMILIA-ROMAGNA";"FORLI' ";"MONTEGRIDOLFO";1;"Indennita' di contingenza";"709";"0";643;0;351;270;7
"EMILIA-ROMAGNA";"FORLI' ";"MONTESCUDO";1;"Indennita' di contingenza";"1335";"0";1177;0;467;672;18
"EMILIA-ROMAGNA";"FORLI' ";"MONTIANO";1;"Indennita' di contingenza";"1228";"0";1149;0;440;675;17
"EMILIA-ROMAGNA";"FORLI' ";"MORCIANO DI ROMAGNA";1;"Indennita' di contingenza";"3899";"0";3421;0;1528;1767;70
"EMILIA-ROMAGNA";"FORLI' ";"POGGIO BERNI";1;"Indennita' di contingenza";"1705";"0";1574;0;977;540;30
"EMILIA-ROMAGNA";"FORLI' ";"PORTICO E SAN BENEDETTO";1;"Indennita' di contingenza";"872";"0";782;0;332;430;9
"EMILIA-ROMAGNA";"FORLI' ";"PREDAPPIO";1;"Indennita' di contingenza";"4951";"0";4482;0;2250;2138;27
"EMILIA-ROMAGNA";"FORLI' ";"PREMILCUORE";1;"Indennita' di contingenza";"881";"0";794;0;276;493;8
"EMILIA-ROMAGNA";"FORLI' ";"RICCIONE";1;"Indennita' di contingenza";"24758";"0";22501;0;12685;9155;280
"EMILIA-ROMAGNA";"FORLI' ";"RIMINI";1;"Indennita' di contingenza";"101990";"0";88803;0;43040;43565;949
"EMILIA-ROMAGNA";"FORLI' ";"ROCCA SAN CASCIANO";1;"Indennita' di contingenza";"1872";"0";1647;0;673;938;16
"EMILIA-ROMAGNA";"FORLI' ";"RONCOFREDDO";1;"Indennita' di contingenza";"1933";"0";1745;0;770;914;30
"EMILIA-ROMAGNA";"FORLI' ";"SALUDECIO";1;"Indennita' di contingenza";"1978";"0";1776;0;960;727;46
"EMILIA-ROMAGNA";"FORLI' ";"SAN CLEMENTE";1;"Indennita' di contingenza";"1932";"0";1721;0;954;697;40
"EMILIA-ROMAGNA";"FORLI' ";"SAN GIOVANNI IN MARIGNANO";1;"Indennita' di contingenza";"5275";"0";4821;0;2987;1682;84
"EMILIA-ROMAGNA";"FORLI' ";"SAN MAURO PASCOLI";1;"Indennita' di contingenza";"5701";"0";5176;0;2618;2406;72
"EMILIA-ROMAGNA";"FORLI' ";"SANTARCANGELO DI ROMAGNA";1;"Indennita' di contingenza";"12833";"0";11716;0;6615;4721;181
"EMILIA-ROMAGNA";"FORLI' ";"SANTA SOFIA";1;"Indennita' di contingenza";"3609";"0";3307;0;1821;1386;44
"EMILIA-ROMAGNA";"FORLI' ";"SARSINA";1;"Indennita' di contingenza";"3267";"0";2879;0;1104;1703;20
"EMILIA-ROMAGNA";"FORLI' ";"SAVIGNANO SUL RUBICONE";1;"Indennita' di contingenza";"9623";"0";8930;0;4526;4099;176
"EMILIA-ROMAGNA";"FORLI' ";"SOGLIANO AL RUBICONE";1;"Indennita' di contingenza";"2494";"0";2157;0;981;1123;28
"EMILIA-ROMAGNA";"FORLI' ";"TORRIANA";1;"Indennita' di contingenza";"746";"0";663;0;450;197;8
"EMILIA-ROMAGNA";"FORLI' ";"TREDOZIO";1;"Indennita' di contingenza";"1262";"0";1087;0;359;690;15
"EMILIA-ROMAGNA";"FORLI' ";"VERGHERETO";1;"Indennita' di contingenza";"2020";"0";1826;0;708;1055;24
"EMILIA-ROMAGNA";"FORLI' ";"VERUCCHIO";1;"Indennita' di contingenza";"4994";"0";4338;0;2289;1964;31
"EMILIA-ROMAGNA";"MODENA";"BASTIGLIA";1;"Indennita' di contingenza";"1657";"0";1559;0;1044;481;19
"EMILIA-ROMAGNA";"MODENA";"BOMPORTO";1;"Indennita' di contingenza";"4341";"0";4095;0;2393;1620;53
"EMILIA-ROMAGNA";"MODENA";"CAMPOGALLIANO";1;"Indennita' di contingenza";"4970";"0";4643;0;2985;1575;56
"EMILIA-ROMAGNA";"MODENA";"CAMPOSANTO";1;"Indennita' di contingenza";"2343";"0";2213;0;1139;1028;34
"EMILIA-ROMAGNA";"MODENA";"CARPI";1;"Indennita' di contingenza";"49013";"0";45293;0;27733;16830;453
"EMILIA-ROMAGNA";"MODENA";"CASTELFRANCO EMILIA";1;"Indennita' di contingenza";"16968";"0";15758;0;9993;5465;191
"EMILIA-ROMAGNA";"MODENA";"CASTELNUOVO RANGONE";1;"Indennita' di contingenza";"7151";"0";6601;0;3972;2526;66
"EMILIA-ROMAGNA";"MODENA";"CASTELVETRO DI MODENA";1;"Indennita' di contingenza";"5964";"0";5443;0;3186;2096;100
"EMILIA-ROMAGNA";"MODENA";"CAVEZZO";1;"Indennita' di contingenza";"5154";"0";4780;0;2624;2023;97
"EMILIA-ROMAGNA";"MODENA";"CONCORDIA SULLA SECCHIA";1;"Indennita' di contingenza";"6975";"0";6523;0;3444;2921;98
"EMILIA-ROMAGNA";"MODENA";"FANANO";1;"Indennita' di contingenza";"2730";"0";2250;0;1134;1017;59
"EMILIA-ROMAGNA";"MODENA";"FINALE EMILIA";1;"Indennita' di contingenza";"12274";"0";11361;0;5836;5291;151
"EMILIA-ROMAGNA";"MODENA";"FIORANO MODENESE";1;"Indennita' di contingenza";"11192";"0";9883;0;5626;3999;152
"EMILIA-ROMAGNA";"MODENA";"FIUMALBO";1;"Indennita' di contingenza";"1352";"0";1066;0;424;579;30
"EMILIA-ROMAGNA";"MODENA";"FORMIGINE";1;"Indennita' di contingenza";"17613";"0";15990;0;7817;7810;223
"EMILIA-ROMAGNA";"MODENA";"FRASSINORO";1;"Indennita' di contingenza";"2487";"0";1904;0;483;1352;35
"EMILIA-ROMAGNA";"MODENA";"GUIGLIA";1;"Indennita' di contingenza";"2598";"0";2222;0;1047;1084;59
"EMILIA-ROMAGNA";"MODENA";"LAMA MOCOGNO";1;"Indennita' di contingenza";"2811";"0";2382;0;968;1328;66
"EMILIA-ROMAGNA";"MODENA";"MARANELLO";1;"Indennita' di contingenza";"10079";"0";9015;0;5141;3642;134
"EMILIA-ROMAGNA";"MODENA";"MARANO SUL PANARO";1;"Indennita' di contingenza";"2656";"0";2403;0;1408;931;43
"EMILIA-ROMAGNA";"MODENA";"MEDOLLA";1;"Indennita' di contingenza";"4348";"0";4033;0;2187;1734;78
"EMILIA-ROMAGNA";"MODENA";"MIRANDOLA";1;"Indennita' di contingenza";"17982";"0";16626;0;8818;7388;265
"EMILIA-ROMAGNA";"MODENA";"MODENA";1;"Indennita' di contingenza";"145974";"0";131460;0;72101;56957;1456
"EMILIA-ROMAGNA";"MODENA";"MONTECRETO";1;"Indennita' di contingenza";"993";"0";770;0;280;460;23
"EMILIA-ROMAGNA";"MODENA";"MONTEFIORINO";1;"Indennita' di contingenza";"2305";"0";1777;0;764;947;36
"EMILIA-ROMAGNA";"MODENA";"MONTESE";1;"Indennita' di contingenza";"2865";"0";2436;0;1029;1308;65
"EMILIA-ROMAGNA";"MODENA";"NONANTOLA";1;"Indennita' di contingenza";"8441";"0";7829;0;5422;2249;99
"EMILIA-ROMAGNA";"MODENA";"NOVI DI MODENA";1;"Indennita' di contingenza";"7880";"0";7435;0;5034;2258;86
"EMILIA-ROMAGNA";"MODENA";"PALAGANO";1;"Indennita' di contingenza";"2182";"0";1728;0;556;1100;43
"EMILIA-ROMAGNA";"MODENA";"PAVULLO NEL FRIGNANO";1;"Indennita' di contingenza";"10947";"0";9270;0;4472;4421;211
"EMILIA-ROMAGNA";"MODENA";"PIEVEPELAGO";1;"Indennita' di contingenza";"2066";"0";1558;0;547;959;30
"EMILIA-ROMAGNA";"MODENA";"POLINAGO";1;"Indennita' di contingenza";"1795";"0";1494;0;571;871;33
"EMILIA-ROMAGNA";"MODENA";"PRIGNANO SULLA SECCHIA";1;"Indennita' di contingenza";"2649";"0";2302;0;800;1388;64
"EMILIA-ROMAGNA";"MODENA";"RAVARINO";1;"Indennita' di contingenza";"3392";"0";3192;0;1992;1116;60
"EMILIA-ROMAGNA";"MODENA";"RIOLUNATO";1;"Indennita' di contingenza";"827";"0";662;0;242;396;14
"EMILIA-ROMAGNA";"MODENA";"SAN CESARIO SUL PANARO";1;"Indennita' di contingenza";"4050";"0";3837;0;2627;1141;43
"EMILIA-ROMAGNA";"MODENA";"SAN FELICE SUL PANARO";1;"Indennita' di contingenza";"7588";"0";6979;0;3247;3539;113
"EMILIA-ROMAGNA";"MODENA";"SAN POSSIDONIO";1;"Indennita' di contingenza";"2639";"0";2441;0;1372;1014;32
"EMILIA-ROMAGNA";"MODENA";"SAN PROSPERO";1;"Indennita' di contingenza";"3027";"0";2811;0;1694;1061;40
"EMILIA-ROMAGNA";"MODENA";"SASSUOLO";1;"Indennita' di contingenza";"30749";"0";27239;0;13085;13560;329
"EMILIA-ROMAGNA";"MODENA";"SAVIGNANO SUL PANARO";1;"Indennita' di contingenza";"6098";"0";5636;0;3721;1796;80
"EMILIA-ROMAGNA";"MODENA";"SERRAMAZZONI";1;"Indennita' di contingenza";"4355";"0";3724;0;1401;2192;73
"EMILIA-ROMAGNA";"MODENA";"SESTOLA";1;"Indennita' di contingenza";"2391";"0";2024;0;913;1038;52
"EMILIA-ROMAGNA";"MODENA";"SOLIERA";1;"Indennita' di contingenza";"8766";"0";8280;0;5628;2513;86
"EMILIA-ROMAGNA";"MODENA";"SPILAMBERTO";1;"Indennita' di contingenza";"8446";"0";7923;0;5199;2571;99
"EMILIA-ROMAGNA";"MODENA";"VIGNOLA";1;"Indennita' di contingenza";"16352";"0";14946;0;8807;5830;175
"EMILIA-ROMAGNA";"MODENA";"ZOCCA";1;"Indennita' di contingenza";"3561";"0";3092;0;1511;1444;82
"EMILIA-ROMAGNA";"PARMA";"ALBARETO";1;"Indennita' di contingenza";"2468";"0";1430;0;549;817;31
"EMILIA-ROMAGNA";"PARMA";"BARDI";1;"Indennita' di contingenza";"4308";"0";2481;0;729;1632;63
"EMILIA-ROMAGNA";"PARMA";"BEDONIA";1;"Indennita' di contingenza";"4937";"0";3013;0;884;1974;102
"EMILIA-ROMAGNA";"PARMA";"BERCETO";1;"Indennita' di contingenza";"3266";"0";2028;0;795;1158;49
"EMILIA-ROMAGNA";"PARMA";"BORE";1;"Indennita' di contingenza";"1192";"0";928;0;304;583;24
"EMILIA-ROMAGNA";"PARMA";"BORGO VAL DI TARO";1;"Indennita' di contingenza";"7492";"0";5259;0;2379;2634;128
"EMILIA-ROMAGNA";"PARMA";"BUSSETO";1;"Indennita' di contingenza";"6016";"0";5544;0;2369;2968;118
"EMILIA-ROMAGNA";"PARMA";"CALESTANO";1;"Indennita' di contingenza";"1632";"0";1407;0;557;807;21
"EMILIA-ROMAGNA";"PARMA";"COLLECCHIO";1;"Indennita' di contingenza";"8932";"0";8216;0;4086;3956;74
"EMILIA-ROMAGNA";"PARMA";"COLORNO";1;"Indennita' di contingenza";"6003";"0";5476;0;2444;2815;86
"EMILIA-ROMAGNA";"PARMA";"COMPIANO";1;"Indennita' di contingenza";"1250";"0";792;0;261;486;21
"EMILIA-ROMAGNA";"PARMA";"CORNIGLIO";1;"Indennita' di contingenza";"2786";"0";2295;0;977;1254;25
"EMILIA-ROMAGNA";"PARMA";"FELINO";1;"Indennita' di contingenza";"4559";"0";4189;0;2183;1916;45
"EMILIA-ROMAGNA";"PARMA";"FIDENZA";1;"Indennita' di contingenza";"19487";"0";17989;0;8686;8788;267
"EMILIA-ROMAGNA";"PARMA";"FONTANELLATO";1;"Indennita' di contingenza";"5094";"0";4665;0;2393;2131;60
"EMILIA-ROMAGNA";"PARMA";"FONTEVIVO";1;"Indennita' di contingenza";"3573";"0";3344;0;1788;1470;40
"EMILIA-ROMAGNA";"PARMA";"FORNOVO DI TARO";1;"Indennita' di contingenza";"5056";"0";4515;0;2352;2041;58
"EMILIA-ROMAGNA";"PARMA";"LANGHIRANO";1;"Indennita' di contingenza";"5898";"0";5390;0;2545;2664;85
"EMILIA-ROMAGNA";"PARMA";"LESIGNANO DE' BAGNI";1;"Indennita' di contingenza";"2136";"0";1937;0;865;995;47
"EMILIA-ROMAGNA";"PARMA";"MEDESANO";1;"Indennita' di contingenza";"6216";"0";5582;0;2599;2812;57
"EMILIA-ROMAGNA";"PARMA";"MEZZANI";1;"Indennita' di contingenza";"2099";"0";1903;0;951;910;21
"EMILIA-ROMAGNA";"PARMA";"MONCHIO DELLE CORTI";1;"Indennita' di contingenza";"1440";"0";1129;0;506;601;10
"EMILIA-ROMAGNA";"PARMA";"MONTECHIARUGOLO";1;"Indennita' di contingenza";"6399";"0";6000;0;2828;3025;63
"EMILIA-ROMAGNA";"PARMA";"NEVIANO DEGLI ARDUINI";1;"Indennita' di contingenza";"3470";"0";2962;0;1190;1661;53
"EMILIA-ROMAGNA";"PARMA";"NOCETO";1;"Indennita' di contingenza";"7841";"0";7144;0;3193;3721;87
"EMILIA-ROMAGNA";"PARMA";"PALANZANO";1;"Indennita' di contingenza";"1470";"0";1205;0;447;725;14
"EMILIA-ROMAGNA";"PARMA";"PARMA";1;"Indennita' di contingenza";"144999";"0";130624;0;58928;68868;1170
"EMILIA-ROMAGNA";"PARMA";"PELLEGRINO PARMENSE";1;"Indennita' di contingenza";"1692";"0";1127;0;378;687;28
"EMILIA-ROMAGNA";"PARMA";"POLESINE PARMENSE";1;"Indennita' di contingenza";"1309";"0";1170;0;517;624;15
"EMILIA-ROMAGNA";"PARMA";"ROCCABIANCA";1;"Indennita' di contingenza";"2855";"0";2553;0;1268;1215;46
"EMILIA-ROMAGNA";"PARMA";"SALA BAGANZA";1;"Indennita' di contingenza";"3167";"0";2876;0;1546;1266;25
"EMILIA-ROMAGNA";"PARMA";"SALSOMAGGIORE TERME";1;"Indennita' di contingenza";"15251";"0";13473;0;6427;6704;146
"EMILIA-ROMAGNA";"PARMA";"SAN SECONDO PARMENSE";1;"Indennita' di contingenza";"3972";"0";3705;0;1694;1899;62
"EMILIA-ROMAGNA";"PARMA";"SISSA";1;"Indennita' di contingenza";"3152";"0";2894;0;1374;1449;36
"EMILIA-ROMAGNA";"PARMA";"SOLIGNANO";1;"Indennita' di contingenza";"1576";"0";1366;0;624;698;21
"EMILIA-ROMAGNA";"PARMA";"SORAGNA";1;"Indennita' di contingenza";"3364";"0";3085;0;1338;1657;56
"EMILIA-ROMAGNA";"PARMA";"SORBOLO";1;"Indennita' di contingenza";"5714";"0";5286;0;2777;2372;63
"EMILIA-ROMAGNA";"PARMA";"TERENZO";1;"Indennita' di contingenza";"1279";"0";1016;0;378;600;17
"EMILIA-ROMAGNA";"PARMA";"TIZZANO VAL PARMA";1;"Indennita' di contingenza";"2254";"0";1942;0;847;1046;25
"EMILIA-ROMAGNA";"PARMA";"TORNOLO";1;"Indennita' di contingenza";"1634";"0";1165;0;315;802;25
"EMILIA-ROMAGNA";"PARMA";"TORRILE";1;"Indennita' di contingenza";"3178";"0";2960;0;1499;1398;26
"EMILIA-ROMAGNA";"PARMA";"TRAVERSETOLO";1;"Indennita' di contingenza";"5281";"0";4776;0;1904;2692;85
"EMILIA-ROMAGNA";"PARMA";"TRECASALI";1;"Indennita' di contingenza";"2170";"0";2013;0;911;1056;22
"EMILIA-ROMAGNA";"PARMA";"VALMOZZOLA";1;"Indennita' di contingenza";"1204";"0";587;0;189;374;17
"EMILIA-ROMAGNA";"PARMA";"VARANO DE' MELEGARI";1;"Indennita' di contingenza";"1769";"0";1543;0;673;798;38
"EMILIA-ROMAGNA";"PARMA";"VARSI";1;"Indennita' di contingenza";"2198";"0";1565;0;539;954;39
"EMILIA-ROMAGNA";"PARMA";"ZIBELLO";1;"Indennita' di contingenza";"1912";"0";1782;0;693;1040;29
"EMILIA-ROMAGNA";"PIACENZA";"AGAZZANO";1;"Indennita' di contingenza";"1687";"0";1534;0;499;943;50
"EMILIA-ROMAGNA";"PIACENZA";"ALSENO";1;"Indennita' di contingenza";"3743";"0";3389;0;1787;1480;74
"EMILIA-ROMAGNA";"PIACENZA";"BESENZONE";1;"Indennita' di contingenza";"958";"0";894;0;341;515;16
"EMILIA-ROMAGNA";"PIACENZA";"BETTOLA";1;"Indennita' di contingenza";"3529";"0";2853;0;997;1693;84
"EMILIA-ROMAGNA";"PIACENZA";"BOBBIO";1;"Indennita' di contingenza";"3633";"0";3196;0;1406;1630;93
"EMILIA-ROMAGNA";"PIACENZA";"BORGONOVO VAL TIDONE";1;"Indennita' di contingenza";"5435";"0";4967;0;2481;2268;121
"EMILIA-ROMAGNA";"PIACENZA";"CADEO";1;"Indennita' di contingenza";"4039";"0";3646;0;1662;1829;81
"EMILIA-ROMAGNA";"PIACENZA";"CALENDASCO";1;"Indennita' di contingenza";"1907";"0";1783;0;875;824;47
"EMILIA-ROMAGNA";"PIACENZA";"CAMINATA";1;"Indennita' di contingenza";"295";"0";274;0;88;176;6
"EMILIA-ROMAGNA";"PIACENZA";"CAORSO";1;"Indennita' di contingenza";"3649";"0";3315;0;1540;1671;61
"EMILIA-ROMAGNA";"PIACENZA";"CARPANETO PIACENTINO";1;"Indennita' di contingenza";"5229";"0";4704;0;1735;2739;124
"EMILIA-ROMAGNA";"PIACENZA";"CASTELL'ARQUATO";1;"Indennita' di contingenza";"3827";"0";3379;0;1424;1838;60
"EMILIA-ROMAGNA";"PIACENZA";"CASTEL SAN GIOVANNI";1;"Indennita' di contingenza";"9837";"0";8906;0;4158;4441;166
"EMILIA-ROMAGNA";"PIACENZA";"CASTELVETRO PIACENTINO";1;"Indennita' di contingenza";"4103";"0";3828;0;1874;1821;75
"EMILIA-ROMAGNA";"PIACENZA";"CERIGNALE";1;"Indennita' di contingenza";"368";"0";311;0;116;173;14
"EMILIA-ROMAGNA";"PIACENZA";"COLI";1;"Indennita' di contingenza";"1216";"0";1053;0;399;606;25
"EMILIA-ROMAGNA";"PIACENZA";"CORTE BRUGNATELLA";1;"Indennita' di contingenza";"890";"0";758;0;327;391;21
"EMILIA-ROMAGNA";"PIACENZA";"CORTEMAGGIORE";1;"Indennita' di contingenza";"3875";"0";3645;0;1416;2044;78
"EMILIA-ROMAGNA";"PIACENZA";"FARINI";1;"Indennita' di contingenza";"2941";"0";1947;0;625;1165;84
"EMILIA-ROMAGNA";"PIACENZA";"FERRIERE";1;"Indennita' di contingenza";"3047";"0";1857;0;628;1119;58
"EMILIA-ROMAGNA";"PIACENZA";"FIORENZUOLA D'ARDA";1;"Indennita' di contingenza";"11483";"0";10664;0;5145;5144;161
"EMILIA-ROMAGNA";"PIACENZA";"GAZZOLA";1;"Indennita' di contingenza";"1193";"0";1104;0;407;643;22
"EMILIA-ROMAGNA";"PIACENZA";"GOSSOLENGO";1;"Indennita' di contingenza";"2079";"0";1955;0;1039;851;34
"EMILIA-ROMAGNA";"PIACENZA";"GRAGNANO TREBBIENSE";1;"Indennita' di contingenza";"2561";"0";2391;0;1174;1106;69
"EMILIA-ROMAGNA";"PIACENZA";"GROPPARELLO";1;"Indennita' di contingenza";"2549";"0";2113;0;702;1271;57
"EMILIA-ROMAGNA";"PIACENZA";"LUGAGNANO VAL D'ARDA";1;"Indennita' di contingenza";"3653";"0";3089;0;1202;1751;67
"EMILIA-ROMAGNA";"PIACENZA";"MONTICELLI D'ONGINA";1;"Indennita' di contingenza";"4861";"0";4467;0;2225;2099;81
"EMILIA-ROMAGNA";"PIACENZA";"MORFASSO";1;"Indennita' di contingenza";"2929";"0";1495;0;404;963;61
"EMILIA-ROMAGNA";"PIACENZA";"NIBBIANO";1;"Indennita' di contingenza";"2223";"0";1999;0;766;1110;64
"EMILIA-ROMAGNA";"PIACENZA";"OTTONE";1;"Indennita' di contingenza";"1018";"0";759;0;212;520;14
"EMILIA-ROMAGNA";"PIACENZA";"PECORARA";1;"Indennita' di contingenza";"1194";"0";991;0;388;560;19
"EMILIA-ROMAGNA";"PIACENZA";"PIACENZA";1;"Indennita' di contingenza";"88507";"0";81902;0;34815;44289;1336
"EMILIA-ROMAGNA";"PIACENZA";"PIANELLO VAL TIDONE";1;"Indennita' di contingenza";"2038";"0";1781;0;629;1059;59
"EMILIA-ROMAGNA";"PIACENZA";"PIOZZANO";1;"Indennita' di contingenza";"715";"0";636;0;184;394;33
"EMILIA-ROMAGNA";"PIACENZA";"PODENZANO";1;"Indennita' di contingenza";"5058";"0";4683;0;2151;2311;109
"EMILIA-ROMAGNA";"PIACENZA";"PONTE DELL'OLIO";1;"Indennita' di contingenza";"4048";"0";3737;0;1369;2203;72
"EMILIA-ROMAGNA";"PIACENZA";"PONTENURE";1;"Indennita' di contingenza";"4285";"0";4002;0;2100;1770;85
"EMILIA-ROMAGNA";"PIACENZA";"RIVERGARO";1;"Indennita' di contingenza";"3639";"0";3326;0;1437;1749;73
"EMILIA-ROMAGNA";"PIACENZA";"ROTTOFRENO";1;"Indennita' di contingenza";"5829";"0";5829;0;2900;2265;101
"EMILIA-ROMAGNA";"PIACENZA";"SAN GIORGIO PIACENTINO";1;"Indennita' di contingenza";"3720";"0";3436;0;1446;1842;80
"EMILIA-ROMAGNA";"PIACENZA";"SAN PIETRO IN CERRO";1;"Indennita' di contingenza";"920";"0";824;0;310;455;27
"EMILIA-ROMAGNA";"PIACENZA";"SARMATO";1;"Indennita' di contingenza";"2115";"0";1895;0;972;855;31
"EMILIA-ROMAGNA";"PIACENZA";"TRAVO";1;"Indennita' di contingenza";"1863";"0";1669;0;660;910;56
"EMILIA-ROMAGNA";"PIACENZA";"VERNASCA";1;"Indennita' di contingenza";"2756";"0";2171;0;769;1279;63
"EMILIA-ROMAGNA";"PIACENZA";"VIGOLZONE";1;"Indennita' di contingenza";"2766";"0";2513;0;917;1479;58
"EMILIA-ROMAGNA";"PIACENZA";"VILLANOVA SULL'ARDA";1;"Indennita' di contingenza";"1755";"0";1609;0;720;836;26
"EMILIA-ROMAGNA";"PIACENZA";"ZERBA";1;"Indennita' di contingenza";"188";"0";132;0;20;107;2
"EMILIA-ROMAGNA";"PIACENZA";"ZIANO PIACENTINO";1;"Indennita' di contingenza";"2504";"0";2181;0;978;1113;59
"EMILIA-ROMAGNA";"RAVENNA";"ALFONSINE";1;"Indennita' di contingenza";"10205";"0";9705;0;7016;2478;115
"EMILIA-ROMAGNA";"RAVENNA";"BAGNACAVALLO";1;"Indennita' di contingenza";"14286";"0";13255;0;6996;5886;192
"EMILIA-ROMAGNA";"RAVENNA";"BAGNARA DI ROMAGNA";1;"Indennita' di contingenza";"1459";"0";1368;0;806;528;26
"EMILIA-ROMAGNA";"RAVENNA";"BRISIGHELLA";1;"Indennita' di contingenza";"6825";"0";6212;0;2698;3268;131
"EMILIA-ROMAGNA";"RAVENNA";"CASOLA VALSENIO";1;"Indennita' di contingenza";"2466";"0";2278;0;1104;1113;41
"EMILIA-ROMAGNA";"RAVENNA";"CASTEL BOLOGNESE";1;"Indennita' di contingenza";"6257";"0";5818;0;3060;2548;100
"EMILIA-ROMAGNA";"RAVENNA";"CERVIA";1;"Indennita' di contingenza";"19812";"0";18036;0;9878;7756;184
"EMILIA-ROMAGNA";"RAVENNA";"CONSELICE";1;"Indennita' di contingenza";"7773";"0";7428;0;5398;1893;81
"EMILIA-ROMAGNA";"RAVENNA";"COTIGNOLA";1;"Indennita' di contingenza";"5794";"0";5322;0;2472;2666;106
"EMILIA-ROMAGNA";"RAVENNA";"FAENZA";1;"Indennita' di contingenza";"44689";"0";40730;0;18031;21385;635
"EMILIA-ROMAGNA";"RAVENNA";"FUSIGNANO";1;"Indennita' di contingenza";"6351";"0";6053;0;3895;1993;87
"EMILIA-ROMAGNA";"RAVENNA";"LUGO";1;"Indennita' di contingenza";"28021";"0";25984;0;14098;11167;384
"EMILIA-ROMAGNA";"RAVENNA";"MASSA LOMBARDA";1;"Indennita' di contingenza";"7447";"0";7035;0;4959;1928;79
"EMILIA-ROMAGNA";"RAVENNA";"RAVENNA";1;"Indennita' di contingenza";"111508";"0";102723;0;53082;47493;1019
"EMILIA-ROMAGNA";"RAVENNA";"RIOLO TERME";1;"Indennita' di contingenza";"3920";"0";3679;0;2026;1564;56
"EMILIA-ROMAGNA";"RAVENNA";"RUSSI";1;"Indennita' di contingenza";"9197";"0";8642;0;3713;4668;135
"EMILIA-ROMAGNA";"RAVENNA";"SANT'AGATA SUL SANTERNO";1;"Indennita' di contingenza";"1754";"0";1639;0;829;768;23
"EMILIA-ROMAGNA";"RAVENNA";"SOLAROLO";1;"Indennita' di contingenza";"3228";"0";3044;0;1524;1427;54
"EMILIA-ROMAGNA";"REGGIO EMILIA";"ALBINEA";1;"Indennita' di contingenza";"4931";"0";4666;0;2560;2017;66
"EMILIA-ROMAGNA";"REGGIO EMILIA";"BAGNOLO IN PIANO";1;"Indennita' di contingenza";"5789";"0";5420;0;3780;1561;53
"EMILIA-ROMAGNA";"REGGIO EMILIA";"BAISO";1;"Indennita' di contingenza";"2691";"0";2407;0;1169;1175;37
"EMILIA-ROMAGNA";"REGGIO EMILIA";"BIBBIANO";1;"Indennita' di contingenza";"5603";"0";5199;0;3259;1828;74
"EMILIA-ROMAGNA";"REGGIO EMILIA";"BORETTO";1;"Indennita' di contingenza";"3531";"0";3225;0;1476;1639;49
"EMILIA-ROMAGNA";"REGGIO EMILIA";"BRESCELLO";1;"Indennita' di contingenza";"3659";"0";3315;0;1754;1498;39
"EMILIA-ROMAGNA";"REGGIO EMILIA";"BUSANA";1;"Indennita' di contingenza";"1259";"0";1103;0;437;652;10
"EMILIA-ROMAGNA";"REGGIO EMILIA";"CADELBOSCO DI SOPRA";1;"Indennita' di contingenza";"5499";"0";5158;0;3473;1598;55
"EMILIA-ROMAGNA";"REGGIO EMILIA";"CAMPAGNOLA EMILIA";1;"Indennita' di contingenza";"3452";"0";3229;0;1814;1349;52
"EMILIA-ROMAGNA";"REGGIO EMILIA";"CAMPEGINE";1;"Indennita' di contingenza";"3268";"0";3063;0;2161;827;48
"EMILIA-ROMAGNA";"REGGIO EMILIA";"CARPINETI";1;"Indennita' di contingenza";"3397";"0";3173;0;1559;1539;38
"EMILIA-ROMAGNA";"REGGIO EMILIA";"CASALGRANDE";1;"Indennita' di contingenza";"10120";"0";9292;0;5641;3484;95
"EMILIA-ROMAGNA";"REGGIO EMILIA";"CASINA";1;"Indennita' di contingenza";"3337";"0";2963;0;1366;1524;40
"EMILIA-ROMAGNA";"REGGIO EMILIA";"CASTELLARANO";1;"Indennita' di contingenza";"5989";"0";5398;0;2726;2541;75
"EMILIA-ROMAGNA";"REGGIO EMILIA";"CASTELNOVO DI SOTTO";1;"Indennita' di contingenza";"5762";"0";5394;0;3351;1931;65
"EMILIA-ROMAGNA";"REGGIO EMILIA";"CASTELNOVO NE' MONTI";1;"Indennita' di contingenza";"7749";"0";7158;0;3312;3647;112
"EMILIA-ROMAGNA";"REGGIO EMILIA";"CAVRIAGO";1;"Indennita' di contingenza";"6565";"0";6016;0;4038;1858;85
"EMILIA-ROMAGNA";"REGGIO EMILIA";"CIANO D'ENZA";1;"Indennita' di contingenza";"2745";"0";2423;0;1064;1314;25
"EMILIA-ROMAGNA";"REGGIO EMILIA";"COLLAGNA";1;"Indennita' di contingenza";"1036";"0";897;0;357;509;17
"EMILIA-ROMAGNA";"REGGIO EMILIA";"CORREGGIO";1;"Indennita' di contingenza";"16003";"0";14880;0;9080;5561;168
"EMILIA-ROMAGNA";"REGGIO EMILIA";"FABBRICO";1;"Indennita' di contingenza";"4411";"0";4178;0;2823;1299;45
"EMILIA-ROMAGNA";"REGGIO EMILIA";"GATTATICO";1;"Indennita' di contingenza";"3714";"0";3457;0;2020;1355;43
"EMILIA-ROMAGNA";"REGGIO EMILIA";"GUALTIERI";1;"Indennita' di contingenza";"4999";"0";4591;0;2328;2149;61
"EMILIA-ROMAGNA";"REGGIO EMILIA";"GUASTALLA";1;"Indennita' di contingenza";"10990";"0";10325;0;4654;5420;128
"EMILIA-ROMAGNA";"REGGIO EMILIA";"LIGONCHIO";1;"Indennita' di contingenza";"1223";"0";1057;0;535;497;12
"EMILIA-ROMAGNA";"REGGIO EMILIA";"LUZZARA";1;"Indennita' di contingenza";"6462";"0";6033;0;3124;2754;94
"EMILIA-ROMAGNA";"REGGIO EMILIA";"MONTECCHIO EMILIA";1;"Indennita' di contingenza";"6000";"0";5589;0;3082;2371;91
"EMILIA-ROMAGNA";"REGGIO EMILIA";"NOVELLARA";1;"Indennita' di contingenza";"8978";"0";8211;0;4938;3108;97
"EMILIA-ROMAGNA";"REGGIO EMILIA";"POVIGLIO";1;"Indennita' di contingenza";"5124";"0";4773;0;2730;1902;86
"EMILIA-ROMAGNA";"REGGIO EMILIA";"QUATTRO CASTELLA";1;"Indennita' di contingenza";"6890";"0";6452;0;3873;2459;65
"EMILIA-ROMAGNA";"REGGIO EMILIA";"RAMISETO";1;"Indennita' di contingenza";"1481";"0";1232;0;637;564;17
"EMILIA-ROMAGNA";"REGGIO EMILIA";"REGGIOLO";1;"Indennita' di contingenza";"5977";"0";5526;0;3202;2220;67
"EMILIA-ROMAGNA";"REGGIO EMILIA";"REGGIO NELL'EMILIA";1;"Indennita' di contingenza";"106998";"0";96727;0;52262;42622;1028
"EMILIA-ROMAGNA";"REGGIO EMILIA";"RIO SALICETO";1;"Indennita' di contingenza";"3268";"0";3089;0;2053;994;23
"EMILIA-ROMAGNA";"REGGIO EMILIA";"ROLO";1;"Indennita' di contingenza";"2755";"0";2547;0;1271;1234;22
"EMILIA-ROMAGNA";"REGGIO EMILIA";"RUBIERA";1;"Indennita' di contingenza";"7750";"0";7212;0;4233;2854;80
"EMILIA-ROMAGNA";"REGGIO EMILIA";"SAN MARTINO IN RIO";1;"Indennita' di contingenza";"4195";"0";3904;0;2139;1707;40
"EMILIA-ROMAGNA";"REGGIO EMILIA";"SAN POLO D'ENZA";1;"Indennita' di contingenza";"3810";"0";3418;0;1949;1379;54
"EMILIA-ROMAGNA";"REGGIO EMILIA";"SANT'ILARIO D'ENZA";1;"Indennita' di contingenza";"7360";"0";6874;0;4163;2573;81
"EMILIA-ROMAGNA";"REGGIO EMILIA";"SCANDIANO";1;"Indennita' di contingenza";"16901";"0";15515;0;9144;6079;179
"EMILIA-ROMAGNA";"REGGIO EMILIA";"TOANO";1;"Indennita' di contingenza";"3202";"0";2729;0;1108;1541;37
"EMILIA-ROMAGNA";"REGGIO EMILIA";"VETTO";1;"Indennita' di contingenza";"1879";"0";1635;0;690;913;24
"EMILIA-ROMAGNA";"REGGIO EMILIA";"VEZZANO SUL CROSTOLO";1;"Indennita' di contingenza";"2765";"0";2575;0;1433;1078;39
"EMILIA-ROMAGNA";"REGGIO EMILIA";"VIANO";1;"Indennita' di contingenza";"2047";"0";1853;0;812;999;20
"EMILIA-ROMAGNA";"REGGIO EMILIA";"VILLA MINOZZO";1;"Indennita' di contingenza";"3982";"0";3308;0;1353;1844;58
"TOSCANA";"AREZZO";"ANGHIARI";1;"Indennita' di contingenza";"4888";"0";4286;0;2477;1706;53
"TOSCANA";"AREZZO";"AREZZO";1;"Indennita' di contingenza";"73970";"0";63769;0;29770;32518;719
"TOSCANA";"AREZZO";"BADIA TEDALDA";1;"Indennita' di contingenza";"1257";"0";1075;0;464;574;24
"TOSCANA";"AREZZO";"BIBBIENA";1;"Indennita' di contingenza";"8702";"0";7824;0;4092;3569;81
"TOSCANA";"AREZZO";"BUCINE";1;"Indennita' di contingenza";"6794";"0";6312;0;4036;2107;89
"TOSCANA";"AREZZO";"CAPOLONA";1;"Indennita' di contingenza";"3205";"0";2795;0;1595;1123;42
"TOSCANA";"AREZZO";"CAPRESE MICHELANGELO";1;"Indennita' di contingenza";"1503";"0";1303;0;711;554;29
"TOSCANA";"AREZZO";"CASTEL FOCOGNANO";1;"Indennita' di contingenza";"2722";"0";2389;0;1253;1087;18
"TOSCANA";"AREZZO";"CASTELFRANCO DI SOPRA";1;"Indennita' di contingenza";"1933";"0";1762;0;853;874;29
"TOSCANA";"AREZZO";"CASTEL SAN NICCOLO'";1;"Indennita' di contingenza";"2423";"0";2092;0;993;1039;38
"TOSCANA";"AREZZO";"CASTIGLION FIBOCCHI";1;"Indennita' di contingenza";"1230";"0";1123;0;543;528;35
"TOSCANA";"AREZZO";"CASTIGLION FIORENTINO";1;"Indennita' di contingenza";"9121";"0";8070;0;3616;4158;160
"TOSCANA";"AREZZO";"CAVRIGLIA";1;"Indennita' di contingenza";"5091";"0";4744;0;3104;1550;59
"TOSCANA";"AREZZO";"CHITIGNANO";1;"Indennita' di contingenza";"687";"0";597;0;279;310;6
"TOSCANA";"AREZZO";"CHIUSI DELLA VERNA";1;"Indennita' di contingenza";"1873";"0";1664;0;821;825;10
"TOSCANA";"AREZZO";"CIVITELLA IN VAL DI CHIANA";1;"Indennita' di contingenza";"5789";"0";5211;0;2767;2292;88
"TOSCANA";"AREZZO";"CORTONA";1;"Indennita' di contingenza";"18450";"0";16236;0;8797;6956;269
"TOSCANA";"AREZZO";"FOIANO DELLA CHIANA";1;"Indennita' di contingenza";"6166";"0";5607;0;3257;2200;70
"TOSCANA";"AREZZO";"LATERINA";1;"Indennita' di contingenza";"2621";"0";2305;0;1180;1065;40
"TOSCANA";"AREZZO";"LORO CIUFFENNA";1;"Indennita' di contingenza";"3380";"0";3057;0;1415;1561;56
"TOSCANA";"AREZZO";"LUCIGNANO";1;"Indennita' di contingenza";"2686";"0";2372;0;1248;999;65
"TOSCANA";"AREZZO";"MARCIANO DELLA CHIANA";1;"Indennita' di contingenza";"1741";"0";1513;0;800;659;29
"TOSCANA";"AREZZO";"MONTEMIGNAIO";1;"Indennita' di contingenza";"462";"0";395;0;235;151;3
"TOSCANA";"AREZZO";"MONTERCHI";1;"Indennita' di contingenza";"1605";"0";1407;0;740;642;13
"TOSCANA";"AREZZO";"MONTE SAN SAVINO";1;"Indennita' di contingenza";"6269";"0";5617;0;2805;2659;79
"TOSCANA";"AREZZO";"MONTEVARCHI";1;"Indennita' di contingenza";"18031";"0";16334;0;8772;7163;220
"TOSCANA";"AREZZO";"ORTIGNANO RAGGIOLO";1;"Indennita' di contingenza";"713";"0";615;0;328;274;9
"TOSCANA";"AREZZO";"PERGINE VALDARNO";1;"Indennita' di contingenza";"2386";"0";2216;0;1251;902;31
"TOSCANA";"AREZZO";"PIAN DI SCO'";1;"Indennita' di contingenza";"3372";"0";3111;0;1595;1423;48
"TOSCANA";"AREZZO";"PIEVE SANTO STEFANO";1;"Indennita' di contingenza";"2931";"0";2518;0;1168;1288;36
"TOSCANA";"AREZZO";"POPPI";1;"Indennita' di contingenza";"4524";"0";3964;0;1755;2122;53
"TOSCANA";"AREZZO";"PRATOVECCHIO";1;"Indennita' di contingenza";"2472";"0";2147;0;821;1264;33
"TOSCANA";"AREZZO";"SAN GIOVANNI VALDARNO";1;"Indennita' di contingenza";"15460";"0";14296;0;8135;5869;188
"TOSCANA";"AREZZO";"SANSEPOLCRO";1;"Indennita' di contingenza";"13140";"0";11894;0;6284;5372;115
"TOSCANA";"AREZZO";"SESTINO";1;"Indennita' di contingenza";"1448";"0";1178;0;423;722;18
"TOSCANA";"AREZZO";"STIA";1;"Indennita' di contingenza";"2520";"0";2296;0;1243;1001;29
"TOSCANA";"AREZZO";"SUBBIANO";1;"Indennita' di contingenza";"3303";"0";2963;0;1599;1272;41
"TOSCANA";"AREZZO";"TALLA";1;"Indennita' di contingenza";"1069";"0";872;0;348;476;27
"TOSCANA";"AREZZO";"TERRANUOVA BRACCIOLINI";1;"Indennita' di contingenza";"8018";"0";7239;0;3877;3211;74
"TOSCANA";"FIRENZE";"BAGNO A RIPOLI";1;"Indennita' di contingenza";"21674";"0";19446;0;11563;7441;245
"TOSCANA";"FIRENZE";"BARBERINO DI MUGELLO";1;"Indennita' di contingenza";"6549";"0";6006;0;4091;1833;38
"TOSCANA";"FIRENZE";"BARBERINO VAL D'ELSA";1;"Indennita' di contingenza";"2657";"0";2381;0;1257;1058;46
"TOSCANA";"FIRENZE";"BORGO SAN LORENZO";1;"Indennita' di contingenza";"11873";"0";11071;0;6464;4400;121
"TOSCANA";"FIRENZE";"CALENZANO";1;"Indennita' di contingenza";"11374";"0";10283;0;6718;3353;118
"TOSCANA";"FIRENZE";"CAMPI BISENZIO";1;"Indennita' di contingenza";"25848";"0";22735;0;13276;8906;258
"TOSCANA";"FIRENZE";"CANTAGALLO";1;"Indennita' di contingenza";"2202";"0";1956;0;1132;766;37
"TOSCANA";"FIRENZE";"CAPRAIA E LIMITE";1;"Indennita' di contingenza";"3806";"0";3536;0;2125;1318;67
"TOSCANA";"FIRENZE";"CARMIGNANO";1;"Indennita' di contingenza";"6609";"0";5762;0;3032;2576;84
"TOSCANA";"FIRENZE";"CASTELFIORENTINO";1;"Indennita' di contingenza";"14023";"0";13090;0;9743;3099;131
"TOSCANA";"FIRENZE";"CERRETO GUIDI";1;"Indennita' di contingenza";"6982";"0";6437;0;4610;1711;73
"TOSCANA";"FIRENZE";"CERTALDO";1;"Indennita' di contingenza";"12870";"0";12011;0;8466;3270;168
"TOSCANA";"FIRENZE";"DICOMANO";1;"Indennita' di contingenza";"3462";"0";3187;0;2076;1061;33
"TOSCANA";"FIRENZE";"EMPOLI";1;"Indennita' di contingenza";"35870";"0";32902;0;22175;10067;410
"TOSCANA";"FIRENZE";"FIESOLE";1;"Indennita' di contingenza";"12011";"0";10639;0;6018;4413;202
"TOSCANA";"FIRENZE";"FIGLINE VALDARNO";1;"Indennita' di contingenza";"12425";"0";11665;0;6417;4970;185
"TOSCANA";"FIRENZE";"FIRENZE";1;"Indennita' di contingenza";"360704";"0";302601;0;147580;148476;2929
"TOSCANA";"FIRENZE";"FIRENZUOLA";1;"Indennita' di contingenza";"4254";"0";3692;0;1680;1899;48
"TOSCANA";"FIRENZE";"FUCECCHIO";1;"Indennita' di contingenza";"16226";"0";14475;0;8703;5473;175
"TOSCANA";"FIRENZE";"GAMBASSI TERME";1;"Indennita' di contingenza";"3219";"0";2974;0;1942;957;52
"TOSCANA";"FIRENZE";"GREVE IN CHIANTI";1;"Indennita' di contingenza";"8717";"0";7791;0;4219;3380;114
"TOSCANA";"FIRENZE";"IMPRUNETA";1;"Indennita' di contingenza";"11951";"0";10731;0;6819;3686;133
"TOSCANA";"FIRENZE";"INCISA IN VAL D'ARNO";1;"Indennita' di contingenza";"3774";"0";3531;0;2344;1119;41
"TOSCANA";"FIRENZE";"LASTRA A SIGNA";1;"Indennita' di contingenza";"13464";"0";12069;0;7102;4638;202
"TOSCANA";"FIRENZE";"LONDA";1;"Indennita' di contingenza";"924";"0";807;0;373;414;9
"TOSCANA";"FIRENZE";"MARRADI";1;"Indennita' di contingenza";"3352";"0";2958;0;1345;1533;35
"TOSCANA";"FIRENZE";"MONTAIONE";1;"Indennita' di contingenza";"2856";"0";2602;0;1724;811;51
"TOSCANA";"FIRENZE";"MONTELUPO FIORENTINO";1;"Indennita' di contingenza";"8005";"0";7386;0;4302;2894;121
"TOSCANA";"FIRENZE";"MONTEMURLO";1;"Indennita' di contingenza";"12247";"0";10608;0;6541;3792;132
"TOSCANA";"FIRENZE";"MONTESPERTOLI";1;"Indennita' di contingenza";"6934";"0";6278;0;3647;2446;101
"TOSCANA";"FIRENZE";"PALAZZUOLO SUL SENIO";1;"Indennita' di contingenza";"1107";"0";994;0;443;526;14
"TOSCANA";"FIRENZE";"PELAGO";1;"Indennita' di contingenza";"5671";"0";5305;0;3210;1999;59
"TOSCANA";"FIRENZE";"POGGIO A CAIANO";1;"Indennita' di contingenza";"5338";"0";4697;0;2240;2293;76
"TOSCANA";"FIRENZE";"PONTASSIEVE";1;"Indennita' di contingenza";"16028";"0";14785;0;9456;5035;180
"TOSCANA";"FIRENZE";"PRATO";1;"Indennita' di contingenza";"127540";"0";111702;0;61565;47582;1275
"TOSCANA";"FIRENZE";"REGGELLO";1;"Indennita' di contingenza";"9506";"0";8632;0;4753;3680;107
"TOSCANA";"FIRENZE";"RIGNANO SULL'ARNO";1;"Indennita' di contingenza";"4505";"0";4164;0;2344;1732;54
"TOSCANA";"FIRENZE";"RUFINA";1;"Indennita' di contingenza";"4556";"0";4231;0;2618;1519;58
"TOSCANA";"FIRENZE";"SAN CASCIANO IN VAL DI PESA";1;"Indennita' di contingenza";"12434";"0";11296;0;6542;4545;110
"TOSCANA";"FIRENZE";"SAN GODENZO";1;"Indennita' di contingenza";"960";"0";836;0;348;465;11
"TOSCANA";"FIRENZE";"SAN PIERO A SIEVE";1;"Indennita' di contingenza";"2717";"0";2499;0;1548;897;24
"TOSCANA";"FIRENZE";"SCANDICCI";1;"Indennita' di contingenza";"43086";"0";37436;0;22546;14138;376
"TOSCANA";"FIRENZE";"SCARPERIA";1;"Indennita' di contingenza";"4349";"0";3938;0;2101;1738;47
"TOSCANA";"FIRENZE";"SESTO FIORENTINO";1;"Indennita' di contingenza";"36025";"0";32396;0;20319;11413;325
"TOSCANA";"FIRENZE";"SIGNA";1;"Indennita' di contingenza";"11158";"0";9779;0;5380;4132;133
"TOSCANA";"FIRENZE";"TAVARNELLE VAL DI PESA";1;"Indennita' di contingenza";"5171";"0";4687;0;2758;1806;86
"TOSCANA";"FIRENZE";"VAGLIA";1;"Indennita' di contingenza";"2926";"0";2677;0;1491;1130;30
"TOSCANA";"FIRENZE";"VAIANO";1;"Indennita' di contingenza";"6556";"0";5947;0;3611;2207;56
"TOSCANA";"FIRENZE";"VERNIO";1;"Indennita' di contingenza";"4699";"0";4249;0;2731;1425;42
"TOSCANA";"FIRENZE";"VICCHIO";1;"Indennita' di contingenza";"4868";"0";4451;0;2792;1570;39
"TOSCANA";"FIRENZE";"VINCI";1;"Indennita' di contingenza";"10833";"0";9948;0;6796;2905;159
"TOSCANA";"GROSSETO";"ARCIDOSSO";1;"Indennita' di contingenza";"3766";"0";3227;0;1754;1389;38
"TOSCANA";"GROSSETO";"CAMPAGNATICO";1;"Indennita' di contingenza";"2145";"0";1940;0;935;968;19
"TOSCANA";"GROSSETO";"CAPALBIO";1;"Indennita' di contingenza";"3227";"0";2740;0;1377;1264;43
"TOSCANA";"GROSSETO";"CASTEL DEL PIANO";1;"Indennita' di contingenza";"3721";"0";3359;0;1539;1738;45
"TOSCANA";"GROSSETO";"CASTELL'AZZARA";1;"Indennita' di contingenza";"2103";"0";1825;0;900;871;19
"TOSCANA";"GROSSETO";"CASTIGLIONE DELLA PESCAIA";1;"Indennita' di contingenza";"6460";"0";5663;0;2677;2879;38
"TOSCANA";"GROSSETO";"CINIGIANO";1;"Indennita' di contingenza";"2756";"0";2441;0;1122;1239;44
"TOSCANA";"GROSSETO";"CIVITELLA PAGANICO";1;"Indennita' di contingenza";"2721";"0";2451;0;1108;1285;30
"TOSCANA";"GROSSETO";"FOLLONICA";1;"Indennita' di contingenza";"17228";"0";15228;0;8593;6378;117
"TOSCANA";"GROSSETO";"GAVORRANO";1;"Indennita' di contingenza";"6622";"0";6037;0;4065;1891;50
"TOSCANA";"GROSSETO";"GROSSETO";1;"Indennita' di contingenza";"56205";"0";49357;0;23728;24670;409
"TOSCANA";"GROSSETO";"ISOLA DEL GIGLIO";1;"Indennita' di contingenza";"1338";"0";1014;0;289;679;31
"TOSCANA";"GROSSETO";"MAGLIANO IN TOSCANA";1;"Indennita' di contingenza";"3367";"0";2964;0;1489;1368;44
"TOSCANA";"GROSSETO";"MANCIANO";1;"Indennita' di contingenza";"6209";"0";5630;0;2953;2525;70
"TOSCANA";"GROSSETO";"MASSA MARITTIMA";1;"Indennita' di contingenza";"8367";"0";7562;0;4473;2939;83
"TOSCANA";"GROSSETO";"MONTE ARGENTARIO";1;"Indennita' di contingenza";"10568";"0";7807;0;2924;4664;87
"TOSCANA";"GROSSETO";"MONTEROTONDO MARITTIMO";1;"Indennita' di contingenza";"1235";"0";1121;0;791;314;7
"TOSCANA";"GROSSETO";"MONTIERI";1;"Indennita' di contingenza";"1543";"0";1399;0;950;422;20
"TOSCANA";"GROSSETO";"ORBETELLO";1;"Indennita' di contingenza";"12368";"0";10429;0;4925;5221;115
"TOSCANA";"GROSSETO";"PITIGLIANO";1;"Indennita' di contingenza";"3587";"0";3097;0;1375;1631;37
"TOSCANA";"GROSSETO";"ROCCALBEGNA";1;"Indennita' di contingenza";"1399";"0";1229;0;542;639;28
"TOSCANA";"GROSSETO";"ROCCASTRADA";1;"Indennita' di contingenza";"8264";"0";7397;0;4590;2681;71
"TOSCANA";"GROSSETO";"SANTA FIORA";1;"Indennita' di contingenza";"2782";"0";2411;0;1311;1039;22
"TOSCANA";"GROSSETO";"SCANSANO";1;"Indennita' di contingenza";"4100";"0";3620;0;1667;1831;65
"TOSCANA";"GROSSETO";"SCARLINO";1;"Indennita' di contingenza";"2151";"0";1972;0;1328;622;9
"TOSCANA";"GROSSETO";"SEGGIANO";1;"Indennita' di contingenza";"1029";"0";893;0;376;501;9
"TOSCANA";"GROSSETO";"SEMPRONIANO";1;"Indennita' di contingenza";"1462";"0";1314;0;543;709;20
"TOSCANA";"GROSSETO";"SORANO";1;"Indennita' di contingenza";"3831";"0";3475;0;1509;1881;39
"TOSCANA";"LIVORNO";"BIBBONA";1;"Indennita' di contingenza";"2121";"0";1940;0;1256;640;19
"TOSCANA";"LIVORNO";"CAMPIGLIA MARITTIMA";1;"Indennita' di contingenza";"10029";"0";9187;0;5964;3047;80
"TOSCANA";"LIVORNO";"CAMPO NELL'ELBA";1;"Indennita' di contingenza";"3441";"0";2638;0;905;1656;44
"TOSCANA";"LIVORNO";"CAPOLIVERI";1;"Indennita' di contingenza";"1871";"0";1498;0;669;767;40
"TOSCANA";"LIVORNO";"CAPRAIA ISOLA";1;"Indennita' di contingenza";"296";"0";249;0;102;141;3
"TOSCANA";"LIVORNO";"CASTAGNETO CARDUCCI";1;"Indennita' di contingenza";"6728";"0";6006;0;3625;2250;70
"TOSCANA";"LIVORNO";"CECINA";1;"Indennita' di contingenza";"19764";"0";17527;0;10260;6864;175
"TOSCANA";"LIVORNO";"COLLESALVETTI";1;"Indennita' di contingenza";"11195";"0";10228;0;6308;3677;143
"TOSCANA";"LIVORNO";"LIVORNO";1;"Indennita' di contingenza";"140552";"0";120793;0;73178;45519;1105
"TOSCANA";"LIVORNO";"MARCIANA";1;"Indennita' di contingenza";"1856";"0";1398;0;521;787;38
"TOSCANA";"LIVORNO";"MARCIANA MARINA";1;"Indennita' di contingenza";"1555";"0";1151;0;509;590;34
"TOSCANA";"LIVORNO";"PIOMBINO";1;"Indennita' di contingenza";"31927";"0";28581;0;18519;9663;230
"TOSCANA";"LIVORNO";"PORTO AZZURRO";1;"Indennita' di contingenza";"2168";"0";1810;0;732;993;47
"TOSCANA";"LIVORNO";"PORTOFERRAIO";1;"Indennita' di contingenza";"9154";"0";7365;0;3217;3915;101
"TOSCANA";"LIVORNO";"RIO MARINA";1;"Indennita' di contingenza";"2020";"0";1672;0;840;762;53
"TOSCANA";"LIVORNO";"RIO NELL'ELBA";1;"Indennita' di contingenza";"756";"0";608;0;292;305;9
"TOSCANA";"LIVORNO";"ROSIGNANO MARITTIMO";1;"Indennita' di contingenza";"24400";"0";21627;0;13270;7973;204
"TOSCANA";"LIVORNO";"SAN VINCENZO";1;"Indennita' di contingenza";"5959";"0";5290;0;3178;2019;46
"TOSCANA";"LIVORNO";"SASSETTA";1;"Indennita' di contingenza";"465";"0";424;0;241;177;3
"TOSCANA";"LIVORNO";"SUVERETO";1;"Indennita' di contingenza";"2468";"0";2297;0;1571;681;28
"TOSCANA";"LUCCA";"ALTOPASCIO";1;"Indennita' di contingenza";"7772";"0";6715;0;3387;3126;92
"TOSCANA";"LUCCA";"BAGNI DI LUCCA";1;"Indennita' di contingenza";"7270";"0";4957;0;1734;3080;67
"TOSCANA";"LUCCA";"BARGA";1;"Indennita' di contingenza";"9079";"0";7129;0;3231;3687;91
"TOSCANA";"LUCCA";"BORGO A MOZZANO";1;"Indennita' di contingenza";"6441";"0";5190;0;1952;3023;84
"TOSCANA";"LUCCA";"CAMAIORE";1;"Indennita' di contingenza";"24692";"0";21532;0;8075;12654;293
"TOSCANA";"LUCCA";"CAMPORGIANO";1;"Indennita' di contingenza";"2229";"0";1771;0;749;968;25
"TOSCANA";"LUCCA";"CAPANNORI";1;"Indennita' di contingenza";"35418";"0";29353;0;11696;16716;379
"TOSCANA";"LUCCA";"CAREGGINE";1;"Indennita' di contingenza";"787";"0";554;0;175;346;9
"TOSCANA";"LUCCA";"CASTELNUOVO DI GARFAGNANA";1;"Indennita' di contingenza";"5216";"0";4328;0;1600;2617;53
"TOSCANA";"LUCCA";"CASTIGLIONE DI GARFAGNANA";1;"Indennita' di contingenza";"1820";"0";1444;0;582;827;18
"TOSCANA";"LUCCA";"COREGLIA ANTELMINELLI";1;"Indennita' di contingenza";"4314";"0";3342;0;1375;1846;51
"TOSCANA";"LUCCA";"FABBRICHE DI VALLICO";1;"Indennita' di contingenza";"603";"0";431;0;163;248;9
"TOSCANA";"LUCCA";"FORTE DEI MARMI";1;"Indennita' di contingenza";"8367";"0";7102;0;2734;4107;71
"TOSCANA";"LUCCA";"FOSCIANDORA";1;"Indennita' di contingenza";"619";"0";505;0;174;313;9
"TOSCANA";"LUCCA";"GALLICANO";1;"Indennita' di contingenza";"3523";"0";2780;0;1306;1409;37
"TOSCANA";"LUCCA";"GIUNCUGNANO";1;"Indennita' di contingenza";"553";"0";392;0;152;230;2
"TOSCANA";"LUCCA";"LUCCA";1;"Indennita' di contingenza";"73138";"0";60995;0;22862;36400;664
"TOSCANA";"LUCCA";"MASSAROSA";1;"Indennita' di contingenza";"14268";"0";12587;0;5269;6916;132
"TOSCANA";"LUCCA";"MINUCCIANO";1;"Indennita' di contingenza";"2372";"0";1924;0;814;1053;25
"TOSCANA";"LUCCA";"MOLAZZANA";1;"Indennita' di contingenza";"1193";"0";996;0;463;513;7
"TOSCANA";"LUCCA";"MONTECARLO";1;"Indennita' di contingenza";"3015";"0";2628;0;1448;1077;59
"TOSCANA";"LUCCA";"PESCAGLIA";1;"Indennita' di contingenza";"3259";"0";2520;0;970;1417;54
"TOSCANA";"LUCCA";"PIAZZA AL SERCHIO";1;"Indennita' di contingenza";"2245";"0";1774;0;811;918;21
"TOSCANA";"LUCCA";"PIETRASANTA";1;"Indennita' di contingenza";"20483";"0";17964;0;8449;8742;250
"TOSCANA";"LUCCA";"PIEVE FOSCIANA";1;"Indennita' di contingenza";"2113";"0";1748;0;781;895;38
"TOSCANA";"LUCCA";"PORCARI";1;"Indennita' di contingenza";"5354";"0";4722;0;2137;2430;63
"TOSCANA";"LUCCA";"SAN ROMANO IN GARFAGNANA";1;"Indennita' di contingenza";"1218";"0";1010;0;476;504;14
"TOSCANA";"LUCCA";"SERAVEZZA";1;"Indennita' di contingenza";"10631";"0";9207;0;4443;4381;119
"TOSCANA";"LUCCA";"SILLANO";1;"Indennita' di contingenza";"708";"0";561;0;200;336;10
"TOSCANA";"LUCCA";"STAZZEMA";1;"Indennita' di contingenza";"3374";"0";2841;0;1411;1288;45
"TOSCANA";"LUCCA";"VAGLI SOTTO";1;"Indennita' di contingenza";"1201";"0";942;0;389;523;10
"TOSCANA";"LUCCA";"VERGEMOLI";1;"Indennita' di contingenza";"460";"0";340;0;139;193;4
"TOSCANA";"LUCCA";"VIAREGGIO";1;"Indennita' di contingenza";"48161";"0";39608;0;17821;20838;394
"TOSCANA";"LUCCA";"VILLA BASILICA";1;"Indennita' di contingenza";"1777";"0";1476;0;594;827;32
"TOSCANA";"LUCCA";"VILLA COLLEMANDINA";1;"Indennita' di contingenza";"1163";"0";888;0;302;547;22
"TOSCANA";"MASSA-CARRARA";"AULLA";1;"Indennita' di contingenza";"8354";"0";7211;0;3483;3538;76
"TOSCANA";"MASSA-CARRARA";"BAGNONE";1;"Indennita' di contingenza";"2342";"0";1745;0;587;1100;38
"TOSCANA";"MASSA-CARRARA";"CARRARA";1;"Indennita' di contingenza";"55316";"0";46272;0;23622;21647;379
"TOSCANA";"MASSA-CARRARA";"CASOLA IN LUNIGIANA";1;"Indennita' di contingenza";"1352";"0";1065;0;466;574;13
"TOSCANA";"MASSA-CARRARA";"COMANO";1;"Indennita' di contingenza";"802";"0";638;0;218;407;7
"TOSCANA";"MASSA-CARRARA";"FILATTIERA";1;"Indennita' di contingenza";"2441";"0";1889;0;946;862;47
"TOSCANA";"MASSA-CARRARA";"FIVIZZANO";1;"Indennita' di contingenza";"9388";"0";7600;0;3205;4164;107
"TOSCANA";"MASSA-CARRARA";"FOSDINOVO";1;"Indennita' di contingenza";"3030";"0";2612;0;1281;1251;35
"TOSCANA";"MASSA-CARRARA";"LICCIANA NARDI";1;"Indennita' di contingenza";"3993";"0";3133;0;1614;1427;43
"TOSCANA";"MASSA-CARRARA";"MASSA";1;"Indennita' di contingenza";"53066";"0";45285;0;22320;21921;334
"TOSCANA";"MASSA-CARRARA";"MONTIGNOSO";1;"Indennita' di contingenza";"7054";"0";5995;0;3302;2523;68
"TOSCANA";"MASSA-CARRARA";"MULAZZO";1;"Indennita' di contingenza";"2757";"0";1967;0;1030;885;13
"TOSCANA";"MASSA-CARRARA";"PODENZANA";1;"Indennita' di contingenza";"1254";"0";1021;0;526;477;9
"TOSCANA";"MASSA-CARRARA";"PONTREMOLI";1;"Indennita' di contingenza";"9028";"0";6574;0;2593;3780;88
"TOSCANA";"MASSA-CARRARA";"TRESANA";1;"Indennita' di contingenza";"2051";"0";1558;0;732;785;15
"TOSCANA";"MASSA-CARRARA";"VILLAFRANCA IN LUNIGIANA";1;"Indennita' di contingenza";"4064";"0";3379;0;1587;1686;50
"TOSCANA";"MASSA-CARRARA";"ZERI";1;"Indennita' di contingenza";"1673";"0";1214;0;550;621;22
"TOSCANA";"PISA";"BIENTINA";1;"Indennita' di contingenza";"3895";"0";3490;0;1877;1531;54
"TOSCANA";"PISA";"BUTI";1;"Indennita' di contingenza";"4188";"0";3785;0;2507;1138;110
"TOSCANA";"PISA";"CALCI";1;"Indennita' di contingenza";"4130";"0";3750;0;2098;1566;58
"TOSCANA";"PISA";"CALCINAIA";1;"Indennita' di contingenza";"5880";"0";5434;0;3311;1991;84
"TOSCANA";"PISA";"CAPANNOLI";1;"Indennita' di contingenza";"3756";"0";3384;0;1763;1524;66
"TOSCANA";"PISA";"CASALE MARITTIMO";1;"Indennita' di contingenza";"754";"0";669;0;339;312;9
"TOSCANA";"PISA";"CASCIANA TERME";1;"Indennita' di contingenza";"2548";"0";2276;0;1133;1076;49
"TOSCANA";"PISA";"CASCINA";1;"Indennita' di contingenza";"28851";"0";26392;0;15983;9605;474
"TOSCANA";"PISA";"CASTELFRANCO DI SOTTO";1;"Indennita' di contingenza";"8527";"0";7465;0;3704;3558;122
"TOSCANA";"PISA";"CASTELLINA MARITTIMA";1;"Indennita' di contingenza";"1453";"0";1289;0;731;529;16
"TOSCANA";"PISA";"CASTELNUOVO DI VAL DI CECINA";1;"Indennita' di contingenza";"2369";"0";2170;0;1225;907;21
"TOSCANA";"PISA";"CHIANNI";1;"Indennita' di contingenza";"1394";"0";1226;0;683;508;23
"TOSCANA";"PISA";"CRESPINA";1;"Indennita' di contingenza";"2531";"0";2339;0;1376;917;25
"TOSCANA";"PISA";"FAUGLIA";1;"Indennita' di contingenza";"2162";"0";1923;0;1152;721;30
"TOSCANA";"PISA";"GUARDISTALLO";1;"Indennita' di contingenza";"800";"0";722;0;362;341;9
"TOSCANA";"PISA";"LAJATICO";1;"Indennita' di contingenza";"1310";"0";1205;0;673;502;21
"TOSCANA";"PISA";"LARI";1;"Indennita' di contingenza";"5952";"0";5316;0;3209;1945;109
"TOSCANA";"PISA";"LORENZANA";1;"Indennita' di contingenza";"781";"0";702;0;373;312;11
"TOSCANA";"PISA";"MONTECATINI VAL DI CECINA";1;"Indennita' di contingenza";"1908";"0";1735;0;908;791;19
"TOSCANA";"PISA";"MONTESCUDAIO";1;"Indennita' di contingenza";"1041";"0";954;0;469;465;15
"TOSCANA";"PISA";"MONTEVERDI MARITTIMO";1;"Indennita' di contingenza";"663";"0";643;0;262;365;12
"TOSCANA";"PISA";"MONTOPOLI IN VAL D'ARNO";1;"Indennita' di contingenza";"6812";"0";6227;0;3614;2440;102
"TOSCANA";"PISA";"ORCIANO PISANO";1;"Indennita' di contingenza";"483";"0";437;0;194;227;14
"TOSCANA";"PISA";"PALAIA";1;"Indennita' di contingenza";"3625";"0";3285;0;1534;1644;68
"TOSCANA";"PISA";"PECCIOLI";1;"Indennita' di contingenza";"4178";"0";3815;0;1717;2012;30
"TOSCANA";"PISA";"PISA";1;"Indennita' di contingenza";"83580";"0";73424;0;36959;34849;827
"TOSCANA";"PISA";"POMARANCE";1;"Indennita' di contingenza";"6184";"0";5692;0;3137;2427;72
"TOSCANA";"PISA";"PONSACCO";1;"Indennita' di contingenza";"9179";"0";8303;0;4514;3528;171
"TOSCANA";"PISA";"PONTEDERA";1;"Indennita' di contingenza";"22054";"0";20021;0;10415;9086;292
"TOSCANA";"PISA";"RIPARBELLA";1;"Indennita' di contingenza";"1109";"0";995;0;577;388;20
"TOSCANA";"PISA";"SAN GIULIANO TERME";1;"Indennita' di contingenza";"21217";"0";19245;0;11917;6894;220
"TOSCANA";"PISA";"SAN MINIATO";1;"Indennita' di contingenza";"19835";"0";17729;0;11362;5925;253
"TOSCANA";"PISA";"SANTA CROCE SULL'ARNO";1;"Indennita' di contingenza";"9872";"0";8857;0;4965;3703;111
"TOSCANA";"PISA";"SANTA LUCE";1;"Indennita' di contingenza";"1191";"0";1078;0;590;469;10
"TOSCANA";"PISA";"SANTA MARIA A MONTE";1;"Indennita' di contingenza";"8213";"0";7149;0;3952;2932;143
"TOSCANA";"PISA";"TERRICCIOLA";1;"Indennita' di contingenza";"3129";"0";2871;0;1562;1215;52
"TOSCANA";"PISA";"VECCHIANO";1;"Indennita' di contingenza";"7902";"0";7283;0;4140;2956;96
"TOSCANA";"PISA";"VICOPISANO";1;"Indennita' di contingenza";"6035";"0";5502;0;3216;2118;106
"TOSCANA";"PISA";"VOLTERRA";1;"Indennita' di contingenza";"11294";"0";10162;0;5678;4151;123
"TOSCANA";"PISTOIA";"ABETONE";1;"Indennita' di contingenza";"671";"0";484;0;183;281;7
"TOSCANA";"PISTOIA";"AGLIANA";1;"Indennita' di contingenza";"10302";"0";9443;0;5695;3382;141
"TOSCANA";"PISTOIA";"BUGGIANO";1;"Indennita' di contingenza";"5882";"0";5008;0;2762;2096;67
"TOSCANA";"PISTOIA";"CHIESINA UZZANESE";1;"Indennita' di contingenza";"3188";"0";2806;0;1525;1207;42
"TOSCANA";"PISTOIA";"CUTIGLIANO";1;"Indennita' di contingenza";"1612";"0";1350;0;716;594;25
"TOSCANA";"PISTOIA";"LAMPORECCHIO";1;"Indennita' di contingenza";"5309";"0";4944;0;3626;1188;81
"TOSCANA";"PISTOIA";"LARCIANO";1;"Indennita' di contingenza";"4720";"0";4314;0;2987;1187;77
"TOSCANA";"PISTOIA";"MARLIANA";1;"Indennita' di contingenza";"2041";"0";1711;0;820;848;21
"TOSCANA";"PISTOIA";"MASSA E COZZILE";1;"Indennita' di contingenza";"4672";"0";4175;0;2512;1556;53
"TOSCANA";"PISTOIA";"MONSUMMANO TERME";1;"Indennita' di contingenza";"13463";"0";11570;0;7282;3959;171
"TOSCANA";"PISTOIA";"MONTALE";1;"Indennita' di contingenza";"7113";"0";6491;0;4011;2320;102
"TOSCANA";"PISTOIA";"MONTECATINI-TERME";1;"Indennita' di contingenza";"17469";"0";14198;0;5986;7886;167
"TOSCANA";"PISTOIA";"PESCIA";1;"Indennita' di contingenza";"15241";"0";12813;0;6114;6241;226
"TOSCANA";"PISTOIA";"PIEVE A NIEVOLE";1;"Indennita' di contingenza";"6154";"0";5405;0;3370;1849;96
"TOSCANA";"PISTOIA";"PISTOIA";1;"Indennita' di contingenza";"75962";"0";66943;0;36513;28705;926
"TOSCANA";"PISTOIA";"PITEGLIO";1;"Indennita' di contingenza";"2119";"0";1672;0;821;803;20
"TOSCANA";"PISTOIA";"PONTE BUGGIANESE";1;"Indennita' di contingenza";"5738";"0";4877;0;2707;2005;83
"TOSCANA";"PISTOIA";"QUARRATA";1;"Indennita' di contingenza";"15919";"0";13570;0;6604;6555;208
"TOSCANA";"PISTOIA";"SAMBUCA PISTOIESE";1;"Indennita' di contingenza";"1585";"0";1220;0;611;576;20
"TOSCANA";"PISTOIA";"SAN MARCELLO PISTOIESE";1;"Indennita' di contingenza";"7382";"0";6104;0;3413;2554;69
"TOSCANA";"PISTOIA";"SERRAVALLE PISTOIESE";1;"Indennita' di contingenza";"6361";"0";5705;0;3373;2169;67
"TOSCANA";"PISTOIA";"UZZANO";1;"Indennita' di contingenza";"2906";"0";2500;0;1327;1105;30
"TOSCANA";"SIENA";"ABBADIA SAN SALVATORE";1;"Indennita' di contingenza";"6342";"0";5652;0;3663;1853;79
"TOSCANA";"SIENA";"ASCIANO";1;"Indennita' di contingenza";"5121";"0";4682;0;2938;1654;49
"TOSCANA";"SIENA";"BUONCONVENTO";1;"Indennita' di contingenza";"2529";"0";2402;0;1688;673;29
"TOSCANA";"SIENA";"CASOLE D'ELSA";1;"Indennita' di contingenza";"2175";"0";1963;0;1115;803;28
"TOSCANA";"SIENA";"CASTELLINA IN CHIANTI";1;"Indennita' di contingenza";"2113";"0";1907;0;1123;745;22
"TOSCANA";"SIENA";"CASTELNUOVO BERARDENGA";1;"Indennita' di contingenza";"4564";"0";4172;0;2352;1733;63
"TOSCANA";"SIENA";"CASTIGLIONE D'ORCIA";1;"Indennita' di contingenza";"2642";"0";2385;0;1555;783;31
"TOSCANA";"SIENA";"CETONA";1;"Indennita' di contingenza";"2606";"0";2300;0;1381;869;31
"TOSCANA";"SIENA";"CHIANCIANO TERME";1;"Indennita' di contingenza";"5971";"0";5360;0;3165;2063;64
"TOSCANA";"SIENA";"CHIUSDINO";1;"Indennita' di contingenza";"1853";"0";1669;0;1076;556;25
"TOSCANA";"SIENA";"CHIUSI";1;"Indennita' di contingenza";"7672";"0";6929;0;4589;2193;74
"TOSCANA";"SIENA";"COLLE DI VAL D'ELSA";1;"Indennita' di contingenza";"13352";"0";12303;0;8523;3519;149
"TOSCANA";"SIENA";"GAIOLE IN CHIANTI";1;"Indennita' di contingenza";"2033";"0";1865;0;722;1083;41
"TOSCANA";"SIENA";"MONTALCINO";1;"Indennita' di contingenza";"4643";"0";4282;0;2586;1590;70
"TOSCANA";"SIENA";"MONTEPULCIANO";1;"Indennita' di contingenza";"11662";"0";10380;0;5811;4351;107
"TOSCANA";"SIENA";"MONTERIGGIONI";1;"Indennita' di contingenza";"5529";"0";5010;0;2997;1898;61
"TOSCANA";"SIENA";"MONTERONI D'ARBIA";1;"Indennita' di contingenza";"4874";"0";4552;0;3121;1363;52
"TOSCANA";"SIENA";"MONTICIANO";1;"Indennita' di contingenza";"1343";"0";1234;0;659;558;11
"TOSCANA";"SIENA";"MURLO";1;"Indennita' di contingenza";"1493";"0";1360;0;699;628;22
"TOSCANA";"SIENA";"PIANCASTAGNAIO";1;"Indennita' di contingenza";"3579";"0";3197;0;1985;1131;33
"TOSCANA";"SIENA";"PIENZA";1;"Indennita' di contingenza";"2108";"0";1931;0;1190;702;24
"TOSCANA";"SIENA";"POGGIBONSI";1;"Indennita' di contingenza";"21472";"0";19820;0;13214;6174;270
"TOSCANA";"SIENA";"RADDA IN CHIANTI";1;"Indennita' di contingenza";"1311";"0";1177;0;601;537;20
"TOSCANA";"SIENA";"RADICOFANI";1;"Indennita' di contingenza";"1145";"0";982;0;431;529;17
"TOSCANA";"SIENA";"RADICONDOLI";1;"Indennita' di contingenza";"906";"0";831;0;489;331;5
"TOSCANA";"SIENA";"RAPOLANO TERME";1;"Indennita' di contingenza";"4276";"0";3966;0;2581;1319;35
"TOSCANA";"SIENA";"SAN CASCIANO DEI BAGNI";1;"Indennita' di contingenza";"1759";"0";1600;0;1006;565;16
"TOSCANA";"SIENA";"SAN GIMIGNANO";1;"Indennita' di contingenza";"5951";"0";5409;0;3534;1767;65
"TOSCANA";"SIENA";"SAN GIOVANNI D'ASSO";1;"Indennita' di contingenza";"874";"0";809;0;437;345;18
"TOSCANA";"SIENA";"SAN QUIRICO D'ORCIA";1;"Indennita' di contingenza";"1902";"0";1778;0;1208;536;20
"TOSCANA";"SIENA";"SARTEANO";1;"Indennita' di contingenza";"3623";"0";3201;0;1932;1177;42
"TOSCANA";"SIENA";"SIENA";1;"Indennita' di contingenza";"51273";"0";44621;0;21966;21477;570
"TOSCANA";"SIENA";"SINALUNGA";1;"Indennita' di contingenza";"9641";"0";8831;0;5659;2976;90
"TOSCANA";"SIENA";"SOVICILLE";1;"Indennita' di contingenza";"5895";"0";5355;0;3794;1467;54
"TOSCANA";"SIENA";"TORRITA DI SIENA";1;"Indennita' di contingenza";"5804";"0";5339;0;3734;1493;55
"TOSCANA";"SIENA";"TREQUANDA";1;"Indennita' di contingenza";"1169";"0";1060;0;655;374;22
"UMBRIA";"PERUGIA";"ASSISI";1;"Indennita' di contingenza";"20334";"0";17074;0;6928;9570;242
"UMBRIA";"PERUGIA";"BASTIA UMBRA";1;"Indennita' di contingenza";"11906";"0";10480;0;5515;4714;103
"UMBRIA";"PERUGIA";"BETTONA";1;"Indennita' di contingenza";"2725";"0";2338;0;1164;1107;32
"UMBRIA";"PERUGIA";"BEVAGNA";1;"Indennita' di contingenza";"3861";"0";3254;0;1524;1645;36
"UMBRIA";"PERUGIA";"CAMPELLO SUL CLITUNNO";1;"Indennita' di contingenza";"1887";"0";1566;0;761;735;32
"UMBRIA";"PERUGIA";"CANNARA";1;"Indennita' di contingenza";"2956";"0";2537;0;1401;1066;27
"UMBRIA";"PERUGIA";"CASCIA";1;"Indennita' di contingenza";"2600";"0";1958;0;554;1318;35
"UMBRIA";"PERUGIA";"CASTEL RITALDI";1;"Indennita' di contingenza";"1845";"0";1575;0;739;797;15
"UMBRIA";"PERUGIA";"CASTIGLIONE DEL LAGO";1;"Indennita' di contingenza";"10942";"0";9822;0;6068;3555;106
"UMBRIA";"PERUGIA";"CERRETO DI SPOLETO";1;"Indennita' di contingenza";"1031";"0";807;0;310;452;19
"UMBRIA";"PERUGIA";"CITERNA";1;"Indennita' di contingenza";"2371";"0";2111;0;1325;734;30
"UMBRIA";"PERUGIA";"CITTA' DELLA PIEVE";1;"Indennita' di contingenza";"5418";"0";4987;0;3101;1785;36
"UMBRIA";"PERUGIA";"CITTA' DI CASTELLO";1;"Indennita' di contingenza";"31114";"0";26690;0;14195;11869;290
"UMBRIA";"PERUGIA";"COLLAZZONE";1;"Indennita' di contingenza";"2171";"0";1932;0;854;1039;21
"UMBRIA";"PERUGIA";"CORCIANO";1;"Indennita' di contingenza";"9435";"0";8356;0;4928;3244;84
"UMBRIA";"PERUGIA";"COSTACCIARO";1;"Indennita' di contingenza";"1237";"0";941;0;487;435;7
"UMBRIA";"PERUGIA";"DERUTA";1;"Indennita' di contingenza";"6001";"0";5311;0;2330;2847;53
"UMBRIA";"PERUGIA";"FOLIGNO";1;"Indennita' di contingenza";"43445";"0";38219;0;17503;19666;431
"UMBRIA";"PERUGIA";"FOSSATO DI VICO";1;"Indennita' di contingenza";"2093";"0";1660;0;820;806;17
"UMBRIA";"PERUGIA";"FRATTA TODINA";1;"Indennita' di contingenza";"1346";"0";1202;0;667;514;17
"UMBRIA";"PERUGIA";"GIANO DELL'UMBRIA";1;"Indennita' di contingenza";"2529";"0";2221;0;1033;1126;27
"UMBRIA";"PERUGIA";"GUALDO CATTANEO";1;"Indennita' di contingenza";"4939";"0";4323;0;2291;1953;37
"UMBRIA";"PERUGIA";"GUALDO TADINO";1;"Indennita' di contingenza";"12811";"0";9953;0;4482;5244;98
"UMBRIA";"PERUGIA";"GUBBIO";1;"Indennita' di contingenza";"25546";"0";20950;0;12290;8222;169
"UMBRIA";"PERUGIA";"LISCIANO NICCONE";1;"Indennita' di contingenza";"583";"0";489;0;284;192;5
"UMBRIA";"PERUGIA";"MAGIONE";1;"Indennita' di contingenza";"9321";"0";7856;0;4497;3211;70
"UMBRIA";"PERUGIA";"MARSCIANO";1;"Indennita' di contingenza";"12494";"0";11542;0;6374;4922;122
"UMBRIA";"PERUGIA";"MASSA MARTANA";1;"Indennita' di contingenza";"3103";"0";2722;0;1143;1446;60
"UMBRIA";"PERUGIA";"MONTE CASTELLO DI VIBIO";1;"Indennita' di contingenza";"1445";"0";1287;0;660;586;18
"UMBRIA";"PERUGIA";"MONTEFALCO";1;"Indennita' di contingenza";"4434";"0";3991;0;2038;1811;62
"UMBRIA";"PERUGIA";"MONTELEONE DI SPOLETO";1;"Indennita' di contingenza";"543";"0";403;0;174;210;8
"UMBRIA";"PERUGIA";"MONTE SANTA MARIA TIBERINA";1;"Indennita' di contingenza";"1147";"0";960;0;422;495;20
"UMBRIA";"PERUGIA";"MONTONE";1;"Indennita' di contingenza";"1319";"0";1157;0;820;317;13
"UMBRIA";"PERUGIA";"NOCERA UMBRA";1;"Indennita' di contingenza";"5808";"0";4360;0;1680;2557;64
"UMBRIA";"PERUGIA";"NORCIA";1;"Indennita' di contingenza";"3791";"0";2915;0;820;2000;40
"UMBRIA";"PERUGIA";"PACIANO";1;"Indennita' di contingenza";"756";"0";683;0;473;203;5
"UMBRIA";"PERUGIA";"PANICALE";1;"Indennita' di contingenza";"4171";"0";3700;0;2395;1232;43
"UMBRIA";"PERUGIA";"PASSIGNANO SUL TRASIMENO";1;"Indennita' di contingenza";"3785";"0";3242;0;1773;1400;31
"UMBRIA";"PERUGIA";"PERUGIA";1;"Indennita' di contingenza";"113988";"0";99378;0;49133;48025;878
"UMBRIA";"PERUGIA";"PIEGARO";1;"Indennita' di contingenza";"2918";"0";2673;0;1669;954;24
"UMBRIA";"PERUGIA";"PIETRALUNGA";1;"Indennita' di contingenza";"2114";"0";1697;0;999;660;14
"UMBRIA";"PERUGIA";"POGGIODOMO";1;"Indennita' di contingenza";"242";"0";146;0;52;86;2
"UMBRIA";"PERUGIA";"PRECI";1;"Indennita' di contingenza";"907";"0";591;0;199;372;8
"UMBRIA";"PERUGIA";"SAN GIUSTINO";1;"Indennita' di contingenza";"7630";"0";6820;0;4201;2455;83
"UMBRIA";"PERUGIA";"SANT'ANATOLIA DI NARCO";1;"Indennita' di contingenza";"495";"0";391;0;170;211;2
"UMBRIA";"PERUGIA";"SCHEGGIA E PASCELUPO";1;"Indennita' di contingenza";"1591";"0";1182;0;585;582;6
"UMBRIA";"PERUGIA";"SCHEGGINO";1;"Indennita' di contingenza";"446";"0";360;0;128;225;2
"UMBRIA";"PERUGIA";"SELLANO";1;"Indennita' di contingenza";"1326";"0";1014;0;338;629;22
"UMBRIA";"PERUGIA";"SIGILLO";1;"Indennita' di contingenza";"1987";"0";1701;0;1013;664;13
"UMBRIA";"PERUGIA";"SPELLO";1;"Indennita' di contingenza";"6259";"0";5499;0;3227;2101;77
"UMBRIA";"PERUGIA";"SPOLETO";1;"Indennita' di contingenza";"31383";"0";26682;0;14546;11471;246
"UMBRIA";"PERUGIA";"TODI";1;"Indennita' di contingenza";"13823";"0";12048;0;5936;5760;135
"UMBRIA";"PERUGIA";"TORGIANO";1;"Indennita' di contingenza";"3816";"0";3304;0;1657;1561;35
"UMBRIA";"PERUGIA";"TREVI";1;"Indennita' di contingenza";"6013";"0";5137;0;2620;2327;61
"UMBRIA";"PERUGIA";"TUORO SUL TRASIMENO";1;"Indennita' di contingenza";"3107";"0";2445;0;1372;1008;32
"UMBRIA";"PERUGIA";"UMBERTIDE";1;"Indennita' di contingenza";"11641";"0";10655;0;7342;3156;88
"UMBRIA";"PERUGIA";"VALFABBRICA";1;"Indennita' di contingenza";"2723";"0";2286;0;907;1319;28
"UMBRIA";"PERUGIA";"VALLO DI NERA";1;"Indennita' di contingenza";"417";"0";379;0;132;237;3
"UMBRIA";"PERUGIA";"VALTOPINA";1;"Indennita' di contingenza";"1162";"0";960;0;360;575;13
"UMBRIA";"TERNI";"ACQUASPARTA";1;"Indennita' di contingenza";"3760";"0";3286;0;1707;1481;39
"UMBRIA";"TERNI";"ALLERONA";1;"Indennita' di contingenza";"1429";"0";1290;0;827;426;16
"UMBRIA";"TERNI";"ALVIANO";1;"Indennita' di contingenza";"1132";"0";1010;0;381;607;10
"UMBRIA";"TERNI";"AMELIA";1;"Indennita' di contingenza";"8924";"0";8036;0;4047;3765;106
"UMBRIA";"TERNI";"ARRONE";1;"Indennita' di contingenza";"2189";"0";1976;0;1144;770;21
"UMBRIA";"TERNI";"ATTIGLIANO";1;"Indennita' di contingenza";"1334";"0";1176;0;523;618;11
"UMBRIA";"TERNI";"AVIGLIANO UMBRO";1;"Indennita' di contingenza";"1779";"0";1564;0;666;846;16
"UMBRIA";"TERNI";"BASCHI";1;"Indennita' di contingenza";"2272";"0";2019;0;925;1024;34
"UMBRIA";"TERNI";"CALVI DELL'UMBRIA";1;"Indennita' di contingenza";"1594";"0";1323;0;455;802;31
"UMBRIA";"TERNI";"CASTEL GIORGIO";1;"Indennita' di contingenza";"1866";"0";1627;0;856;685;44
"UMBRIA";"TERNI";"CASTEL VISCARDO";1;"Indennita' di contingenza";"2270";"0";1979;0;869;1041;37
"UMBRIA";"TERNI";"FABRO";1;"Indennita' di contingenza";"2267";"0";2029;0;1082;902;19
"UMBRIA";"TERNI";"FERENTILLO";1;"Indennita' di contingenza";"1685";"0";1444;0;733;661;23
"UMBRIA";"TERNI";"FICULLE";1;"Indennita' di contingenza";"1412";"0";1242;0;660;547;17
"UMBRIA";"TERNI";"GIOVE";1;"Indennita' di contingenza";"1265";"0";1111;0;568;516;19
"UMBRIA";"TERNI";"GUARDEA";1;"Indennita' di contingenza";"1425";"0";1212;0;392;782;22
"UMBRIA";"TERNI";"LUGNANO IN TEVERINA";1;"Indennita' di contingenza";"1311";"0";1152;0;541;572;23
"UMBRIA";"TERNI";"MONTECASTRILLI";1;"Indennita' di contingenza";"3199";"0";2879;0;1310;1475;47
"UMBRIA";"TERNI";"MONTECCHIO";1;"Indennita' di contingenza";"1460";"0";1264;0;411;813;20
"UMBRIA";"TERNI";"MONTEFRANCO";1;"Indennita' di contingenza";"967";"0";835;0;459;350;13
"UMBRIA";"TERNI";"MONTEGABBIONE";1;"Indennita' di contingenza";"1146";"0";969;0;518;423;16
"UMBRIA";"TERNI";"MONTELEONE D'ORVIETO";1;"Indennita' di contingenza";"1373";"0";1204;0;749;431;10
"UMBRIA";"TERNI";"NARNI";1;"Indennita' di contingenza";"16988";"0";15479;0;8855;6308;122
"UMBRIA";"TERNI";"ORVIETO";1;"Indennita' di contingenza";"18436";"0";16666;0;9227;6974;188
"UMBRIA";"TERNI";"OTRICOLI";1;"Indennita' di contingenza";"1469";"0";1294;0;560;686;15
"UMBRIA";"TERNI";"PARRANO";1;"Indennita' di contingenza";"587";"0";517;0;254;247;11
"UMBRIA";"TERNI";"PENNA IN TEVERINA";1;"Indennita' di contingenza";"777";"0";688;0;290;380;7
"UMBRIA";"TERNI";"POLINO";1;"Indennita' di contingenza";"250";"0";227;0;133;80;7
"UMBRIA";"TERNI";"PORANO";1;"Indennita' di contingenza";"975";"0";882;0;401;457;12
"UMBRIA";"TERNI";"SAN GEMINI";1;"Indennita' di contingenza";"3138";"0";2808;0;1775;964;26
"UMBRIA";"TERNI";"SAN VENANZO";1;"Indennita' di contingenza";"1890";"0";1753;0;866;853;19
"UMBRIA";"TERNI";"STRONCONE";1;"Indennita' di contingenza";"3369";"0";2898;0;1346;1418;66
"UMBRIA";"TERNI";"TERNI";1;"Indennita' di contingenza";"90607";"0";79161;0;44180;33209;652
"MARCHE";"ANCONA";"AGUGLIANO";1;"Indennita' di contingenza";"2411";"0";2235;0;1035;1138;33
"MARCHE";"ANCONA";"ANCONA";1;"Indennita' di contingenza";"85096";"0";73637;0;33672;38126;844
"MARCHE";"ANCONA";"ARCEVIA";1;"Indennita' di contingenza";"5463";"0";4702;0;2543;2042;65
"MARCHE";"ANCONA";"BARBARA";1;"Indennita' di contingenza";"1146";"0";1038;0;365;598;50
"MARCHE";"ANCONA";"BELVEDERE OSTRENSE";1;"Indennita' di contingenza";"1884";"0";1619;0;639;887;39
"MARCHE";"ANCONA";"CAMERANO";1;"Indennita' di contingenza";"5072";"0";4483;0;1672;2645;84
"MARCHE";"ANCONA";"CAMERATA PICENA";1;"Indennita' di contingenza";"931";"0";860;0;429;397;17
"MARCHE";"ANCONA";"CASTELBELLINO";1;"Indennita' di contingenza";"2096";"0";1912;0;1066;782;42
"MARCHE";"ANCONA";"CASTEL COLONNA";1;"Indennita' di contingenza";"780";"0";648;0;308;311;14
"MARCHE";"ANCONA";"CASTELFIDARDO";1;"Indennita' di contingenza";"11539";"0";9932;0;4768;4739;187
"MARCHE";"ANCONA";"CASTELLEONE DI SUASA";1;"Indennita' di contingenza";"1326";"0";1164;0;410;715;24
"MARCHE";"ANCONA";"CASTELPLANIO";1;"Indennita' di contingenza";"2519";"0";2197;0;1171;941;57
"MARCHE";"ANCONA";"CERRETO D'ESI";1;"Indennita' di contingenza";"2283";"0";1872;0;705;1081;35
"MARCHE";"ANCONA";"CHIARAVALLE";1;"Indennita' di contingenza";"10867";"0";9951;0;5715;3961;159
"MARCHE";"ANCONA";"CORINALDO";1;"Indennita' di contingenza";"4320";"0";3799;0;1292;2382;67
"MARCHE";"ANCONA";"CUPRAMONTANA";1;"Indennita' di contingenza";"4091";"0";3615;0;1690;1773;60
"MARCHE";"ANCONA";"FABRIANO";1;"Indennita' di contingenza";"23950";"0";20452;0;9302;10573;246
"MARCHE";"ANCONA";"FALCONARA MARITTIMA";1;"Indennita' di contingenza";"22936";"0";20107;0;9375;10265;220
"MARCHE";"ANCONA";"FILOTTRANO";1;"Indennita' di contingenza";"7049";"0";6119;0;1587;4263;122
"MARCHE";"ANCONA";"GENGA";1;"Indennita' di contingenza";"1962";"0";1503;0;701;739;37
"MARCHE";"ANCONA";"JESI";1;"Indennita' di contingenza";"33802";"0";29568;0;14351;14335;466
"MARCHE";"ANCONA";"LORETO";1;"Indennita' di contingenza";"8396";"0";7368;0;3201;3859;151
"MARCHE";"ANCONA";"MAIOLATI SPONTINI";1;"Indennita' di contingenza";"3793";"0";3427;0;1780;1535;62
"MARCHE";"ANCONA";"MERGO";1;"Indennita' di contingenza";"682";"0";611;0;334;255;17
"MARCHE";"ANCONA";"MONSANO";1;"Indennita' di contingenza";"1622";"0";1495;0;715;731;29
"MARCHE";"ANCONA";"MONTECAROTTO";1;"Indennita' di contingenza";"1892";"0";1707;0;893;776;32
"MARCHE";"ANCONA";"MONTEMARCIANO";1;"Indennita' di contingenza";"5451";"0";4821;0;2327;2314;101
"MARCHE";"ANCONA";"MONTERADO";1;"Indennita' di contingenza";"1283";"0";1090;0;669;388;22
"MARCHE";"ANCONA";"MONTE ROBERTO";1;"Indennita' di contingenza";"1615";"0";1485;0;766;660;21
"MARCHE";"ANCONA";"MONTE SAN VITO";1;"Indennita' di contingenza";"3244";"0";2831;0;1573;1141;66
"MARCHE";"ANCONA";"MORRO D'ALBA";1;"Indennita' di contingenza";"1460";"0";1277;0;572;649;26
"MARCHE";"ANCONA";"NUMANA";1;"Indennita' di contingenza";"2062";"0";1752;0;708;963;46
"MARCHE";"ANCONA";"OFFAGNA";1;"Indennita' di contingenza";"1150";"0";1023;0;391;572;38
"MARCHE";"ANCONA";"OSIMO";1;"Indennita' di contingenza";"21008";"0";18343;0;7118;10496;350
"MARCHE";"ANCONA";"OSTRA";1;"Indennita' di contingenza";"4919";"0";4263;0;1195;2919;69
"MARCHE";"ANCONA";"OSTRA VETERE";1;"Indennita' di contingenza";"2885";"0";2460;0;822;1502;87
"MARCHE";"ANCONA";"POGGIO SAN MARCELLO";1;"Indennita' di contingenza";"692";"0";601;0;267;306;18
"MARCHE";"ANCONA";"POLVERIGI";1;"Indennita' di contingenza";"1756";"0";1599;0;370;1157;34
"MARCHE";"ANCONA";"RIPE";1;"Indennita' di contingenza";"2320";"0";2016;0;748;1165;57
"MARCHE";"ANCONA";"ROSORA";1;"Indennita' di contingenza";"1256";"0";1116;0;530;539;31
"MARCHE";"ANCONA";"SAN MARCELLO";1;"Indennita' di contingenza";"1420";"0";1228;0;508;665;34
"MARCHE";"ANCONA";"SAN PAOLO DI JESI";1;"Indennita' di contingenza";"698";"0";630;0;218;386;12
"MARCHE";"ANCONA";"SANTA MARIA NUOVA";1;"Indennita' di contingenza";"2895";"0";2519;0;1102;1305;63
"MARCHE";"ANCONA";"SASSOFERRATO";1;"Indennita' di contingenza";"6203";"0";5201;0;2294;2738;87
"MARCHE";"ANCONA";"SENIGALLIA";1;"Indennita' di contingenza";"32895";"0";28382;0;14027;13463;381
"MARCHE";"ANCONA";"SERRA DE' CONTI";1;"Indennita' di contingenza";"2626";"0";2382;0;1244;1061;47
"MARCHE";"ANCONA";"SERRA SAN QUIRICO";1;"Indennita' di contingenza";"2660";"0";2328;0;1246;1004;41
"MARCHE";"ANCONA";"SIROLO";1;"Indennita' di contingenza";"2452";"0";2161;0;874;1189;45
"MARCHE";"ANCONA";"STAFFOLO";1;"Indennita' di contingenza";"1810";"0";1594;0;686;808;39
"MARCHE";"ASCOLI PICENO";"ACQUASANTA TERME";1;"Indennita' di contingenza";"4404";"0";2632;0;1040;1496;39
"MARCHE";"ASCOLI PICENO";"ACQUAVIVA PICENA";1;"Indennita' di contingenza";"2215";"0";1823;0;792;928;50
"MARCHE";"ASCOLI PICENO";"ALTIDONA";1;"Indennita' di contingenza";"1255";"0";1093;0;444;580;40
"MARCHE";"ASCOLI PICENO";"AMANDOLA";1;"Indennita' di contingenza";"3416";"0";2854;0;1464;1295;49
"MARCHE";"ASCOLI PICENO";"APPIGNANO DEL TRONTO";1;"Indennita' di contingenza";"1649";"0";1348;0;561;743;27
"MARCHE";"ASCOLI PICENO";"ARQUATA DEL TRONTO";1;"Indennita' di contingenza";"1957";"0";1303;0;523;725;19
"MARCHE";"ASCOLI PICENO";"ASCOLI PICENO";1;"Indennita' di contingenza";"44408";"0";36382;0;14927;20282;395
"MARCHE";"ASCOLI PICENO";"BELMONTE PICENO";1;"Indennita' di contingenza";"580";"0";528;0;200;292;23
"MARCHE";"ASCOLI PICENO";"CAMPOFILONE";1;"Indennita' di contingenza";"1313";"0";1113;0;520;542;28
"MARCHE";"ASCOLI PICENO";"CARASSAI";1;"Indennita' di contingenza";"1154";"0";975;0;342;581;19
"MARCHE";"ASCOLI PICENO";"CASTEL DI LAMA";1;"Indennita' di contingenza";"4681";"0";3964;0;2283;1537;75
"MARCHE";"ASCOLI PICENO";"CASTIGNANO";1;"Indennita' di contingenza";"2412";"0";2036;0;666;1247;62
"MARCHE";"ASCOLI PICENO";"CASTORANO";1;"Indennita' di contingenza";"1460";"0";1243;0;839;352;27
"MARCHE";"ASCOLI PICENO";"COLLI DEL TRONTO";1;"Indennita' di contingenza";"2061";"0";1820;0;1026;712;46
"MARCHE";"ASCOLI PICENO";"COMUNANZA";1;"Indennita' di contingenza";"2365";"0";2008;0;856;1039;70
"MARCHE";"ASCOLI PICENO";"COSSIGNANO";1;"Indennita' di contingenza";"966";"0";798;0;261;493;26
"MARCHE";"ASCOLI PICENO";"CUPRA MARITTIMA";1;"Indennita' di contingenza";"3423";"0";2844;0;1133;1578;60
"MARCHE";"ASCOLI PICENO";"FALERONE";1;"Indennita' di contingenza";"2933";"0";2502;0;1320;1059;68
"MARCHE";"ASCOLI PICENO";"FERMO";1;"Indennita' di contingenza";"28119";"0";24466;0;11522;11902;445
"MARCHE";"ASCOLI PICENO";"FOLIGNANO";1;"Indennita' di contingenza";"4709";"0";3785;0;1665;1990;46
"MARCHE";"ASCOLI PICENO";"FORCE";1;"Indennita' di contingenza";"1509";"0";1139;0;550;540;21
"MARCHE";"ASCOLI PICENO";"FRANCAVILLA D'ETE";1;"Indennita' di contingenza";"758";"0";644;0;175;427;21
"MARCHE";"ASCOLI PICENO";"GROTTAMMARE";1;"Indennita' di contingenza";"9071";"0";7391;0;3502;3567;139
"MARCHE";"ASCOLI PICENO";"GROTTAZZOLINA";1;"Indennita' di contingenza";"2306";"0";1964;0;881;980;57
"MARCHE";"ASCOLI PICENO";"LAPEDONA";1;"Indennita' di contingenza";"919";"0";804;0;238;498;33
"MARCHE";"ASCOLI PICENO";"MAGLIANO DI TENNA";1;"Indennita' di contingenza";"905";"0";774;0;398;345;18
"MARCHE";"ASCOLI PICENO";"MALTIGNANO";1;"Indennita' di contingenza";"1601";"0";1281;0;594;646;16
"MARCHE";"ASCOLI PICENO";"MASSA FERMANA";1;"Indennita' di contingenza";"878";"0";741;0;384;331;11
"MARCHE";"ASCOLI PICENO";"MASSIGNANO";1;"Indennita' di contingenza";"1301";"0";1129;0;466;590;33
"MARCHE";"ASCOLI PICENO";"MONSAMPIETRO MORICO";1;"Indennita' di contingenza";"622";"0";513;0;235;251;17
"MARCHE";"ASCOLI PICENO";"MONSAMPOLO DEL TRONTO";1;"Indennita' di contingenza";"2550";"0";2170;0;1185;918;28
"MARCHE";"ASCOLI PICENO";"MONTALTO DELLE MARCHE";1;"Indennita' di contingenza";"2122";"0";1805;0;712;987;62
"MARCHE";"ASCOLI PICENO";"MONTAPPONE";1;"Indennita' di contingenza";"1503";"0";1236;0;531;643;39
"MARCHE";"ASCOLI PICENO";"MONTEDINOVE";1;"Indennita' di contingenza";"553";"0";434;0;160;247;19
"MARCHE";"ASCOLI PICENO";"MONTEFALCONE APPENNINO";1;"Indennita' di contingenza";"571";"0";459;0;224;215;9
"MARCHE";"ASCOLI PICENO";"MONTEFIORE DELL'ASO";1;"Indennita' di contingenza";"1884";"0";1608;0;566;937;46
"MARCHE";"ASCOLI PICENO";"MONTEFORTINO";1;"Indennita' di contingenza";"1201";"0";964;0;333;589;23
"MARCHE";"ASCOLI PICENO";"MONTEGALLO";1;"Indennita' di contingenza";"971";"0";582;0;180;390;4
"MARCHE";"ASCOLI PICENO";"MONTE GIBERTO";1;"Indennita' di contingenza";"727";"0";567;0;204;320;35
"MARCHE";"ASCOLI PICENO";"MONTEGIORGIO";1;"Indennita' di contingenza";"5674";"0";4583;0;1951;2342;157
"MARCHE";"ASCOLI PICENO";"MONTEGRANARO";1;"Indennita' di contingenza";"9511";"0";8544;0;4336;3781;190
"MARCHE";"ASCOLI PICENO";"MONTELEONE DI FERMO";1;"Indennita' di contingenza";"450";"0";392;0;160;208;21
"MARCHE";"ASCOLI PICENO";"MONTELPARO";1;"Indennita' di contingenza";"917";"0";694;0;306;337;29
"MARCHE";"ASCOLI PICENO";"MONTEMONACO";1;"Indennita' di contingenza";"714";"0";539;0;126;371;26
"MARCHE";"ASCOLI PICENO";"MONTEPRANDONE";1;"Indennita' di contingenza";"5796";"0";4822;0;2893;1764;62
"MARCHE";"ASCOLI PICENO";"MONTE RINALDO";1;"Indennita' di contingenza";"428";"0";345;0;93;224;18
"MARCHE";"ASCOLI PICENO";"MONTERUBBIANO";1;"Indennita' di contingenza";"1997";"0";1671;0;543;1011;66
"MARCHE";"ASCOLI PICENO";"MONTE SAN PIETRANGELI";1;"Indennita' di contingenza";"1940";"0";1746;0;530;1108;63
"MARCHE";"ASCOLI PICENO";"MONTE URANO";1;"Indennita' di contingenza";"5745";"0";5118;0;2919;1971;118
"MARCHE";"ASCOLI PICENO";"MONTE VIDON COMBATTE";1;"Indennita' di contingenza";"506";"0";400;0;144;229;14
"MARCHE";"ASCOLI PICENO";"MONTE VIDON CORRADO";1;"Indennita' di contingenza";"658";"0";595;0;309;267;4
"MARCHE";"ASCOLI PICENO";"MONTOTTONE";1;"Indennita' di contingenza";"954";"0";793;0;236;498;34
"MARCHE";"ASCOLI PICENO";"MORESCO";1;"Indennita' di contingenza";"531";"0";457;0;198;214;16
"MARCHE";"ASCOLI PICENO";"OFFIDA";1;"Indennita' di contingenza";"4498";"0";3863;0;2039;1665;71
"MARCHE";"ASCOLI PICENO";"ORTEZZANO";1;"Indennita' di contingenza";"667";"0";562;0;167;348;24
"MARCHE";"ASCOLI PICENO";"PALMIANO";1;"Indennita' di contingenza";"228";"0";178;0;60;103;5
"MARCHE";"ASCOLI PICENO";"PEDASO";1;"Indennita' di contingenza";"1497";"0";1291;0;547;664;44
"MARCHE";"ASCOLI PICENO";"PETRITOLI";1;"Indennita' di contingenza";"2232";"0";1841;0;691;1027;54
"MARCHE";"ASCOLI PICENO";"PONZANO DI FERMO";1;"Indennita' di contingenza";"1062";"0";827;0;373;416;17
"MARCHE";"ASCOLI PICENO";"PORTO SAN GIORGIO";1;"Indennita' di contingenza";"12593";"0";10782;0;4317;6005;155
"MARCHE";"ASCOLI PICENO";"PORTO SANT'ELPIDIO";1;"Indennita' di contingenza";"15813";"0";13707;0;6329;6665;317
"MARCHE";"ASCOLI PICENO";"RAPAGNANO";1;"Indennita' di contingenza";"1315";"0";1146;0;477;592;47
"MARCHE";"ASCOLI PICENO";"RIPATRANSONE";1;"Indennita' di contingenza";"3501";"0";2940;0;1361;1453;55
"MARCHE";"ASCOLI PICENO";"ROCCAFLUVIONE";1;"Indennita' di contingenza";"2107";"0";1549;0;638;857;17
"MARCHE";"ASCOLI PICENO";"ROTELLA";1;"Indennita' di contingenza";"917";"0";802;0;393;401;3
"MARCHE";"ASCOLI PICENO";"SAN BENEDETTO DEL TRONTO";1;"Indennita' di contingenza";"35608";"0";28433;0;13075;14320;389
"MARCHE";"ASCOLI PICENO";"SANTA VITTORIA IN MATENANO";1;"Indennita' di contingenza";"1241";"0";1067;0;414;606;29
"MARCHE";"ASCOLI PICENO";"SANT'ELPIDIO A MARE";1;"Indennita' di contingenza";"11632";"0";10381;0;5130;4728;205
"MARCHE";"ASCOLI PICENO";"SERVIGLIANO";1;"Indennita' di contingenza";"1975";"0";1657;0;840;731;57
"MARCHE";"ASCOLI PICENO";"SMERILLO";1;"Indennita' di contingenza";"393";"0";351;0;93;245;5
"MARCHE";"ASCOLI PICENO";"SPINETOLI";1;"Indennita' di contingenza";"3953";"0";3357;0;1766;1481;53
"MARCHE";"ASCOLI PICENO";"TORRE SAN PATRIZIO";1;"Indennita' di contingenza";"1708";"0";1493;0;588;809;59
"MARCHE";"ASCOLI PICENO";"VENAROTTA";1;"Indennita' di contingenza";"1988";"0";1522;0;628;834;28
"MARCHE";"MACERATA";"ACQUACANINA";1;"Indennita' di contingenza";"140";"0";107;0;53;53;0
"MARCHE";"MACERATA";"APIRO";1;"Indennita' di contingenza";"2114";"0";1886;0;710;1063;46
"MARCHE";"MACERATA";"APPIGNANO";1;"Indennita' di contingenza";"2899";"0";2572;0;1083;1314;86
"MARCHE";"MACERATA";"BELFORTE DEL CHIENTI";1;"Indennita' di contingenza";"1148";"0";998;0;450;513;17
"MARCHE";"MACERATA";"BOLOGNOLA";1;"Indennita' di contingenza";"136";"0";109;0;50;54;2
"MARCHE";"MACERATA";"CALDAROLA";1;"Indennita' di contingenza";"1404";"0";1268;0;553;655;36
"MARCHE";"MACERATA";"CAMERINO";1;"Indennita' di contingenza";"6191";"0";5279;0;2015;3050;103
"MARCHE";"MACERATA";"CAMPOROTONDO DI FIASTRONE";1;"Indennita' di contingenza";"444";"0";384;0;179;186;12
"MARCHE";"MACERATA";"CASTELRAIMONDO";1;"Indennita' di contingenza";"3368";"0";2865;0;1133;1590;66
"MARCHE";"MACERATA";"CASTELSANTANGELO SUL NERA";1;"Indennita' di contingenza";"383";"0";248;0;53;181;4
"MARCHE";"MACERATA";"CESSAPALOMBO";1;"Indennita' di contingenza";"569";"0";502;0;179;306;10
"MARCHE";"MACERATA";"CINGOLI";1;"Indennita' di contingenza";"8353";"0";7283;0;2486;4458;144
"MARCHE";"MACERATA";"CIVITANOVA MARCHE";1;"Indennita' di contingenza";"29132";"0";24457;0;11281;12192;426
"MARCHE";"MACERATA";"COLMURANO";1;"Indennita' di contingenza";"1115";"0";925;0;262;603;31
"MARCHE";"MACERATA";"CORRIDONIA";1;"Indennita' di contingenza";"9454";"0";8404;0;3378;4593;180
"MARCHE";"MACERATA";"ESANATOGLIA";1;"Indennita' di contingenza";"1673";"0";1380;0;708;615;23
"MARCHE";"MACERATA";"FIASTRA";1;"Indennita' di contingenza";"617";"0";461;0;178;263;13
"MARCHE";"MACERATA";"FIORDIMONTE";1;"Indennita' di contingenza";"253";"0";200;0;41;150;5
"MARCHE";"MACERATA";"FIUMINATA";1;"Indennita' di contingenza";"1555";"0";1184;0;519;638;9
"MARCHE";"MACERATA";"GAGLIOLE";1;"Indennita' di contingenza";"572";"0";448;0;205;227;9
"MARCHE";"MACERATA";"GUALDO";1;"Indennita' di contingenza";"863";"0";687;0;152;511;17
"MARCHE";"MACERATA";"LORO PICENO";1;"Indennita' di contingenza";"2138";"0";1807;0;689;1029;51
"MARCHE";"MACERATA";"MACERATA";1;"Indennita' di contingenza";"35100";"0";30577;0;10738;18736;433
"MARCHE";"MACERATA";"MATELICA";1;"Indennita' di contingenza";"8025";"0";6410;0;2866;3290;102
"MARCHE";"MACERATA";"MOGLIANO";1;"Indennita' di contingenza";"4004";"0";3448;0;1334;1959;87
"MARCHE";"MACERATA";"MONTECASSIANO";1;"Indennita' di contingenza";"4417";"0";3917;0;1107;2622;71
"MARCHE";"MACERATA";"MONTE CAVALLO";1;"Indennita' di contingenza";"199";"0";137;0;13;117;2
"MARCHE";"MACERATA";"MONTECOSARO";1;"Indennita' di contingenza";"3593";"0";3177;0;1470;1555;84
"MARCHE";"MACERATA";"MONTEFANO";1;"Indennita' di contingenza";"2312";"0";2050;0;783;1143;73
"MARCHE";"MACERATA";"MONTELUPONE";1;"Indennita' di contingenza";"2435";"0";2084;0;732;1237;59
"MARCHE";"MACERATA";"MONTE SAN GIUSTO";1;"Indennita' di contingenza";"5476";"0";4882;0;2049;2570;149
"MARCHE";"MACERATA";"MONTE SAN MARTINO";1;"Indennita' di contingenza";"728";"0";597;0;159;406;21
"MARCHE";"MACERATA";"MORROVALLE";1;"Indennita' di contingenza";"6118";"0";5419;0;1915;3200;136
"MARCHE";"MACERATA";"MUCCIA";1;"Indennita' di contingenza";"686";"0";576;0;262;297;7
"MARCHE";"MACERATA";"PENNA SAN GIOVANNI";1;"Indennita' di contingenza";"1300";"0";1064;0;371;634;41
"MARCHE";"MACERATA";"PETRIOLO";1;"Indennita' di contingenza";"1588";"0";1386;0;651;682;37
"MARCHE";"MACERATA";"PIEVEBOVIGLIANA";1;"Indennita' di contingenza";"788";"0";634;0;246;364;11
"MARCHE";"MACERATA";"PIEVE TORINA";1;"Indennita' di contingenza";"1230";"0";1040;0;346;632;26
"MARCHE";"MACERATA";"PIORACO";1;"Indennita' di contingenza";"1236";"0";1013;0;361;618;21
"MARCHE";"MACERATA";"POGGIO SAN VICINO";1;"Indennita' di contingenza";"276";"0";237;0;90;137;7
"MARCHE";"MACERATA";"POLLENZA";1;"Indennita' di contingenza";"4413";"0";3847;0;1274;2373;69
"MARCHE";"MACERATA";"PORTO RECANATI";1;"Indennita' di contingenza";"6047";"0";5135;0;2273;2699;90
"MARCHE";"MACERATA";"POTENZA PICENA";1;"Indennita' di contingenza";"10232";"0";8792;0;3808;4609;158
"MARCHE";"MACERATA";"RECANATI";1;"Indennita' di contingenza";"14972";"0";13098;0;5075;7465;256
"MARCHE";"MACERATA";"RIPE SAN GINESIO";1;"Indennita' di contingenza";"697";"0";572;0;215;329;17
"MARCHE";"MACERATA";"SAN GINESIO";1;"Indennita' di contingenza";"3491";"0";2807;0;873;1814;59
"MARCHE";"MACERATA";"SAN SEVERINO MARCHE";1;"Indennita' di contingenza";"11198";"0";9507;0;3686;5412;175
"MARCHE";"MACERATA";"SANT'ANGELO IN PONTANO";1;"Indennita' di contingenza";"1300";"0";1039;0;330;655;29
"MARCHE";"MACERATA";"SARNANO";1;"Indennita' di contingenza";"2909";"0";2365;0;797;1450;66
"MARCHE";"MACERATA";"SEFRO";1;"Indennita' di contingenza";"494";"0";380;0;109;260;5
"MARCHE";"MACERATA";"SERRAPETRONA";1;"Indennita' di contingenza";"713";"0";635;0;280;325;21
"MARCHE";"MACERATA";"SERRAVALLE DI CHIENTI";1;"Indennita' di contingenza";"1237";"0";973;0;310;628;19
"MARCHE";"MACERATA";"TOLENTINO";1;"Indennita' di contingenza";"14763";"0";13010;0;6327;6242;201
"MARCHE";"MACERATA";"TREIA";1;"Indennita' di contingenza";"7355";"0";6452;0;2180;3967;130
"MARCHE";"MACERATA";"URBISAGLIA";1;"Indennita' di contingenza";"2076";"0";1853;0;633;1114;49
"MARCHE";"MACERATA";"USSITA";1;"Indennita' di contingenza";"408";"0";302;0;102;195;5
"MARCHE";"MACERATA";"VISSO";1;"Indennita' di contingenza";"1198";"0";902;0;222;650;19
"MARCHE";"PESARO E URBINO";"ACQUALAGNA";1;"Indennita' di contingenza";"3057";"0";2741;0;1447;1218;38
"MARCHE";"PESARO E URBINO";"APECCHIO";1;"Indennita' di contingenza";"2032";"0";1736;0;959;733;24
"MARCHE";"PESARO E URBINO";"AUDITORE";1;"Indennita' di contingenza";"1137";"0";1028;0;579;435;6
"MARCHE";"PESARO E URBINO";"BARCHI";1;"Indennita' di contingenza";"968";"0";767;0;355;377;22
"MARCHE";"PESARO E URBINO";"BELFORTE ALL'ISAURO";1;"Indennita' di contingenza";"556";"0";483;0;206;266;8
"MARCHE";"PESARO E URBINO";"BORGO PACE";1;"Indennita' di contingenza";"826";"0";588;0;200;368;14
"MARCHE";"PESARO E URBINO";"CAGLI";1;"Indennita' di contingenza";"8243";"0";6874;0;3650;3063;63
"MARCHE";"PESARO E URBINO";"CANTIANO";1;"Indennita' di contingenza";"2892";"0";2310;0;1617;652;25
"MARCHE";"PESARO E URBINO";"CARPEGNA";1;"Indennita' di contingenza";"1317";"0";1081;0;277;785;8
"MARCHE";"PESARO E URBINO";"CARTOCETO";1;"Indennita' di contingenza";"4362";"0";3680;0;1826;1724;58
"MARCHE";"PESARO E URBINO";"CASTELDELCI";1;"Indennita' di contingenza";"523";"0";399;0;115;276;4
"MARCHE";"PESARO E URBINO";"COLBORDOLO";1;"Indennita' di contingenza";"2993";"0";2702;0;1701;946;24
"MARCHE";"PESARO E URBINO";"FANO";1;"Indennita' di contingenza";"44147";"0";37514;0;16735;19551;515
"MARCHE";"PESARO E URBINO";"FERMIGNANO";1;"Indennita' di contingenza";"4946";"0";4315;0;2313;1890;46
"MARCHE";"PESARO E URBINO";"FOSSOMBRONE";1;"Indennita' di contingenza";"8380";"0";6854;0;3318;3336;85
"MARCHE";"PESARO E URBINO";"FRATTE ROSA";1;"Indennita' di contingenza";"982";"0";838;0;382;425;20
"MARCHE";"PESARO E URBINO";"FRONTINO";1;"Indennita' di contingenza";"366";"0";316;0;112;199;2
"MARCHE";"PESARO E URBINO";"FRONTONE";1;"Indennita' di contingenza";"1377";"0";947;0;414;517;9
"MARCHE";"PESARO E URBINO";"GABICCE MARE";1;"Indennita' di contingenza";"4431";"0";3899;0;2141;1608;66
"MARCHE";"PESARO E URBINO";"GRADARA";1;"Indennita' di contingenza";"1967";"0";1754;0;1084;598;32
"MARCHE";"PESARO E URBINO";"ISOLA DEL PIANO";1;"Indennita' di contingenza";"603";"0";474;0;205;254;7
"MARCHE";"PESARO E URBINO";"LUNANO";1;"Indennita' di contingenza";"812";"0";734;0;269;451;6
"MARCHE";"PESARO E URBINO";"MACERATA FELTRIA";1;"Indennita' di contingenza";"1698";"0";1549;0;759;765;18
"MARCHE";"PESARO E URBINO";"MAIOLO";1;"Indennita' di contingenza";"662";"0";537;0;237;290;4
"MARCHE";"PESARO E URBINO";"MERCATELLO SUL METAURO";1;"Indennita' di contingenza";"1450";"0";1019;0;361;625;21
"MARCHE";"PESARO E URBINO";"MERCATINO CONCA";1;"Indennita' di contingenza";"903";"0";800;0;345;445;2
"MARCHE";"PESARO E URBINO";"MOMBAROCCIO";1;"Indennita' di contingenza";"1448";"0";1236;0;506;674;27
"MARCHE";"PESARO E URBINO";"MONDAVIO";1;"Indennita' di contingenza";"3057";"0";2711;0;1337;1286;48
"MARCHE";"PESARO E URBINO";"MONDOLFO";1;"Indennita' di contingenza";"7613";"0";6520;0;3484;2826;97
"MARCHE";"PESARO E URBINO";"MONTECALVO IN FOGLIA";1;"Indennita' di contingenza";"1671";"0";1576;0;1228;324;7
"MARCHE";"PESARO E URBINO";"MONTE CERIGNONE";1;"Indennita' di contingenza";"662";"0";590;0;374;206;6
"MARCHE";"PESARO E URBINO";"MONTECICCARDO";1;"Indennita' di contingenza";"731";"0";637;0;322;291;11
"MARCHE";"PESARO E URBINO";"MONTECOPIOLO";1;"Indennita' di contingenza";"1012";"0";882;0;362;498;13
"MARCHE";"PESARO E URBINO";"MONTEFELCINO";1;"Indennita' di contingenza";"2264";"0";1960;0;891;1012;27
"MARCHE";"PESARO E URBINO";"MONTE GRIMANO";1;"Indennita' di contingenza";"1034";"0";833;0;485;329;12
"MARCHE";"PESARO E URBINO";"MONTELABBATE";1;"Indennita' di contingenza";"2569";"0";2278;0;1330;868;35
"MARCHE";"PESARO E URBINO";"MONTEMAGGIORE AL METAURO";1;"Indennita' di contingenza";"1842";"0";1448;0;648;743;30
"MARCHE";"PESARO E URBINO";"MONTE PORZIO";1;"Indennita' di contingenza";"1822";"0";1547;0;726;763;28
"MARCHE";"PESARO E URBINO";"NOVAFELTRIA";1;"Indennita' di contingenza";"5766";"0";4674;0;2285;2277;52
"MARCHE";"PESARO E URBINO";"ORCIANO DI PESARO";1;"Indennita' di contingenza";"2031";"0";1716;0;720;918;37
"MARCHE";"PESARO E URBINO";"PEGLIO";1;"Indennita' di contingenza";"527";"0";449;0;249;189;8
"MARCHE";"PESARO E URBINO";"PENNABILLI";1;"Indennita' di contingenza";"2812";"0";2355;0;870;1387;50
"MARCHE";"PESARO E URBINO";"PERGOLA";1;"Indennita' di contingenza";"6839";"0";5464;0;2404;2874;80
"MARCHE";"PESARO E URBINO";"PESARO";1;"Indennita' di contingenza";"72057";"0";65196;0;31968;31694;661
"MARCHE";"PESARO E URBINO";"PETRIANO";1;"Indennita' di contingenza";"1733";"0";1541;0;760;747;15
"MARCHE";"PESARO E URBINO";"PIAGGE";1;"Indennita' di contingenza";"896";"0";747;0;416;310;9
"MARCHE";"PESARO E URBINO";"PIANDIMELETO";1;"Indennita' di contingenza";"1397";"0";1214;0;611;585;9
"MARCHE";"PESARO E URBINO";"PIETRARUBBIA";1;"Indennita' di contingenza";"515";"0";444;0;202;235;3
"MARCHE";"PESARO E URBINO";"PIOBBICO";1;"Indennita' di contingenza";"1641";"0";1434;0;682;710;24
"MARCHE";"PESARO E URBINO";"SALTARA";1;"Indennita' di contingenza";"3427";"0";3001;0;1302;1600;54
"MARCHE";"PESARO E URBINO";"SAN COSTANZO";1;"Indennita' di contingenza";"3179";"0";2770;0;1411;1242;63
"MARCHE";"PESARO E URBINO";"SAN GIORGIO DI PESARO";1;"Indennita' di contingenza";"1253";"0";1031;0;537;442;30
"MARCHE";"PESARO E URBINO";"SAN LEO";1;"Indennita' di contingenza";"2481";"0";1775;0;913;824;17
"MARCHE";"PESARO E URBINO";"SAN LORENZO IN CAMPO";1;"Indennita' di contingenza";"2978";"0";2362;0;1074;1178;59
"MARCHE";"PESARO E URBINO";"SANT'AGATA FELTRIA";1;"Indennita' di contingenza";"2340";"0";1764;0;725;987;19
"MARCHE";"PESARO E URBINO";"SANT'ANGELO IN LIZZOLA";1;"Indennita' di contingenza";"3564";"0";3277;0;2105;1103;30
"MARCHE";"PESARO E URBINO";"SANT'ANGELO IN VADO";1;"Indennita' di contingenza";"3149";"0";2560;0;1017;1461;38
"MARCHE";"PESARO E URBINO";"SANT'IPPOLITO";1;"Indennita' di contingenza";"1337";"0";1051;0;464;546;15
"MARCHE";"PESARO E URBINO";"SASSOCORVARO";1;"Indennita' di contingenza";"2823";"0";2623;0;1352;1234;17
"MARCHE";"PESARO E URBINO";"SASSOFELTRIO";1;"Indennita' di contingenza";"1082";"0";876;0;430;423;11
"MARCHE";"PESARO E URBINO";"SERRA SANT'ABBONDIO";1;"Indennita' di contingenza";"1214";"0";932;0;438;466;14
"MARCHE";"PESARO E URBINO";"SERRUNGARINA";1;"Indennita' di contingenza";"1799";"0";1459;0;673;719;37
"MARCHE";"PESARO E URBINO";"TALAMELLO";1;"Indennita' di contingenza";"836";"0";622;0;323;282;8
"MARCHE";"PESARO E URBINO";"TAVOLETO";1;"Indennita' di contingenza";"685";"0";580;0;299;260;10
"MARCHE";"PESARO E URBINO";"TAVULLIA";1;"Indennita' di contingenza";"2934";"0";2672;0;1680;929;32
"MARCHE";"PESARO E URBINO";"URBANIA";1;"Indennita' di contingenza";"5143";"0";4472;0;2049;2327;57
"MARCHE";"PESARO E URBINO";"URBINO";1;"Indennita' di contingenza";"13662";"0";11444;0;6423;4790;91
"LAZIO";"FROSINONE";"ACQUAFONDATA";1;"Indennita' di contingenza";"539";"0";297;0;101;177;10
"LAZIO";"FROSINONE";"ACUTO";1;"Indennita' di contingenza";"1399";"0";1189;0;646;510;12
"LAZIO";"FROSINONE";"ALATRI";1;"Indennita' di contingenza";"17680";"0";14636;0;6924;7134;212
"LAZIO";"FROSINONE";"ALVITO";1;"Indennita' di contingenza";"2985";"0";2123;0;902;1100;60
"LAZIO";"FROSINONE";"AMASENO";1;"Indennita' di contingenza";"3124";"0";2563;0;1538;894;63
"LAZIO";"FROSINONE";"ANAGNI";1;"Indennita' di contingenza";"14390";"0";12160;0;7494;4322;140
"LAZIO";"FROSINONE";"AQUINO";1;"Indennita' di contingenza";"3853";"0";2997;0;1688;1230;49
"LAZIO";"FROSINONE";"ARCE";1;"Indennita' di contingenza";"5245";"0";3957;0;1967;1831;65
"LAZIO";"FROSINONE";"ARNARA";1;"Indennita' di contingenza";"2217";"0";1624;0;972;584;32
"LAZIO";"FROSINONE";"ARPINO";1;"Indennita' di contingenza";"6929";"0";5042;0;2220;2506;124
"LAZIO";"FROSINONE";"ATINA";1;"Indennita' di contingenza";"4661";"0";2625;0;1091;1441;49
"LAZIO";"FROSINONE";"AUSONIA";1;"Indennita' di contingenza";"2650";"0";1538;0;663;794;45
"LAZIO";"FROSINONE";"BELMONTE CASTELLO";1;"Indennita' di contingenza";"853";"0";481;0;271;182;14
"LAZIO";"FROSINONE";"BOVILLE ERNICA";1;"Indennita' di contingenza";"6982";"0";5523;0;3527;1758;126
"LAZIO";"FROSINONE";"BROCCOSTELLA";1;"Indennita' di contingenza";"2021";"0";1340;0;607;605;58
"LAZIO";"FROSINONE";"CAMPOLI APPENNINO";1;"Indennita' di contingenza";"1351";"0";1108;0;562;449;35
"LAZIO";"FROSINONE";"CASALATTICO";1;"Indennita' di contingenza";"901";"0";288;0;92;187;5
"LAZIO";"FROSINONE";"CASALVIERI";1;"Indennita' di contingenza";"3405";"0";1829;0;688;1002;39
"LAZIO";"FROSINONE";"CASSINO";1;"Indennita' di contingenza";"25960";"0";19038;0;9768;8527;339
"LAZIO";"FROSINONE";"CASTELLIRI";1;"Indennita' di contingenza";"2769";"0";2180;0;917;1179;40
"LAZIO";"FROSINONE";"CASTELNUOVO PARANO";1;"Indennita' di contingenza";"743";"0";526;0;197;299;17
"LAZIO";"FROSINONE";"CASTROCIELO";1;"Indennita' di contingenza";"2927";"0";2243;0;1310;849;37
"LAZIO";"FROSINONE";"CASTRO DEI VOLSCI";1;"Indennita' di contingenza";"4194";"0";3447;0;1972;1311;52
"LAZIO";"FROSINONE";"CECCANO";1;"Indennita' di contingenza";"15951";"0";13450;0;8720;4361;145
"LAZIO";"FROSINONE";"CEPRANO";1;"Indennita' di contingenza";"6737";"0";5464;0;3095;2192;79
"LAZIO";"FROSINONE";"CERVARO";1;"Indennita' di contingenza";"6215";"0";3426;0;1520;1767;43
"LAZIO";"FROSINONE";"COLFELICE";1;"Indennita' di contingenza";"1644";"0";1181;0;659;481;24
"LAZIO";"FROSINONE";"COLLEPARDO";1;"Indennita' di contingenza";"665";"0";563;0;300;245;6
"LAZIO";"FROSINONE";"COLLE SAN MAGNO";1;"Indennita' di contingenza";"1179";"0";639;0;297;297;13
"LAZIO";"FROSINONE";"CORENO AUSONIO";1;"Indennita' di contingenza";"1619";"0";1207;0;438;711;33
"LAZIO";"FROSINONE";"ESPERIA";1;"Indennita' di contingenza";"4300";"0";2858;0;1562;1114;77
"LAZIO";"FROSINONE";"FALVATERRA";1;"Indennita' di contingenza";"495";"0";377;0;191;174;5
"LAZIO";"FROSINONE";"FERENTINO";1;"Indennita' di contingenza";"14016";"0";11582;0;6824;4360;148
"LAZIO";"FROSINONE";"FILETTINO";1;"Indennita' di contingenza";"529";"0";422;0;200;211;3
"LAZIO";"FROSINONE";"FIUGGI";1;"Indennita' di contingenza";"5761";"0";4561;0;2001;2447;45
"LAZIO";"FROSINONE";"FONTANA LIRI";1;"Indennita' di contingenza";"2778";"0";2177;0;905;1202;37
"LAZIO";"FROSINONE";"FONTECHIARI";1;"Indennita' di contingenza";"1324";"0";715;0;326;351;18
"LAZIO";"FROSINONE";"FROSINONE";1;"Indennita' di contingenza";"35219";"0";28821;0;13174;14777;280
"LAZIO";"FROSINONE";"FUMONE";1;"Indennita' di contingenza";"1635";"0";1346;0;829;412;39
"LAZIO";"FROSINONE";"GALLINARO";1;"Indennita' di contingenza";"1165";"0";649;0;301;325;12
"LAZIO";"FROSINONE";"GIULIANO DI ROMA";1;"Indennita' di contingenza";"1687";"0";1381;0;688;650;15
"LAZIO";"FROSINONE";"GUARCINO";1;"Indennita' di contingenza";"1477";"0";1259;0;589;623;18
"LAZIO";"FROSINONE";"ISOLA DEL LIRI";1;"Indennita' di contingenza";"10825";"0";9042;0;4575;4179;105
"LAZIO";"FROSINONE";"MONTE SAN GIOVANNI CAMPANO";1;"Indennita' di contingenza";"9934";"0";8062;0;3793;3859;160
"LAZIO";"FROSINONE";"MOROLO";1;"Indennita' di contingenza";"2324";"0";1664;0;909;671;43
"LAZIO";"FROSINONE";"PALIANO";1;"Indennita' di contingenza";"5083";"0";4438;0;3072;1256;48
"LAZIO";"FROSINONE";"PASTENA";1;"Indennita' di contingenza";"1483";"0";1115;0;519;540;23
"LAZIO";"FROSINONE";"PATRICA";1;"Indennita' di contingenza";"2682";"0";1678;0;1027;594;28
"LAZIO";"FROSINONE";"PESCOSOLIDO";1;"Indennita' di contingenza";"1487";"0";950;0;506;399;21
"LAZIO";"FROSINONE";"PICINISCO";1;"Indennita' di contingenza";"1891";"0";725;0;228;480;8
"LAZIO";"FROSINONE";"PICO";1;"Indennita' di contingenza";"2612";"0";1922;0;998;823;35
"LAZIO";"FROSINONE";"PIEDIMONTE SAN GERMANO";1;"Indennita' di contingenza";"3201";"0";2528;0;1538;906;41
"LAZIO";"FROSINONE";"PIGLIO";1;"Indennita' di contingenza";"3420";"0";3064;0;1773;1222;41
"LAZIO";"FROSINONE";"PIGNATARO INTERAMNA";1;"Indennita' di contingenza";"1958";"0";1284;0;691;540;31
"LAZIO";"FROSINONE";"POFI";1;"Indennita' di contingenza";"4213";"0";2867;0;1600;1106;84
"LAZIO";"FROSINONE";"PONTECORVO";1;"Indennita' di contingenza";"9863";"0";7626;0;4035;3194;167
"LAZIO";"FROSINONE";"POSTA FIBRENO";1;"Indennita' di contingenza";"1242";"0";1014;0;425;513;52
"LAZIO";"FROSINONE";"RIPI";1;"Indennita' di contingenza";"5518";"0";3250;0;1520;1609;56
"LAZIO";"FROSINONE";"ROCCA D'ARCE";1;"Indennita' di contingenza";"1036";"0";695;0;359;310;17
"LAZIO";"FROSINONE";"ROCCASECCA";1;"Indennita' di contingenza";"5907";"0";4238;0;2161;1950;55
"LAZIO";"FROSINONE";"SAN BIAGIO SARACINISCO";1;"Indennita' di contingenza";"604";"0";311;0;159;134;8
"LAZIO";"FROSINONE";"SAN DONATO VAL DI COMINO";1;"Indennita' di contingenza";"2065";"0";1605;0;978;562;32
"LAZIO";"FROSINONE";"SAN GIORGIO A LIRI";1;"Indennita' di contingenza";"2467";"0";1872;0;913;875;45
"LAZIO";"FROSINONE";"SAN GIOVANNI INCARICO";1;"Indennita' di contingenza";"2900";"0";2425;0;1128;1167;50
"LAZIO";"FROSINONE";"SANT'AMBROGIO SUL GARIGLIANO";1;"Indennita' di contingenza";"1208";"0";617;0;252;341;14
"LAZIO";"FROSINONE";"SANT'ANDREA DEL GARIGLIANO";1;"Indennita' di contingenza";"1661";"0";1047;0;598;398;26
"LAZIO";"FROSINONE";"SANT'APOLLINARE";1;"Indennita' di contingenza";"1880";"0";1178;0;534;581;31
"LAZIO";"FROSINONE";"SANT'ELIA FIUMERAPIDO";1;"Indennita' di contingenza";"5423";"0";3675;0;1760;1649;103
"LAZIO";"FROSINONE";"SANTOPADRE";1;"Indennita' di contingenza";"1962";"0";940;0;469;446;14
"LAZIO";"FROSINONE";"SAN VITTORE DEL LAZIO";1;"Indennita' di contingenza";"2049";"0";1436;0;869;528;15
"LAZIO";"FROSINONE";"SERRONE";1;"Indennita' di contingenza";"2021";"0";1778;0;1065;667;19
"LAZIO";"FROSINONE";"SETTEFRATI";1;"Indennita' di contingenza";"1263";"0";465;0;112;328;6
"LAZIO";"FROSINONE";"SGURGOLA";1;"Indennita' di contingenza";"2054";"0";1641;0;1139;456;13
"LAZIO";"FROSINONE";"SORA";1;"Indennita' di contingenza";"21908";"0";16763;0;7493;8409;273
"LAZIO";"FROSINONE";"STRANGOLAGALLI";1;"Indennita' di contingenza";"2206";"0";1462;0;590;814;29
"LAZIO";"FROSINONE";"SUPINO";1;"Indennita' di contingenza";"4260";"0";2764;0;1438;1242;36
"LAZIO";"FROSINONE";"TERELLE";1;"Indennita' di contingenza";"1219";"0";564;0;310;229;16
"LAZIO";"FROSINONE";"TORRE CAJETANI";1;"Indennita' di contingenza";"860";"0";681;0;328;324;14
"LAZIO";"FROSINONE";"TORRICE";1;"Indennita' di contingenza";"4936";"0";2522;0;1156;1281;29
"LAZIO";"FROSINONE";"TREVI NEL LAZIO";1;"Indennita' di contingenza";"1584";"0";1332;0;697;576;19
"LAZIO";"FROSINONE";"TRIVIGLIANO";1;"Indennita' di contingenza";"950";"0";844;0;335;471;28
"LAZIO";"FROSINONE";"VALLECORSA";1;"Indennita' di contingenza";"2895";"0";2432;0;1313;1014;46
"LAZIO";"FROSINONE";"VALLEMAIO";1;"Indennita' di contingenza";"1041";"0";781;0;419;278;46
"LAZIO";"FROSINONE";"VALLEROTONDA";1;"Indennita' di contingenza";"2234";"0";1342;0;626;624;48
"LAZIO";"FROSINONE";"VEROLI";1;"Indennita' di contingenza";"14838";"0";11653;0;6497;4780;142
"LAZIO";"FROSINONE";"VICALVI";1;"Indennita' di contingenza";"751";"0";468;0;199;236;18
"LAZIO";"FROSINONE";"VICO NEL LAZIO";1;"Indennita' di contingenza";"1492";"0";1223;0;555;621;16
"LAZIO";"FROSINONE";"VILLA LATINA";1;"Indennita' di contingenza";"1358";"0";783;0;264;466;29
"LAZIO";"FROSINONE";"VILLA SANTA LUCIA";1;"Indennita' di contingenza";"1839";"0";1364;0;878;436;37
"LAZIO";"FROSINONE";"VILLA SANTO STEFANO";1;"Indennita' di contingenza";"1361";"0";1111;0;467;578;24
"LAZIO";"FROSINONE";"VITICUSO";1;"Indennita' di contingenza";"503";"0";353;0;210;122;9
"LAZIO";"LATINA";"APRILIA";1;"Indennita' di contingenza";"30364";"0";24063;0;12889;10529;211
"LAZIO";"LATINA";"BASSIANO";1;"Indennita' di contingenza";"1241";"0";1009;0;320;657;20
"LAZIO";"LATINA";"CAMPODIMELE";1;"Indennita' di contingenza";"1320";"0";617;0;256;338;12
"LAZIO";"LATINA";"CASTELFORTE";1;"Indennita' di contingenza";"5972";"0";4095;0;2107;1776;103
"LAZIO";"LATINA";"CISTERNA DI LATINA";1;"Indennita' di contingenza";"20876";"0";16561;0;7940;8127;192
"LAZIO";"LATINA";"CORI";1;"Indennita' di contingenza";"7727";"0";6699;0;3950;2601;56
"LAZIO";"LATINA";"FONDI";1;"Indennita' di contingenza";"22455";"0";15104;0;6534;7921;314
"LAZIO";"LATINA";"FORMIA";1;"Indennita' di contingenza";"24554";"0";17533;0;7739;9188;272
"LAZIO";"LATINA";"GAETA";1;"Indennita' di contingenza";"17618";"0";12726;0;5445;6920;150
"LAZIO";"LATINA";"ITRI";1;"Indennita' di contingenza";"6036";"0";4529;0;2174;2139;117
"LAZIO";"LATINA";"LATINA";1;"Indennita' di contingenza";"72244";"0";52363;0;18667;32430;450
"LAZIO";"LATINA";"LENOLA";1;"Indennita' di contingenza";"3312";"0";2214;0;1006;1117;38
"LAZIO";"LATINA";"MAENZA";1;"Indennita' di contingenza";"2168";"0";1788;0;1061;695;19
"LAZIO";"LATINA";"MINTURNO";1;"Indennita' di contingenza";"16720";"0";9907;0;4388;5005;199
"LAZIO";"LATINA";"MONTE SAN BIAGIO";1;"Indennita' di contingenza";"4355";"0";3229;0;1356;1549;121
"LAZIO";"LATINA";"NORMA";1;"Indennita' di contingenza";"2745";"0";2394;0;1308;1028;22
"LAZIO";"LATINA";"PONTINIA";1;"Indennita' di contingenza";"8393";"0";6505;0;2458;3782;110
"LAZIO";"LATINA";"PONZA";1;"Indennita' di contingenza";"3334";"0";1532;0;658;812;29
"LAZIO";"LATINA";"PRIVERNO";1;"Indennita' di contingenza";"10209";"0";8387;0;4899;3260;91
"LAZIO";"LATINA";"PROSSEDI";1;"Indennita' di contingenza";"1400";"0";815;0;370;417;17
"LAZIO";"LATINA";"ROCCAGORGA";1;"Indennita' di contingenza";"3369";"0";2697;0;1810;804;25
"LAZIO";"LATINA";"ROCCA MASSIMA";1;"Indennita' di contingenza";"968";"0";808;0;334;443;19
"LAZIO";"LATINA";"ROCCASECCA DEI VOLSCI";1;"Indennita' di contingenza";"894";"0";822;0;408;384;16
"LAZIO";"LATINA";"SABAUDIA";1;"Indennita' di contingenza";"9783";"0";7772;0;2445;5095;88
"LAZIO";"LATINA";"SAN FELICE CIRCEO";1;"Indennita' di contingenza";"6196";"0";4353;0;1292;2872;78
"LAZIO";"LATINA";"SANTI COSMA E DAMIANO";1;"Indennita' di contingenza";"2947";"0";1998;0;1109;777;56
"LAZIO";"LATINA";"SERMONETA";1;"Indennita' di contingenza";"4764";"0";3871;0;1899;1859;39
"LAZIO";"LATINA";"SEZZE";1;"Indennita' di contingenza";"16171";"0";12867;0;8548;3974;97
"LAZIO";"LATINA";"SONNINO";1;"Indennita' di contingenza";"5308";"0";4500;0;2600;1774;56
"LAZIO";"LATINA";"SPERLONGA";1;"Indennita' di contingenza";"2851";"0";2056;0;819;1159;37
"LAZIO";"LATINA";"SPIGNO SATURNIA";1;"Indennita' di contingenza";"2566";"0";1240;0;583;599;31
"LAZIO";"LATINA";"TERRACINA";1;"Indennita' di contingenza";"29566";"0";22444;0;9170;12326;324
"LAZIO";"LATINA";"VENTOTENE";1;"Indennita' di contingenza";"495";"0";285;0;84;188;5
"LAZIO";"RIETI";"ACCUMOLI";1;"Indennita' di contingenza";"823";"0";622;0;224;367;12
"LAZIO";"RIETI";"AMATRICE";1;"Indennita' di contingenza";"2787";"0";1864;0;720;1068;29
"LAZIO";"RIETI";"ANTRODOCO";1;"Indennita' di contingenza";"2471";"0";1998;0;857;1081;19
"LAZIO";"RIETI";"ASCREA";1;"Indennita' di contingenza";"275";"0";230;0;49;168;6
"LAZIO";"RIETI";"BELMONTE IN SABINA";1;"Indennita' di contingenza";"472";"0";419;0;214;182;10
"LAZIO";"RIETI";"BORBONA";1;"Indennita' di contingenza";"695";"0";535;0;234;279;8
"LAZIO";"RIETI";"BORGO VELINO";1;"Indennita' di contingenza";"3700";"0";2999;0;1488;1409;27
"LAZIO";"RIETI";"BORGOROSE";1;"Indennita' di contingenza";"564";"0";470;0;210;239;6
"LAZIO";"RIETI";"CANTALICE";1;"Indennita' di contingenza";"2142";"0";1698;0;891;726;34
"LAZIO";"RIETI";"CANTALUPO IN SABINA";1;"Indennita' di contingenza";"1041";"0";948;0;635;288;15
"LAZIO";"RIETI";"CASAPROTA";1;"Indennita' di contingenza";"593";"0";527;0;150;354;12
"LAZIO";"RIETI";"CASPERIA";1;"Indennita' di contingenza";"861";"0";689;0;266;382;19
"LAZIO";"RIETI";"CASTEL DI TORA";1;"Indennita' di contingenza";"295";"0";221;0;90;121;0
"LAZIO";"RIETI";"CASTELNUOVO DI FARFA";1;"Indennita' di contingenza";"652";"0";573;0;236;312;7
"LAZIO";"RIETI";"CASTEL SANT'ANGELO";1;"Indennita' di contingenza";"1051";"0";799;0;409;368;6
"LAZIO";"RIETI";"CITTADUCALE";1;"Indennita' di contingenza";"4535";"0";3750;0;1704;1892;64
"LAZIO";"RIETI";"CITTAREALE";1;"Indennita' di contingenza";"582";"0";407;0;153;222;16
"LAZIO";"RIETI";"COLLALTO SABINO";1;"Indennita' di contingenza";"484";"0";343;0;136;200;2
"LAZIO";"RIETI";"COLLE DI TORA";1;"Indennita' di contingenza";"355";"0";266;0;89;164;1
"LAZIO";"RIETI";"COLLEGIOVE";1;"Indennita' di contingenza";"227";"0";204;0;88;115;0
"LAZIO";"RIETI";"COLLEVECCHIO";1;"Indennita' di contingenza";"1194";"0";1026;0;521;455;22
"LAZIO";"RIETI";"COLLI SUL VELINO";1;"Indennita' di contingenza";"359";"0";336;0;192;137;4
"LAZIO";"RIETI";"CONCERVIANO";1;"Indennita' di contingenza";"383";"0";277;0;114;154;6
"LAZIO";"RIETI";"CONFIGNI";1;"Indennita' di contingenza";"621";"0";535;0;193;317;15
"LAZIO";"RIETI";"CONTIGLIANO";1;"Indennita' di contingenza";"2385";"0";1999;0;900;1039;30
"LAZIO";"RIETI";"COTTANELLO";1;"Indennita' di contingenza";"566";"0";451;0;115;294;24
"LAZIO";"RIETI";"FARA IN SABINA";1;"Indennita' di contingenza";"6338";"0";5779;0;3243;2345;71
"LAZIO";"RIETI";"FIAMIGNANO";1;"Indennita' di contingenza";"1696";"0";1303;0;628;623;15
"LAZIO";"RIETI";"FORANO";1;"Indennita' di contingenza";"1769";"0";1563;0;881;649;11
"LAZIO";"RIETI";"FRASSO SABINO";1;"Indennita' di contingenza";"460";"0";399;0;169;209;10
"LAZIO";"RIETI";"GRECCIO";1;"Indennita' di contingenza";"1213";"0";1034;0;474;524;20
"LAZIO";"RIETI";"LABRO";1;"Indennita' di contingenza";"269";"0";211;0;111;82;9
"LAZIO";"RIETI";"LEONESSA";1;"Indennita' di contingenza";"2506";"0";1971;0;635;1229;42
"LAZIO";"RIETI";"LONGONE SABINO";1;"Indennita' di contingenza";"632";"0";514;0;167;310;10
"LAZIO";"RIETI";"MAGLIANO SABINA";1;"Indennita' di contingenza";"2915";"0";2586;0;1364;1117;43
"LAZIO";"RIETI";"MARCETELLI";1;"Indennita' di contingenza";"216";"0";169;0;62;101;5
"LAZIO";"RIETI";"MICIGLIANO";1;"Indennita' di contingenza";"157";"0";101;0;34;65;1
"LAZIO";"RIETI";"MOMPEO";1;"Indennita' di contingenza";"498";"0";426;0;231;170;12
"LAZIO";"RIETI";"MONTASOLA";1;"Indennita' di contingenza";"347";"0";243;0;107;118;7
"LAZIO";"RIETI";"MONTEBUONO";1;"Indennita' di contingenza";"805";"0";724;0;276;407;21
"LAZIO";"RIETI";"MONTELEONE SABINO";1;"Indennita' di contingenza";"1008";"0";882;0;282;540;12
"LAZIO";"RIETI";"MONTENERO SABINO";1;"Indennita' di contingenza";"338";"0";277;0;135;132;2
"LAZIO";"RIETI";"MONTE SAN GIOVANNI IN SABINA";1;"Indennita' di contingenza";"526";"0";416;0;114;282;10
"LAZIO";"RIETI";"MONTOPOLI DI SABINA";1;"Indennita' di contingenza";"2359";"0";2145;0;1344;753;18
"LAZIO";"RIETI";"MORRO REATINO";1;"Indennita' di contingenza";"324";"0";273;0;133;123;7
"LAZIO";"RIETI";"NESPOLO";1;"Indennita' di contingenza";"247";"0";189;0;56;129;0
"LAZIO";"RIETI";"ORVINIO";1;"Indennita' di contingenza";"429";"0";362;0;117;238;3
"LAZIO";"RIETI";"PAGANICO SABINO";1;"Indennita' di contingenza";"201";"0";162;0;59;95;5
"LAZIO";"RIETI";"PESCOROCCHIANO";1;"Indennita' di contingenza";"2754";"0";2003;0;754;1164;19
"LAZIO";"RIETI";"PETRELLA SALTO";1;"Indennita' di contingenza";"1522";"0";1184;0;476;664;20
"LAZIO";"RIETI";"POGGIO BUSTONE";1;"Indennita' di contingenza";"1601";"0";1402;0;758;611;10
"LAZIO";"RIETI";"POGGIO CATINO";1;"Indennita' di contingenza";"873";"0";755;0;314;407;8
"LAZIO";"RIETI";"POGGIO MIRTETO";1;"Indennita' di contingenza";"3736";"0";3306;0;1697;1521;41
"LAZIO";"RIETI";"POGGIO MOIANO";1;"Indennita' di contingenza";"1704";"0";1456;0;686;733;22
"LAZIO";"RIETI";"POGGIO NATIVO";1;"Indennita' di contingenza";"1318";"0";1180;0;509;614;29
"LAZIO";"RIETI";"POGGIO SAN LORENZO";1;"Indennita' di contingenza";"415";"0";342;0;136;199;1
"LAZIO";"RIETI";"POSTA";1;"Indennita' di contingenza";"871";"0";557;0;283;246;9
"LAZIO";"RIETI";"POZZAGLIA SABINO";1;"Indennita' di contingenza";"601";"0";513;0;162;329;12
"LAZIO";"RIETI";"RIETI";1;"Indennita' di contingenza";"33634";"0";28613;0;12245;15603;292
"LAZIO";"RIETI";"RIVODUTRI";1;"Indennita' di contingenza";"992";"0";873;0;382;464;7
"LAZIO";"RIETI";"ROCCANTICA";1;"Indennita' di contingenza";"473";"0";398;0;249;140;1
"LAZIO";"RIETI";"ROCCA SINIBALDA";1;"Indennita' di contingenza";"780";"0";618;0;259;328;15
"LAZIO";"RIETI";"SALISANO";1;"Indennita' di contingenza";"437";"0";371;0;173;180;6
"LAZIO";"RIETI";"SCANDRIGLIA";1;"Indennita' di contingenza";"1589";"0";1311;0;547;729;15
"LAZIO";"RIETI";"SELCI";1;"Indennita' di contingenza";"772";"0";650;0;334;279;15
"LAZIO";"RIETI";"STIMIGLIANO";1;"Indennita' di contingenza";"1295";"0";1187;0;698;461;14
"LAZIO";"RIETI";"TARANO";1;"Indennita' di contingenza";"854";"0";738;0;380;318;19
"LAZIO";"RIETI";"TOFFIA";1;"Indennita' di contingenza";"595";"0";556;0;283;259;10
"LAZIO";"RIETI";"TORRICELLA IN SABINA";1;"Indennita' di contingenza";"903";"0";752;0;367;350;9
"LAZIO";"RIETI";"TORRI IN SABINA";1;"Indennita' di contingenza";"956";"0";792;0;311;409;24
"LAZIO";"RIETI";"TURANIA";1;"Indennita' di contingenza";"296";"0";253;0;122;129;1
"LAZIO";"RIETI";"VACONE";1;"Indennita' di contingenza";"225";"0";182;0;53;121;3
"LAZIO";"RIETI";"VARCO SABINO";1;"Indennita' di contingenza";"311";"0";246;0;67;161;5
"LAZIO";"ROMA";"AFFILE";1;"Indennita' di contingenza";"1308";"0";1039;0;515;483;15
"LAZIO";"ROMA";"AGOSTA";1;"Indennita' di contingenza";"985";"0";856;0;318;492;18
"LAZIO";"ROMA";"ALBANO LAZIALE";1;"Indennita' di contingenza";"22025";"0";18625;0;10399;7769;147
"LAZIO";"ROMA";"ALLUMIERE";1;"Indennita' di contingenza";"3154";"0";2900;0;1476;1356;40
"LAZIO";"ROMA";"ANGUILLARA SABAZIA";1;"Indennita' di contingenza";"5471";"0";4379;0;2196;2075;36
"LAZIO";"ROMA";"ANTICOLI CORRADO";1;"Indennita' di contingenza";"753";"0";639;0;387;232;7
"LAZIO";"ROMA";"ANZIO";1;"Indennita' di contingenza";"22136";"0";16082;0;7958;7957;111
"LAZIO";"ROMA";"ARCINAZZO ROMANO";1;"Indennita' di contingenza";"1212";"0";1001;0;445;546;1
"LAZIO";"ROMA";"ARDEA";1;"Indennita' di contingenza";"9433";"0";6843;0;3556;3110;46
"LAZIO";"ROMA";"ARICCIA";1;"Indennita' di contingenza";"11405";"0";9532;0;5209;4093;93
"LAZIO";"ROMA";"ARSOLI";1;"Indennita' di contingenza";"1267";"0";1053;0;587;441;8
"LAZIO";"ROMA";"ARTENA";1;"Indennita' di contingenza";"7352";"0";6432;0;4269;1958;59
"LAZIO";"ROMA";"BELLEGRA";1;"Indennita' di contingenza";"2341";"0";1911;0;1039;794;38
"LAZIO";"ROMA";"BRACCIANO";1;"Indennita' di contingenza";"8385";"0";7793;0;3450;4076;123
"LAZIO";"ROMA";"CAMERATA NUOVA";1;"Indennita' di contingenza";"416";"0";297;0;153;129;7
"LAZIO";"ROMA";"CAMPAGNANO DI ROMA";1;"Indennita' di contingenza";"4004";"0";3285;0;1803;1378;52
"LAZIO";"ROMA";"CANALE MONTERANO";1;"Indennita' di contingenza";"1862";"0";1613;0;748;828;16
"LAZIO";"ROMA";"CANTERANO";1;"Indennita' di contingenza";"310";"0";253;0;114;128;5
"LAZIO";"ROMA";"CAPENA";1;"Indennita' di contingenza";"2965";"0";2532;0;1252;1216;33
"LAZIO";"ROMA";"CAPRANICA PRENESTINA";1;"Indennita' di contingenza";"290";"0";255;0;143;102;6
"LAZIO";"ROMA";"CARPINETO ROMANO";1;"Indennita' di contingenza";"4407";"0";3598;0;1989;1472;53
"LAZIO";"ROMA";"CASAPE";1;"Indennita' di contingenza";"681";"0";529;0;195;304;17
"LAZIO";"ROMA";"CASTEL GANDOLFO";1;"Indennita' di contingenza";"4975";"0";4287;0;2194;2006;37
"LAZIO";"ROMA";"CASTEL MADAMA";1;"Indennita' di contingenza";"4347";"0";3765;0;1988;1656;56
"LAZIO";"ROMA";"CASTELNUOVO DI PORTO";1;"Indennita' di contingenza";"3630";"0";2760;0;1398;1294;22
"LAZIO";"ROMA";"CASTEL SAN PIETRO ROMANO";1;"Indennita' di contingenza";"532";"0";486;0;226;244;5
"LAZIO";"ROMA";"CAVE";1;"Indennita' di contingenza";"5972";"0";5079;0;2690;2183;80
"LAZIO";"ROMA";"CERRETO LAZIALE";1;"Indennita' di contingenza";"858";"0";735;0;254;456;10
"LAZIO";"ROMA";"CERVARA DI ROMA";1;"Indennita' di contingenza";"415";"0";333;0;146;176;3
"LAZIO";"ROMA";"CERVETERI";1;"Indennita' di contingenza";"11349";"0";9010;0;4077;4673;93
"LAZIO";"ROMA";"CIAMPINO";1;"Indennita' di contingenza";"23610";"0";19043;0;9586;8956;158
"LAZIO";"ROMA";"CICILIANO";1;"Indennita' di contingenza";"835";"0";748;0;382;339;7
"LAZIO";"ROMA";"CINETO ROMANO";1;"Indennita' di contingenza";"474";"0";416;0;222;181;4
"LAZIO";"ROMA";"CIVITAVECCHIA";1;"Indennita' di contingenza";"37150";"0";30943;0;15592;14651;223
"LAZIO";"ROMA";"CIVITELLA SAN PAOLO";1;"Indennita' di contingenza";"1090";"0";919;0;488;410;7
"LAZIO";"ROMA";"COLLEFERRO";1;"Indennita' di contingenza";"15930";"0";13078;0;6714;6093;107
"LAZIO";"ROMA";"COLONNA";1;"Indennita' di contingenza";"2037";"0";1846;0;917;888;16
"LAZIO";"ROMA";"FIANO ROMANO";1;"Indennita' di contingenza";"3545";"0";3081;0;1818;1204;36
"LAZIO";"ROMA";"FILACCIANO";1;"Indennita' di contingenza";"382";"0";316;0;183;128;1
"LAZIO";"ROMA";"FORMELLO";1;"Indennita' di contingenza";"4440";"0";3219;0;1587;1556;27
"LAZIO";"ROMA";"FRASCATI";1;"Indennita' di contingenza";"15393";"0";13219;0;6135;6637;0
"LAZIO";"ROMA";"GALLICANO NEL LAZIO";1;"Indennita' di contingenza";"2159";"0";1861;0;807;979;35
"LAZIO";"ROMA";"GAVIGNANO";1;"Indennita' di contingenza";"1181";"0";994;0;505;459;10
"LAZIO";"ROMA";"GENAZZANO";1;"Indennita' di contingenza";"3719";"0";3380;0;2142;1145;35
"LAZIO";"ROMA";"GENZANO DI ROMA";1;"Indennita' di contingenza";"13831";"0";12145;0;7303;4519;151
"LAZIO";"ROMA";"GERANO";1;"Indennita' di contingenza";"896";"0";796;0;485;288;7
"LAZIO";"ROMA";"GORGA";1;"Indennita' di contingenza";"710";"0";584;0;295;257;21
"LAZIO";"ROMA";"GROTTAFERRATA";1;"Indennita' di contingenza";"11469";"0";9609;0;4068;5310;63
"LAZIO";"ROMA";"GUIDONIA MONTECELIO";1;"Indennita' di contingenza";"37069";"0";29962;0;16973;12343;185
"LAZIO";"ROMA";"JENNE";1;"Indennita' di contingenza";"506";"0";391;0;94;286;4
"LAZIO";"ROMA";"LABICO";1;"Indennita' di contingenza";"1681";"0";1452;0;740;672;21
"LAZIO";"ROMA";"LADISPOLI";1;"Indennita' di contingenza";"10835";"0";8018;0;3847;3977;58
"LAZIO";"ROMA";"LANUVIO";1;"Indennita' di contingenza";"5024";"0";4361;0;2563;1713;33
"LAZIO";"ROMA";"LARIANO";1;"Indennita' di contingenza";"5361";"0";4433;0;2317;1957;56
"LAZIO";"ROMA";"LICENZA";1;"Indennita' di contingenza";"805";"0";723;0;333;355;5
"LAZIO";"ROMA";"MAGLIANO ROMANO";1;"Indennita' di contingenza";"812";"0";734;0;347;371;8
"LAZIO";"ROMA";"MANDELA";1;"Indennita' di contingenza";"461";"0";390;0;205;180;2
"LAZIO";"ROMA";"MANZIANA";1;"Indennita' di contingenza";"3448";"0";2849;0;1353;1426;26
"LAZIO";"ROMA";"MARANO EQUO";1;"Indennita' di contingenza";"678";"0";549;0;266;278;1
"LAZIO";"ROMA";"MARCELLINA";1;"Indennita' di contingenza";"3629";"0";2954;0;1749;1141;22
"LAZIO";"ROMA";"MARINO";1;"Indennita' di contingenza";"23571";"0";20187;0;10348;9337;144
"LAZIO";"ROMA";"MAZZANO ROMANO";1;"Indennita' di contingenza";"1460";"0";1226;0;546;653;8
"LAZIO";"ROMA";"MENTANA";1;"Indennita' di contingenza";"18774";"0";15500;0;8202;6844;158
"LAZIO";"ROMA";"MONTE COMPATRI";1;"Indennita' di contingenza";"5095";"0";4170;0;2013;2036;35
"LAZIO";"ROMA";"MONTEFLAVIO";1;"Indennita' di contingenza";"1076";"0";990;0;515;455;11
"LAZIO";"ROMA";"MONTELANICO";1;"Indennita' di contingenza";"1488";"0";1238;0;676;532;12
"LAZIO";"ROMA";"MONTELIBRETTI";1;"Indennita' di contingenza";"3615";"0";3189;0;1478;1605;32
"LAZIO";"ROMA";"MONTE PORZIO CATONE";1;"Indennita' di contingenza";"4875";"0";4010;0;1764;2157;34
"LAZIO";"ROMA";"MONTEROTONDO";1;"Indennita' di contingenza";"20601";"0";17468;0;10509;6554;108
"LAZIO";"ROMA";"MONTORIO ROMANO";1;"Indennita' di contingenza";"1424";"0";1249;0;538;632;36
"LAZIO";"ROMA";"MORICONE";1;"Indennita' di contingenza";"1739";"0";1436;0;648;744;23
"LAZIO";"ROMA";"MORLUPO";1;"Indennita' di contingenza";"3762";"0";3133;0;1615;1434;37
"LAZIO";"ROMA";"NAZZANO";1;"Indennita' di contingenza";"867";"0";735;0;415;288;8
"LAZIO";"ROMA";"NEMI";1;"Indennita' di contingenza";"1209";"0";1228;0;655;512;23
"LAZIO";"ROMA";"NEROLA";1;"Indennita' di contingenza";"1136";"0";968;0;351;583;22
"LAZIO";"ROMA";"NETTUNO";1;"Indennita' di contingenza";"23346";"0";18129;0;9218;8531;141
"LAZIO";"ROMA";"OLEVANO ROMANO";1;"Indennita' di contingenza";"4655";"0";4100;0;1836;2141;64
"LAZIO";"ROMA";"PALESTRINA";1;"Indennita' di contingenza";"10747";"0";9645;0;4168;5096;157
"LAZIO";"ROMA";"PALOMBARA SABINA";1;"Indennita' di contingenza";"6031";"0";5136;0;2470;2461;73
"LAZIO";"ROMA";"PERCILE";1;"Indennita' di contingenza";"242";"0";207;0;120;84;0
"LAZIO";"ROMA";"PISONIANO";1;"Indennita' di contingenza";"716";"0";623;0;317;297;5
"LAZIO";"ROMA";"POLI";1;"Indennita' di contingenza";"1511";"0";1330;0;615;671;21
"LAZIO";"ROMA";"POMEZIA";1;"Indennita' di contingenza";"22970";"0";18340;0;9494;8402;170
"LAZIO";"ROMA";"PONZANO ROMANO";1;"Indennita' di contingenza";"714";"0";618;0;252;347;9
"LAZIO";"ROMA";"RIANO";1;"Indennita' di contingenza";"3998";"0";3255;0;1597;1593;29
"LAZIO";"ROMA";"RIGNANO FLAMINIO";1;"Indennita' di contingenza";"3513";"0";2857;0;1429;1371;22
"LAZIO";"ROMA";"RIOFREDDO";1;"Indennita' di contingenza";"534";"0";442;0;259;167;8
"LAZIO";"ROMA";"ROCCA CANTERANO";1;"Indennita' di contingenza";"266";"0";242;0;94;139;3
"LAZIO";"ROMA";"ROCCA DI CAVE";1;"Indennita' di contingenza";"284";"0";251;0;63;172;7
"LAZIO";"ROMA";"ROCCA DI PAPA";1;"Indennita' di contingenza";"7174";"0";6153;0;3379;2605;57
"LAZIO";"ROMA";"ROCCAGIOVINE";1;"Indennita' di contingenza";"229";"0";186;0;80;97;5
"LAZIO";"ROMA";"ROCCA PRIORA";1;"Indennita' di contingenza";"5229";"0";4407;0;2151;2117;57
"LAZIO";"ROMA";"ROCCA SANTO STEFANO";1;"Indennita' di contingenza";"841";"0";740;0;332;381;6
"LAZIO";"ROMA";"ROIATE";1;"Indennita' di contingenza";"695";"0";551;0;169;361;9
"LAZIO";"ROMA";"ROMA";1;"Indennita' di contingenza";"2268594";"0";1729471;0;795277;896961;9016
"LAZIO";"ROMA";"ROVIANO";1;"Indennita' di contingenza";"1176";"0";1049;0;548;477;4
"LAZIO";"ROMA";"SACROFANO";1;"Indennita' di contingenza";"2795";"0";2049;0;834;1151;17
"LAZIO";"ROMA";"SAMBUCI";1;"Indennita' di contingenza";"689";"0";601;0;375;215;8
"LAZIO";"ROMA";"SAN GREGORIO DA SASSOLA";1;"Indennita' di contingenza";"1220";"0";966;0;390;517;20
"LAZIO";"ROMA";"SAN POLO DEI CAVALIERI";1;"Indennita' di contingenza";"1454";"0";1168;0;620;516;7
"LAZIO";"ROMA";"SANTA MARINELLA";1;"Indennita' di contingenza";"7919";"0";6314;0;2542;3604;63
"LAZIO";"ROMA";"SANT'ANGELO ROMANO";1;"Indennita' di contingenza";"1819";"0";1453;0;583;828;11
"LAZIO";"ROMA";"SANT'ORESTE";1;"Indennita' di contingenza";"2260";"0";1995;0;1034;910;25
"LAZIO";"ROMA";"SAN VITO ROMANO";1;"Indennita' di contingenza";"2567";"0";2290;0;1110;1128;30
"LAZIO";"ROMA";"SARACINESCO";1;"Indennita' di contingenza";"110";"0";93;0;31;56;3
"LAZIO";"ROMA";"SEGNI";1;"Indennita' di contingenza";"6623";"0";5552;0;3145;2290;48
"LAZIO";"ROMA";"SUBIACO";1;"Indennita' di contingenza";"6856";"0";5480;0;2116;3166;65
"LAZIO";"ROMA";"TIVOLI";1;"Indennita' di contingenza";"36207";"0";29937;0;16820;12427;213
"LAZIO";"ROMA";"TOLFA";1;"Indennita' di contingenza";"3767";"0";3345;0;1519;1715;59
"LAZIO";"ROMA";"TORRITA TIBERINA";1;"Indennita' di contingenza";"573";"0";510;0;276;224;6
"LAZIO";"ROMA";"TREVIGNANO ROMANO";1;"Indennita' di contingenza";"2226";"0";1897;0;886;991;15
"LAZIO";"ROMA";"VALLEPIETRA";1;"Indennita' di contingenza";"412";"0";338;0;68;263;4
"LAZIO";"ROMA";"VALLINFREDA";1;"Indennita' di contingenza";"267";"0";218;0;75;134;5
"LAZIO";"ROMA";"VALMONTONE";1;"Indennita' di contingenza";"7953";"0";6872;0;3860;2844;66
"LAZIO";"ROMA";"VELLETRI";1;"Indennita' di contingenza";"31994";"0";26122;0;13878;11343;290
"LAZIO";"ROMA";"VICOVARO";1;"Indennita' di contingenza";"2885";"0";2472;0;1578;847;15
"LAZIO";"ROMA";"VIVARO ROMANO";1;"Indennita' di contingenza";"263";"0";181;0;84;83;5
"LAZIO";"ROMA";"ZAGAROLO";1;"Indennita' di contingenza";"10990";"0";9487;0;5090;4169;61
"LAZIO";"VITERBO";"ACQUAPENDENTE";1;"Indennita' di contingenza";"4878";"0";4447;0;2674;1655;64
"LAZIO";"VITERBO";"ARLENA DI CASTRO";1;"Indennita' di contingenza";"667";"0";615;0;297;306;9
"LAZIO";"VITERBO";"BAGNOREGIO";1;"Indennita' di contingenza";"3213";"0";2839;0;1373;1334;75
"LAZIO";"VITERBO";"BARBARANO ROMANO";1;"Indennita' di contingenza";"702";"0";619;0;226;374;9
"LAZIO";"VITERBO";"BASSANO IN TEVERINA";1;"Indennita' di contingenza";"844";"0";743;0;397;318;10
"LAZIO";"VITERBO";"BASSANO ROMANO";1;"Indennita' di contingenza";"2868";"0";2488;0;1153;1259;30
"LAZIO";"VITERBO";"BLERA";1;"Indennita' di contingenza";"2488";"0";2248;0;989;1185;43
"LAZIO";"VITERBO";"BOLSENA";1;"Indennita' di contingenza";"3317";"0";2815;0;1312;1356;84
"LAZIO";"VITERBO";"BOMARZO";1;"Indennita' di contingenza";"1197";"0";1026;0;437;558;11
"LAZIO";"VITERBO";"CALCATA";1;"Indennita' di contingenza";"623";"0";516;0;219;271;12
"LAZIO";"VITERBO";"CANEPINA";1;"Indennita' di contingenza";"2368";"0";2107;0;954;1067;34
"LAZIO";"VITERBO";"CANINO";1;"Indennita' di contingenza";"4073";"0";3585;0;1897;1576;57
"LAZIO";"VITERBO";"CAPODIMONTE";1;"Indennita' di contingenza";"1373";"0";1167;0;474;664;18
"LAZIO";"VITERBO";"CAPRANICA";1;"Indennita' di contingenza";"3310";"0";2976;0;1179;1707;55
"LAZIO";"VITERBO";"CAPRAROLA";1;"Indennita' di contingenza";"3880";"0";3319;0;1544;1567;87
"LAZIO";"VITERBO";"CARBOGNANO";1;"Indennita' di contingenza";"1569";"0";1387;0;618;672;59
"LAZIO";"VITERBO";"CASTEL SANT'ELIA";1;"Indennita' di contingenza";"1376";"0";1144;0;503;601;24
"LAZIO";"VITERBO";"CASTIGLIONE IN TEVERINA";1;"Indennita' di contingenza";"1845";"0";1696;0;1166;480;21
"LAZIO";"VITERBO";"CELLENO";1;"Indennita' di contingenza";"985";"0";858;0;498;339;11
"LAZIO";"VITERBO";"CELLERE";1;"Indennita' di contingenza";"1300";"0";1130;0;487;613;13
"LAZIO";"VITERBO";"CIVITA CASTELLANA";1;"Indennita' di contingenza";"11827";"0";10296;0;6603;3411;129
"LAZIO";"VITERBO";"CIVITELLA D'AGLIANO";1;"Indennita' di contingenza";"1488";"0";1332;0;795;497;20
"LAZIO";"VITERBO";"CORCHIANO";1;"Indennita' di contingenza";"2120";"0";1709;0;809;809;38
"LAZIO";"VITERBO";"FABRICA DI ROMA";1;"Indennita' di contingenza";"3420";"0";2941;0;1531;1302;55
"LAZIO";"VITERBO";"FALERIA";1;"Indennita' di contingenza";"1217";"0";1030;0;419;555;29
"LAZIO";"VITERBO";"FARNESE";1;"Indennita' di contingenza";"1529";"0";1358;0;699;616;19
"LAZIO";"VITERBO";"GALLESE";1;"Indennita' di contingenza";"2199";"0";1920;0;1123;718;46
"LAZIO";"VITERBO";"GRADOLI";1;"Indennita' di contingenza";"1383";"0";1151;0;482;621;21
"LAZIO";"VITERBO";"GRAFFIGNANO";1;"Indennita' di contingenza";"1897";"0";1641;0;699;883;20
"LAZIO";"VITERBO";"GROTTE DI CASTRO";1;"Indennita' di contingenza";"2732";"0";2308;0;589;1626;40
"LAZIO";"VITERBO";"ISCHIA DI CASTRO";1;"Indennita' di contingenza";"2124";"0";1825;0;731;990;58
"LAZIO";"VITERBO";"LATERA";1;"Indennita' di contingenza";"1027";"0";901;0;452;413;17
"LAZIO";"VITERBO";"LUBRIANO";1;"Indennita' di contingenza";"773";"0";718;0;458;232;17
"LAZIO";"VITERBO";"MARTA";1;"Indennita' di contingenza";"2717";"0";2296;0;818;1306;49
"LAZIO";"VITERBO";"MONTALTO DI CASTRO";1;"Indennita' di contingenza";"5347";"0";4534;0;2227;2125;80
"LAZIO";"VITERBO";"MONTEFIASCONE";1;"Indennita' di contingenza";"10153";"0";8983;0;4059;4494;167
"LAZIO";"VITERBO";"MONTE ROMANO";1;"Indennita' di contingenza";"1545";"0";1552;0;693;808;29
"LAZIO";"VITERBO";"MONTEROSI";1;"Indennita' di contingenza";"1165";"0";980;0;457;484;18
"LAZIO";"VITERBO";"NEPI";1;"Indennita' di contingenza";"4150";"0";3587;0;1945;1455;97
"LAZIO";"VITERBO";"ONANO";1;"Indennita' di contingenza";"1184";"0";1014;0;483;495;18
"LAZIO";"VITERBO";"ORIOLO ROMANO";1;"Indennita' di contingenza";"1613";"0";1433;0;669;721;22
"LAZIO";"VITERBO";"ORTE";1;"Indennita' di contingenza";"6313";"0";5743;0;3013;2593;61
"LAZIO";"VITERBO";"PIANSANO";1;"Indennita' di contingenza";"1845";"0";1600;0;594;928;38
"LAZIO";"VITERBO";"PROCENO";1;"Indennita' di contingenza";"649";"0";598;0;336;252;5
"LAZIO";"VITERBO";"RONCIGLIONE";1;"Indennita' di contingenza";"5585";"0";4792;0;2451;2144;79
"LAZIO";"VITERBO";"SAN LORENZO NUOVO";1;"Indennita' di contingenza";"1672";"0";1487;0;548;887;27
"LAZIO";"VITERBO";"SORIANO NEL CIMINO";1;"Indennita' di contingenza";"5853";"0";5164;0;2767;2137;102
"LAZIO";"VITERBO";"SUTRI";1;"Indennita' di contingenza";"2822";"0";2388;0;1030;1282;26
"LAZIO";"VITERBO";"TARQUINIA";1;"Indennita' di contingenza";"10609";"0";8986;0;4168;4490;98
"LAZIO";"VITERBO";"TESSENNANO";1;"Indennita' di contingenza";"392";"0";336;0;161;164;8
"LAZIO";"VITERBO";"TUSCANIA";1;"Indennita' di contingenza";"5828";"0";5034;0;2234;2534;103
"LAZIO";"VITERBO";"VALENTANO";1;"Indennita' di contingenza";"2346";"0";1975;0;936;977;26
"LAZIO";"VITERBO";"VALLERANO";1;"Indennita' di contingenza";"1890";"0";1758;0;818;890;27
"LAZIO";"VITERBO";"VASANELLO";1;"Indennita' di contingenza";"2527";"0";2234;0;1017;1067;74
"LAZIO";"VITERBO";"VEJANO";1;"Indennita' di contingenza";"1374";"0";1158;0;481;645;20
"LAZIO";"VITERBO";"VETRALLA";1;"Indennita' di contingenza";"8531";"0";7249;0;3084;3863;114
"LAZIO";"VITERBO";"VIGNANELLO";1;"Indennita' di contingenza";"3972";"0";3478;0;1643;1717;76
"LAZIO";"VITERBO";"VILLA SAN GIOVANNI IN TUSCIA";1;"Indennita' di contingenza";"908";"0";819;0;238;542;16
"LAZIO";"VITERBO";"VITERBO";1;"Indennita' di contingenza";"45098";"0";40644;0;16350;22800;536
"LAZIO";"VITERBO";"VITORCHIANO";1;"Indennita' di contingenza";"1738";"0";1536;0;613;849;26
"ABRUZZO";"CHIETI";"ALTINO";1;"Indennita' di contingenza";"2127";"0";1568;0;632;890;19
"ABRUZZO";"CHIETI";"ARCHI";1;"Indennita' di contingenza";"2144";"0";1577;0;783;716;38
"ABRUZZO";"CHIETI";"ARI";1;"Indennita' di contingenza";"1758";"0";902;0;327;535;23
"ABRUZZO";"CHIETI";"ARIELLI";1;"Indennita' di contingenza";"1185";"0";818;0;327;446;16
"ABRUZZO";"CHIETI";"ATESSA";1;"Indennita' di contingenza";"8183";"0";6622;0;3362;3020;110
"ABRUZZO";"CHIETI";"BOMBA";1;"Indennita' di contingenza";"1141";"0";831;0;357;442;20
"ABRUZZO";"CHIETI";"BORRELLO";1;"Indennita' di contingenza";"582";"0";421;0;162;239;8
"ABRUZZO";"CHIETI";"BUCCHIANICO";1;"Indennita' di contingenza";"3986";"0";2483;0;816;1469;87
"ABRUZZO";"CHIETI";"CANOSA SANNITA";1;"Indennita' di contingenza";"1514";"0";1074;0;368;667;20
"ABRUZZO";"CHIETI";"CARPINETO SINELLO";1;"Indennita' di contingenza";"932";"0";638;0;329;282;16
"ABRUZZO";"CHIETI";"CARUNCHIO";1;"Indennita' di contingenza";"885";"0";655;0;234;370;19
"ABRUZZO";"CHIETI";"CASACANDITELLA";1;"Indennita' di contingenza";"1641";"0";939;0;296;607;14
"ABRUZZO";"CHIETI";"CASALANGUIDA";1;"Indennita' di contingenza";"1190";"0";907;0;394;480;25
"ABRUZZO";"CHIETI";"CASALBORDINO";1;"Indennita' di contingenza";"5456";"0";4148;0;1806;2216;55
"ABRUZZO";"CHIETI";"CASALINCONTRADA";1;"Indennita' di contingenza";"2031";"0";1585;0;759;774;23
"ABRUZZO";"CHIETI";"CASOLI";1;"Indennita' di contingenza";"5236";"0";3961;0;1516;2314;73
"ABRUZZO";"CHIETI";"CASTEL FRENTANO";1;"Indennita' di contingenza";"3339";"0";2642;0;891;1648;40
"ABRUZZO";"CHIETI";"CASTELGUIDONE";1;"Indennita' di contingenza";"614";"0";440;0;198;235;3
"ABRUZZO";"CHIETI";"CASTIGLIONE MESSER MARINO";1;"Indennita' di contingenza";"2398";"0";1659;0;657;846;77
"ABRUZZO";"CHIETI";"CELENZA SUL TRIGNO";1;"Indennita' di contingenza";"1111";"0";888;0;401;456;16
"ABRUZZO";"CHIETI";"CHIETI";1;"Indennita' di contingenza";"44465";"0";36042;0;14785;20127;440
"ABRUZZO";"CHIETI";"CIVITALUPARELLA";1;"Indennita' di contingenza";"611";"0";320;0;186;130;3
"ABRUZZO";"CHIETI";"CIVITELLA MESSER RAIMONDO";1;"Indennita' di contingenza";"1024";"0";840;0;319;493;18
"ABRUZZO";"CHIETI";"COLLEDIMACINE";1;"Indennita' di contingenza";"617";"0";310;0;160;132;8
"ABRUZZO";"CHIETI";"COLLEDIMEZZO";1;"Indennita' di contingenza";"835";"0";446;0;187;244;8
"ABRUZZO";"CHIETI";"CRECCHIO";1;"Indennita' di contingenza";"2700";"0";2131;0;937;1125;37
"ABRUZZO";"CHIETI";"CUPELLO";1;"Indennita' di contingenza";"3590";"0";2627;0;1575;964;46
"ABRUZZO";"CHIETI";"DOGLIOLA";1;"Indennita' di contingenza";"497";"0";311;0;163;141;3
"ABRUZZO";"CHIETI";"FALLO";1;"Indennita' di contingenza";"299";"0";195;0;55;138;1
"ABRUZZO";"CHIETI";"FARA FILIORUM PETRI";1;"Indennita' di contingenza";"1785";"0";1050;0;518;494;16
"ABRUZZO";"CHIETI";"FARA SAN MARTINO";1;"Indennita' di contingenza";"1418";"0";1192;0;497;655;21
"ABRUZZO";"CHIETI";"FILETTO";1;"Indennita' di contingenza";"1221";"0";865;0;323;511;12
"ABRUZZO";"CHIETI";"FOSSACESIA";1;"Indennita' di contingenza";"3929";"0";2959;0;1239;1632;43
"ABRUZZO";"CHIETI";"FRAINE";1;"Indennita' di contingenza";"638";"0";418;0;180;225;6
"ABRUZZO";"CHIETI";"FRANCAVILLA AL MARE";1;"Indennita' di contingenza";"14306";"0";10543;0;4223;6004;134
"ABRUZZO";"CHIETI";"FRESAGRANDINARIA";1;"Indennita' di contingenza";"1278";"0";859;0;418;419;13
"ABRUZZO";"CHIETI";"FRISA";1;"Indennita' di contingenza";"1795";"0";1382;0;457;877;17
"ABRUZZO";"CHIETI";"FURCI";1;"Indennita' di contingenza";"1567";"0";995;0;483;476;17
"ABRUZZO";"CHIETI";"GAMBERALE";1;"Indennita' di contingenza";"785";"0";360;0;111;237;3
"ABRUZZO";"CHIETI";"GESSOPALENA";1;"Indennita' di contingenza";"2019";"0";1312;0;685;583;16
"ABRUZZO";"CHIETI";"GISSI";1;"Indennita' di contingenza";"2928";"0";2148;0;988;1068;48
"ABRUZZO";"CHIETI";"GIULIANO TEATINO";1;"Indennita' di contingenza";"1247";"0";895;0;290;574;11
"ABRUZZO";"CHIETI";"GUARDIAGRELE";1;"Indennita' di contingenza";"9524";"0";6534;0;3051;3320;89
"ABRUZZO";"CHIETI";"GUILMI";1;"Indennita' di contingenza";"676";"0";466;0;227;210;10
"ABRUZZO";"CHIETI";"LAMA DEI PELIGNI";1;"Indennita' di contingenza";"1431";"0";1061;0;592;449;13
"ABRUZZO";"CHIETI";"LANCIANO";1;"Indennita' di contingenza";"27604";"0";20870;0;7743;12256;260
"ABRUZZO";"CHIETI";"LENTELLA";1;"Indennita' di contingenza";"740";"0";567;0;364;193;6
"ABRUZZO";"CHIETI";"LETTOPALENA";1;"Indennita' di contingenza";"431";"0";299;0;171;120;5
"ABRUZZO";"CHIETI";"LISCIA";1;"Indennita' di contingenza";"903";"0";631;0;304;309;8
"ABRUZZO";"CHIETI";"MIGLIANICO";1;"Indennita' di contingenza";"3523";"0";2534;0;1042;1413;36
"ABRUZZO";"CHIETI";"MONTAZZOLI";1;"Indennita' di contingenza";"1158";"0";731;0;282;363;41
"ABRUZZO";"CHIETI";"MONTEBELLO SUL SANGRO";1;"Indennita' di contingenza";"214";"0";125;0;39;82;4
"ABRUZZO";"CHIETI";"MONTEFERRANTE";1;"Indennita' di contingenza";"406";"0";185;0;68;109;6
"ABRUZZO";"CHIETI";"MONTELAPIANO";1;"Indennita' di contingenza";"208";"0";138;0;56;78;2
"ABRUZZO";"CHIETI";"MONTENERODOMO";1;"Indennita' di contingenza";"1169";"0";539;0;268;263;5
"ABRUZZO";"CHIETI";"MONTEODORISIO";1;"Indennita' di contingenza";"2149";"0";1414;0;772;577;26
"ABRUZZO";"CHIETI";"MOZZAGROGNA";1;"Indennita' di contingenza";"1578";"0";1290;0;435;800;22
"ABRUZZO";"CHIETI";"ORSOGNA";1;"Indennita' di contingenza";"3900";"0";2591;0;1115;1386;47
"ABRUZZO";"CHIETI";"ORTONA";1;"Indennita' di contingenza";"18109";"0";14029;0;5258;8368;153
"ABRUZZO";"CHIETI";"PAGLIETA";1;"Indennita' di contingenza";"3835";"0";2943;0;1448;1422;32
"ABRUZZO";"CHIETI";"PALENA";1;"Indennita' di contingenza";"1668";"0";1044;0;514;504;8
"ABRUZZO";"CHIETI";"PALMOLI";1;"Indennita' di contingenza";"1414";"0";989;0;395;545;31
"ABRUZZO";"CHIETI";"PALOMBARO";1;"Indennita' di contingenza";"1165";"0";875;0;416;444;9
"ABRUZZO";"CHIETI";"PENNADOMO";1;"Indennita' di contingenza";"420";"0";343;0;109;222;7
"ABRUZZO";"CHIETI";"PENNAPIEDIMONTE";1;"Indennita' di contingenza";"786";"0";501;0;221;266;4
"ABRUZZO";"CHIETI";"PERANO";1;"Indennita' di contingenza";"1385";"0";1059;0;573;460;18
"ABRUZZO";"CHIETI";"PIETRAFERRAZZANA";1;"Indennita' di contingenza";"218";"0";108;0;24;82;2
"ABRUZZO";"CHIETI";"PIZZOFERRATO";1;"Indennita' di contingenza";"1587";"0";829;0;223;564;16
"ABRUZZO";"CHIETI";"POGGIOFIORITO";1;"Indennita' di contingenza";"1122";"0";596;0;180;390;7
"ABRUZZO";"CHIETI";"POLLUTRI";1;"Indennita' di contingenza";"2238";"0";1785;0;747;986;29
"ABRUZZO";"CHIETI";"PRETORO";1;"Indennita' di contingenza";"1052";"0";704;0;137;540;21
"ABRUZZO";"CHIETI";"QUADRI";1;"Indennita' di contingenza";"983";"0";685;0;292;350;19
"ABRUZZO";"CHIETI";"RAPINO";1;"Indennita' di contingenza";"1805";"0";972;0;425;516;15
"ABRUZZO";"CHIETI";"RIPA TEATINA";1;"Indennita' di contingenza";"2655";"0";2029;0;780;1162;41
"ABRUZZO";"CHIETI";"ROCCAMONTEPIANO";1;"Indennita' di contingenza";"2275";"0";1288;0;545;698;19
"ABRUZZO";"CHIETI";"ROCCA SAN GIOVANNI";1;"Indennita' di contingenza";"2517";"0";1420;0;456;902;28
"ABRUZZO";"CHIETI";"ROCCASCALEGNA";1;"Indennita' di contingenza";"1465";"0";1005;0;370;586;21
"ABRUZZO";"CHIETI";"ROCCASPINALVETI";1;"Indennita' di contingenza";"1933";"0";1244;0;407;771;31
"ABRUZZO";"CHIETI";"ROIO DEL SANGRO";1;"Indennita' di contingenza";"420";"0";184;0;61;116;0
"ABRUZZO";"CHIETI";"ROSELLO";1;"Indennita' di contingenza";"493";"0";295;0;100;185;3
"ABRUZZO";"CHIETI";"SAN BUONO";1;"Indennita' di contingenza";"1215";"0";907;0;406;471;13
"ABRUZZO";"CHIETI";"SAN GIOVANNI LIPIONI";1;"Indennita' di contingenza";"554";"0";346;0;156;175;10
"ABRUZZO";"CHIETI";"SAN GIOVANNI TEATINO";1;"Indennita' di contingenza";"5419";"0";4227;0;1965;2097;127
"ABRUZZO";"CHIETI";"SAN MARTINO SULLA MARRUCINA";1;"Indennita' di contingenza";"976";"0";616;0;255;331;14
"ABRUZZO";"CHIETI";"SAN SALVO";1;"Indennita' di contingenza";"9814";"0";7837;0;4445;3178;134
"ABRUZZO";"CHIETI";"SANTA MARIA IMBARO";1;"Indennita' di contingenza";"997";"0";739;0;301;406;10
"ABRUZZO";"CHIETI";"SANT'EUSANIO DEL SANGRO";1;"Indennita' di contingenza";"2340";"0";1619;0;655;875;38
"ABRUZZO";"CHIETI";"SAN VITO CHIETINO";1;"Indennita' di contingenza";"4083";"0";3148;0;1188;1868;38
"ABRUZZO";"CHIETI";"SCERNI";1;"Indennita' di contingenza";"3418";"0";2660;0;1385;1186;51
"ABRUZZO";"CHIETI";"SCHIAVI DI ABRUZZO";1;"Indennita' di contingenza";"2088";"0";1468;0;636;775;29
"ABRUZZO";"CHIETI";"TARANTA PELIGNA";1;"Indennita' di contingenza";"742";"0";479;0;201;264;7
"ABRUZZO";"CHIETI";"TOLLO";1;"Indennita' di contingenza";"3688";"0";2972;0;1417;1461;46
"ABRUZZO";"CHIETI";"TORINO DI SANGRO";1;"Indennita' di contingenza";"2807";"0";2065;0;905;1104;28
"ABRUZZO";"CHIETI";"TORNARECCIO";1;"Indennita' di contingenza";"2316";"0";1350;0;617;683;34
"ABRUZZO";"CHIETI";"TORREBRUNA";1;"Indennita' di contingenza";"1387";"0";1008;0;444;526;22
"ABRUZZO";"CHIETI";"TORREVECCHIA TEATINA";1;"Indennita' di contingenza";"2268";"0";1797;0;709;992;52
"ABRUZZO";"CHIETI";"TORRICELLA PELIGNA";1;"Indennita' di contingenza";"2659";"0";1275;0;565;649;27
"ABRUZZO";"CHIETI";"TREGLIO";1;"Indennita' di contingenza";"823";"0";639;0;152;463;10
"ABRUZZO";"CHIETI";"TUFILLO";1;"Indennita' di contingenza";"722";"0";448;0;170;261;12
"ABRUZZO";"CHIETI";"VACRI";1;"Indennita' di contingenza";"1704";"0";1036;0;356;630;30
"ABRUZZO";"CHIETI";"VASTO";1;"Indennita' di contingenza";"24653";"0";18252;0;9434;8128;347
"ABRUZZO";"CHIETI";"VILLALFONSINA";1;"Indennita' di contingenza";"1024";"0";789;0;369;386;14
"ABRUZZO";"CHIETI";"VILLAMAGNA";1;"Indennita' di contingenza";"2171";"0";1461;0;663;730;23
"ABRUZZO";"CHIETI";"VILLA SANTA MARIA";1;"Indennita' di contingenza";"1409";"0";959;0;299;605;30
"ABRUZZO";"L'AQUILA";"ACCIANO";1;"Indennita' di contingenza";"747";"0";427;0;202;210;6
"ABRUZZO";"L'AQUILA";"AIELLI";1;"Indennita' di contingenza";"1603";"0";980;0;447;505;17
"ABRUZZO";"L'AQUILA";"ALFEDENA";1;"Indennita' di contingenza";"742";"0";451;0;99;334;7
"ABRUZZO";"L'AQUILA";"ANVERSA DEGLI ABRUZZI";1;"Indennita' di contingenza";"511";"0";339;0;118;209;5
"ABRUZZO";"L'AQUILA";"ATELETA";1;"Indennita' di contingenza";"1869";"0";832;0;232;547;16
"ABRUZZO";"L'AQUILA";"AVEZZANO";1;"Indennita' di contingenza";"27172";"0";21400;0;7767;12989;284
"ABRUZZO";"L'AQUILA";"BALSORANO";1;"Indennita' di contingenza";"3272";"0";2138;0;1218;816;41
"ABRUZZO";"L'AQUILA";"BARETE";1;"Indennita' di contingenza";"539";"0";421;0;189;218;6
"ABRUZZO";"L'AQUILA";"BARISCIANO";1;"Indennita' di contingenza";"2288";"0";1279;0;599;649;16
"ABRUZZO";"L'AQUILA";"BARREA";1;"Indennita' di contingenza";"822";"0";605;0;245;330;11
"ABRUZZO";"L'AQUILA";"BISEGNA";1;"Indennita' di contingenza";"561";"0";342;0;203;136;0
"ABRUZZO";"L'AQUILA";"BUGNARA";1;"Indennita' di contingenza";"1251";"0";722;0;275;422;11
"ABRUZZO";"L'AQUILA";"CAGNANO AMITERNO";1;"Indennita' di contingenza";"1580";"0";1203;0;722;448;10
"ABRUZZO";"L'AQUILA";"CALASCIO";1;"Indennita' di contingenza";"424";"0";196;0;49;135;9
"ABRUZZO";"L'AQUILA";"CAMPO DI GIOVE";1;"Indennita' di contingenza";"966";"0";659;0;245;401;7
"ABRUZZO";"L'AQUILA";"CAMPOTOSTO";1;"Indennita' di contingenza";"1029";"0";644;0;335;288;11
"ABRUZZO";"L'AQUILA";"CANISTRO";1;"Indennita' di contingenza";"977";"0";678;0;290;369;8
"ABRUZZO";"L'AQUILA";"CANSANO";1;"Indennita' di contingenza";"1147";"0";262;0;144;116;1
"ABRUZZO";"L'AQUILA";"CAPESTRANO";1;"Indennita' di contingenza";"1581";"0";906;0;277;602;15
"ABRUZZO";"L'AQUILA";"CAPISTRELLO";1;"Indennita' di contingenza";"4446";"0";3164;0;1420;1627;66
"ABRUZZO";"L'AQUILA";"CAPITIGNANO";1;"Indennita' di contingenza";"695";"0";518;0;237;264;11
"ABRUZZO";"L'AQUILA";"CAPORCIANO";1;"Indennita' di contingenza";"499";"0";251;0;68;171;9
"ABRUZZO";"L'AQUILA";"CAPPADOCIA";1;"Indennita' di contingenza";"671";"0";425;0;88;327;4
"ABRUZZO";"L'AQUILA";"CARAPELLE CALVISIO";1;"Indennita' di contingenza";"297";"0";91;0;22;66;2
"ABRUZZO";"L'AQUILA";"CARSOLI";1;"Indennita' di contingenza";"3888";"0";3147;0;1486;1575;37
"ABRUZZO";"L'AQUILA";"CASTEL DEL MONTE";1;"Indennita' di contingenza";"807";"0";492;0;90;359;28
"ABRUZZO";"L'AQUILA";"CASTEL DI IERI";1;"Indennita' di contingenza";"1279";"0";508;0;272;223;4
"ABRUZZO";"L'AQUILA";"CASTEL DI SANGRO";1;"Indennita' di contingenza";"519";"0";351;0;103;234;8
"ABRUZZO";"L'AQUILA";"CASTELLAFIUME";1;"Indennita' di contingenza";"4502";"0";3133;0;851;2145;53
"ABRUZZO";"L'AQUILA";"CASTELVECCHIO CALVISIO";1;"Indennita' di contingenza";"503";"0";265;0;119;141;0
"ABRUZZO";"L'AQUILA";"CASTELVECCHIO SUBEQUO";1;"Indennita' di contingenza";"1407";"0";1091;0;597;480;7
"ABRUZZO";"L'AQUILA";"CELANO";1;"Indennita' di contingenza";"8534";"0";5567;0;2665;2599;126
"ABRUZZO";"L'AQUILA";"CERCHIO";1;"Indennita' di contingenza";"1654";"0";1092;0;583;454;24
"ABRUZZO";"L'AQUILA";"CIVITA D'ANTINO";1;"Indennita' di contingenza";"863";"0";625;0;212;384;16
"ABRUZZO";"L'AQUILA";"CIVITELLA ALFEDENA";1;"Indennita' di contingenza";"278";"0";195;0;80;106;3
"ABRUZZO";"L'AQUILA";"CIVITELLA ROVETO";1;"Indennita' di contingenza";"2390";"0";1728;0;623;1017;32
"ABRUZZO";"L'AQUILA";"COCULLO";1;"Indennita' di contingenza";"607";"0";308;0;181;107;10
"ABRUZZO";"L'AQUILA";"COLLARMELE";1;"Indennita' di contingenza";"1307";"0";706;0;364;313;16
"ABRUZZO";"L'AQUILA";"COLLELONGO";1;"Indennita' di contingenza";"1689";"0";1177;0;375;784;7
"ABRUZZO";"L'AQUILA";"COLLEPIETRO";1;"Indennita' di contingenza";"458";"0";247;0;35;204;6
"ABRUZZO";"L'AQUILA";"CORFINIO";1;"Indennita' di contingenza";"1647";"0";655;0;311;328;10
"ABRUZZO";"L'AQUILA";"FAGNANO ALTO";1;"Indennita' di contingenza";"789";"0";412;0;104;299;4
"ABRUZZO";"L'AQUILA";"FONTECCHIO";1;"Indennita' di contingenza";"671";"0";329;0;128;193;3
"ABRUZZO";"L'AQUILA";"FOSSA";1;"Indennita' di contingenza";"739";"0";447;0;176;250;13
"ABRUZZO";"L'AQUILA";"GAGLIANO ATERNO";1;"Indennita' di contingenza";"672";"0";291;0;99;183;4
"ABRUZZO";"L'AQUILA";"GIOIA DEI MARSI";1;"Indennita' di contingenza";"1984";"0";1636;0;511;1065;28
"ABRUZZO";"L'AQUILA";"GORIANO SICOLI";1;"Indennita' di contingenza";"739";"0";493;0;224;253;7
"ABRUZZO";"L'AQUILA";"INTRODACQUA";1;"Indennita' di contingenza";"1795";"0";1033;0;340;671;7
"ABRUZZO";"L'AQUILA";"L'AQUILA";1;"Indennita' di contingenza";"52492";"0";40525;0;16410;22969;408
"ABRUZZO";"L'AQUILA";"LECCE NEI MARSI";1;"Indennita' di contingenza";"1490";"0";1153;0;567;564;12
"ABRUZZO";"L'AQUILA";"LUCO DEI MARSI";1;"Indennita' di contingenza";"4040";"0";3409;0;1851;1488;40
"ABRUZZO";"L'AQUILA";"LUCOLI";1;"Indennita' di contingenza";"1135";"0";882;0;343;501;12
"ABRUZZO";"L'AQUILA";"MAGLIANO DE' MARSI";1;"Indennita' di contingenza";"2769";"0";2138;0;721;1341;41
"ABRUZZO";"L'AQUILA";"MASSA D'ALBE";1;"Indennita' di contingenza";"1165";"0";847;0;245;587;6
"ABRUZZO";"L'AQUILA";"MOLINA ATERNO";1;"Indennita' di contingenza";"546";"0";384;0;180;189;5
"ABRUZZO";"L'AQUILA";"MONTEREALE";1;"Indennita' di contingenza";"2857";"0";2197;0;1195;942;29
"ABRUZZO";"L'AQUILA";"MORINO";1;"Indennita' di contingenza";"1246";"0";1029;0;417;554;30
"ABRUZZO";"L'AQUILA";"NAVELLI";1;"Indennita' di contingenza";"975";"0";552;0;179;365;8
"ABRUZZO";"L'AQUILA";"OCRE";1;"Indennita' di contingenza";"800";"0";598;0;241;339;7
"ABRUZZO";"L'AQUILA";"OFENA";1;"Indennita' di contingenza";"1279";"0";592;0;253;327;7
"ABRUZZO";"L'AQUILA";"OPI";1;"Indennita' di contingenza";"442";"0";334;0;182;127;7
"ABRUZZO";"L'AQUILA";"ORICOLA";1;"Indennita' di contingenza";"605";"0";547;0;344;187;7
"ABRUZZO";"L'AQUILA";"ORTONA DEI MARSI";1;"Indennita' di contingenza";"1217";"0";942;0;355;534;31
"ABRUZZO";"L'AQUILA";"ORTUCCHIO";1;"Indennita' di contingenza";"1606";"0";1312;0;565;686;40
"ABRUZZO";"L'AQUILA";"OVINDOLI";1;"Indennita' di contingenza";"1474";"0";745;0;220;498;3
"ABRUZZO";"L'AQUILA";"PACENTRO";1;"Indennita' di contingenza";"2826";"0";894;0;320;550;11
"ABRUZZO";"L'AQUILA";"PERETO";1;"Indennita' di contingenza";"485";"0";402;0;222;167;5
"ABRUZZO";"L'AQUILA";"PESCASSEROLI";1;"Indennita' di contingenza";"1811";"0";1299;0;568;689;8
"ABRUZZO";"L'AQUILA";"PESCINA";1;"Indennita' di contingenza";"3876";"0";3112;0;1640;1362;60
"ABRUZZO";"L'AQUILA";"PESCOCOSTANZO";1;"Indennita' di contingenza";"1278";"0";852;0;281;550;8
"ABRUZZO";"L'AQUILA";"PETTORANO SUL GIZIO";1;"Indennita' di contingenza";"2444";"0";907;0;467;422;4
"ABRUZZO";"L'AQUILA";"PIZZOLI";1;"Indennita' di contingenza";"1985";"0";1694;0;938;704;16
"ABRUZZO";"L'AQUILA";"POGGIO PICENZE";1;"Indennita' di contingenza";"1020";"0";558;0;242;307;4
"ABRUZZO";"L'AQUILA";"PRATA D'ANSIDONIA";1;"Indennita' di contingenza";"704";"0";418;0;148;264;1
"ABRUZZO";"L'AQUILA";"PRATOLA PELIGNA";1;"Indennita' di contingenza";"8537";"0";5036;0;2896;1982;74
"ABRUZZO";"L'AQUILA";"PREZZA";1;"Indennita' di contingenza";"1927";"0";837;0;318;483;18
"ABRUZZO";"L'AQUILA";"RAIANO";1;"Indennita' di contingenza";"2747";"0";1838;0;970;831;25
"ABRUZZO";"L'AQUILA";"RIVISONDOLI";1;"Indennita' di contingenza";"957";"0";532;0;183;332;5
"ABRUZZO";"L'AQUILA";"ROCCACASALE";1;"Indennita' di contingenza";"990";"0";538;0;289;241;3
"ABRUZZO";"L'AQUILA";"ROCCA DI BOTTE";1;"Indennita' di contingenza";"375";"0";311;0;180;126;3
"ABRUZZO";"L'AQUILA";"ROCCA DI CAMBIO";1;"Indennita' di contingenza";"466";"0";321;0;109;206;4
"ABRUZZO";"L'AQUILA";"ROCCA DI MEZZO";1;"Indennita' di contingenza";"1507";"0";1077;0;402;650;8
"ABRUZZO";"L'AQUILA";"ROCCA PIA";1;"Indennita' di contingenza";"758";"0";199;0;44;151;1
"ABRUZZO";"L'AQUILA";"ROCCARASO";1;"Indennita' di contingenza";"1521";"0";987;0;246;700;18
"ABRUZZO";"L'AQUILA";"SAN BENEDETTO DEI MARSI";1;"Indennita' di contingenza";"3340";"0";2575;0;1232;1226;58
"ABRUZZO";"L'AQUILA";"SAN BENEDETTO IN PERILLIS";1;"Indennita' di contingenza";"461";"0";163;0;34;123;4
"ABRUZZO";"L'AQUILA";"SAN DEMETRIO NE' VESTINI";1;"Indennita' di contingenza";"1727";"0";1009;0;395;586;17
"ABRUZZO";"L'AQUILA";"SAN PIO DELLE CAMERE";1;"Indennita' di contingenza";"791";"0";362;0;109;235;13
"ABRUZZO";"L'AQUILA";"SANTE MARIE";1;"Indennita' di contingenza";"1416";"0";1133;0;438;629;33
"ABRUZZO";"L'AQUILA";"SANT'EUSANIO FORCONESE";1;"Indennita' di contingenza";"553";"0";322;0;119;190;5
"ABRUZZO";"L'AQUILA";"SANTO STEFANO DI SESSANIO";1;"Indennita' di contingenza";"550";"0";121;0;29;89;1
"ABRUZZO";"L'AQUILA";"SAN VINCENZO VALLE ROVETO";1;"Indennita' di contingenza";"2477";"0";1956;0;841;1032;41
"ABRUZZO";"L'AQUILA";"SCANNO";1;"Indennita' di contingenza";"2340";"0";1686;0;536;1109;23
"ABRUZZO";"L'AQUILA";"SCONTRONE";1;"Indennita' di contingenza";"517";"0";384;0;178;177;5
"ABRUZZO";"L'AQUILA";"SCOPPITO";1;"Indennita' di contingenza";"1547";"0";1270;0;509;729;15
"ABRUZZO";"L'AQUILA";"SCURCOLA MARSICANA";1;"Indennita' di contingenza";"1739";"0";1390;0;489;833;30
"ABRUZZO";"L'AQUILA";"SECINARO";1;"Indennita' di contingenza";"693";"0";407;0;197;195;9
"ABRUZZO";"L'AQUILA";"SULMONA";1;"Indennita' di contingenza";"21579";"0";14670;0;6130;8200;193
"ABRUZZO";"L'AQUILA";"TAGLIACOZZO";1;"Indennita' di contingenza";"5594";"0";4084;0;1461;2472;67
"ABRUZZO";"L'AQUILA";"TIONE DEGLI ABRUZZI";1;"Indennita' di contingenza";"660";"0";401;0;123;264;5
"ABRUZZO";"L'AQUILA";"TORNIMPARTE";1;"Indennita' di contingenza";"2366";"0";1877;0;962;848;26
"ABRUZZO";"L'AQUILA";"TRASACCO";1;"Indennita' di contingenza";"4539";"0";3496;0;1525;1859;45
"ABRUZZO";"L'AQUILA";"VILLALAGO";1;"Indennita' di contingenza";"935";"0";564;0;140;408;11
"ABRUZZO";"L'AQUILA";"VILLA SANTA LUCIA DEGLI ABRUZZI";1;"Indennita' di contingenza";"514";"0";281;0;94;180;7
"ABRUZZO";"L'AQUILA";"VILLA SANT'ANGELO";1;"Indennita' di contingenza";"579";"0";342;0;90;235;10
"ABRUZZO";"L'AQUILA";"VILLAVALLELONGA";1;"Indennita' di contingenza";"1241";"0";720;0;399;310;7
"ABRUZZO";"L'AQUILA";"VILLETTA BARREA";1;"Indennita' di contingenza";"547";"0";415;0;152;254;4
"ABRUZZO";"L'AQUILA";"VITTORITO";1;"Indennita' di contingenza";"1369";"0";859;0;364;480;11
"ABRUZZO";"PESCARA";"ABBATEGGIO";1;"Indennita' di contingenza";"671";"0";314;0;118;188;3
"ABRUZZO";"PESCARA";"ALANNO";1;"Indennita' di contingenza";"3406";"0";2424;0;959;1395;32
"ABRUZZO";"PESCARA";"BOLOGNANO";1;"Indennita' di contingenza";"1369";"0";930;0;408;495;13
"ABRUZZO";"PESCARA";"BRITTOLI";1;"Indennita' di contingenza";"620";"0";335;0;75;244;8
"ABRUZZO";"PESCARA";"BUSSI SUL TIRINO";1;"Indennita' di contingenza";"2956";"0";2357;0;1475;830;28
"ABRUZZO";"PESCARA";"CAPPELLE SUL TAVO";1;"Indennita' di contingenza";"1797";"0";1344;0;691;590;29
"ABRUZZO";"PESCARA";"CARAMANICO TERME";1;"Indennita' di contingenza";"3455";"0";1448;0;679;730;23
"ABRUZZO";"PESCARA";"CARPINETO DELLA NORA";1;"Indennita' di contingenza";"727";"0";479;0;140;298;24
"ABRUZZO";"PESCARA";"CASTIGLIONE A CASAURIA";1;"Indennita' di contingenza";"997";"0";624;0;275;310;8
"ABRUZZO";"PESCARA";"CATIGNANO";1;"Indennita' di contingenza";"1553";"0";1100;0;578;490;18
"ABRUZZO";"PESCARA";"CEPAGATTI";1;"Indennita' di contingenza";"5577";"0";4435;0;2379;1887;66
"ABRUZZO";"PESCARA";"CITTA' SANT'ANGELO";1;"Indennita' di contingenza";"7401";"0";5929;0;3213;2321;117
"ABRUZZO";"PESCARA";"CIVITAQUANA";1;"Indennita' di contingenza";"1356";"0";904;0;429;441;17
"ABRUZZO";"PESCARA";"CIVITELLA CASANOVA";1;"Indennita' di contingenza";"2190";"0";1439;0;514;865;21
"ABRUZZO";"PESCARA";"COLLECORVINO";1;"Indennita' di contingenza";"3578";"0";2686;0;1671;901;41
"ABRUZZO";"PESCARA";"CORVARA";1;"Indennita' di contingenza";"590";"0";283;0;118;156;4
"ABRUZZO";"PESCARA";"CUGNOLI";1;"Indennita' di contingenza";"1603";"0";1028;0;382;610;18
"ABRUZZO";"PESCARA";"ELICE";1;"Indennita' di contingenza";"1410";"0";987;0;432;504;21
"ABRUZZO";"PESCARA";"FARINDOLA";1;"Indennita' di contingenza";"2285";"0";1297;0;594;652;22
"ABRUZZO";"PESCARA";"LETTOMANOPPELLO";1;"Indennita' di contingenza";"2756";"0";1761;0;971;712;38
"ABRUZZO";"PESCARA";"LORETO APRUTINO";1;"Indennita' di contingenza";"5904";"0";4796;0;2636;2015;69
"ABRUZZO";"PESCARA";"MANOPPELLO";1;"Indennita' di contingenza";"4966";"0";3430;0;1736;1564;60
"ABRUZZO";"PESCARA";"MONTEBELLO DI BERTONA";1;"Indennita' di contingenza";"1250";"0";837;0;246;566;14
"ABRUZZO";"PESCARA";"MONTESILVANO";1;"Indennita' di contingenza";"22529";"0";16834;0;7989;8326;185
"ABRUZZO";"PESCARA";"MOSCUFO";1;"Indennita' di contingenza";"2233";"0";1679;0;717;893;27
"ABRUZZO";"PESCARA";"NOCCIANO";1;"Indennita' di contingenza";"1451";"0";1043;0;490;516;16
"ABRUZZO";"PESCARA";"PENNE";1;"Indennita' di contingenza";"9921";"0";7497;0;3649;3583;125
"ABRUZZO";"PESCARA";"PESCARA";1;"Indennita' di contingenza";"105515";"0";80709;0;33808;44927;749
"ABRUZZO";"PESCARA";"PESCOSANSONESCO";1;"Indennita' di contingenza";"787";"0";463;0;254;191;7
"ABRUZZO";"PESCARA";"PIANELLA";1;"Indennita' di contingenza";"5711";"0";4479;0;2064;2202;95
"ABRUZZO";"PESCARA";"PICCIANO";1;"Indennita' di contingenza";"1189";"0";930;0;390;509;13
"ABRUZZO";"PESCARA";"PIETRANICO";1;"Indennita' di contingenza";"859";"0";520;0;181;324;7
"ABRUZZO";"PESCARA";"POPOLI";1;"Indennita' di contingenza";"5683";"0";4220;0;2325;1746;71
"ABRUZZO";"PESCARA";"ROCCAMORICE";1;"Indennita' di contingenza";"1602";"0";606;0;280;295;20
"ABRUZZO";"PESCARA";"ROSCIANO";1;"Indennita' di contingenza";"2467";"0";1852;0;1074;712;29
"ABRUZZO";"PESCARA";"SALLE";1;"Indennita' di contingenza";"638";"0";288;0;83;197;4
"ABRUZZO";"PESCARA";"SANT'EUFEMIA A MAIELLA";1;"Indennita' di contingenza";"824";"0";267;0;71;186;8
"ABRUZZO";"PESCARA";"SAN VALENTINO IN ABRUZZO CITERIORE";1;"Indennita' di contingenza";"2230";"0";1339;0;810;480;27
"ABRUZZO";"PESCARA";"SCAFA";1;"Indennita' di contingenza";"3531";"0";2434;0;1207;1145;43
"ABRUZZO";"PESCARA";"SERRAMONACESCA";1;"Indennita' di contingenza";"1080";"0";545;0;126;409;5
"ABRUZZO";"PESCARA";"SPOLTORE";1;"Indennita' di contingenza";"8831";"0";6835;0;3329;3302;76
"ABRUZZO";"PESCARA";"TOCCO DA CASAURIA";1;"Indennita' di contingenza";"2443";"0";1941;0;973;907;34
"ABRUZZO";"PESCARA";"TORRE DE' PASSERI";1;"Indennita' di contingenza";"2782";"0";2147;0;1052;1033;38
"ABRUZZO";"PESCARA";"TURRIVALIGNANI";1;"Indennita' di contingenza";"840";"0";577;0;277;282;10
"ABRUZZO";"PESCARA";"VICOLI";1;"Indennita' di contingenza";"540";"0";359;0;99;239;15
"ABRUZZO";"PESCARA";"VILLA CELIERA";1;"Indennita' di contingenza";"912";"0";607;0;268;316;6
"ABRUZZO";"TERAMO";"ALBA ADRIATICA";1;"Indennita' di contingenza";"6963";"0";5327;0;2559;2568;88
"ABRUZZO";"TERAMO";"ANCARANO";1;"Indennita' di contingenza";"1322";"0";1055;0;537;461;27
"ABRUZZO";"TERAMO";"ARSITA";1;"Indennita' di contingenza";"1098";"0";693;0;319;335;21
"ABRUZZO";"TERAMO";"ATRI";1;"Indennita' di contingenza";"9453";"0";7663;0;3897;3412;128
"ABRUZZO";"TERAMO";"BASCIANO";1;"Indennita' di contingenza";"1894";"0";1271;0;576;646;19
"ABRUZZO";"TERAMO";"BELLANTE";1;"Indennita' di contingenza";"4562";"0";3635;0;2185;1297;56
"ABRUZZO";"TERAMO";"BISENTI";1;"Indennita' di contingenza";"2687";"0";1619;0;618;935;24
"ABRUZZO";"TERAMO";"CAMPLI";1;"Indennita' di contingenza";"7065";"0";5184;0;2411;2587;64
"ABRUZZO";"TERAMO";"CANZANO";1;"Indennita' di contingenza";"1421";"0";1021;0;408;535;24
"ABRUZZO";"TERAMO";"CASTEL CASTAGNA";1;"Indennita' di contingenza";"653";"0";451;0;228;206;8
"ABRUZZO";"TERAMO";"CASTELLALTO";1;"Indennita' di contingenza";"3987";"0";3148;0;1482;1536;64
"ABRUZZO";"TERAMO";"CASTELLI";1;"Indennita' di contingenza";"1625";"0";1152;0;388;728;16
"ABRUZZO";"TERAMO";"CASTIGLIONE MESSER RAIMONDO";1;"Indennita' di contingenza";"2258";"0";1584;0;716;790;38
"ABRUZZO";"TERAMO";"CASTILENTI";1;"Indennita' di contingenza";"1346";"0";1063;0;459;578;15
"ABRUZZO";"TERAMO";"CELLINO ATTANASIO";1;"Indennita' di contingenza";"2857";"0";1956;0;956;914;41
"ABRUZZO";"TERAMO";"CERMIGNANO";1;"Indennita' di contingenza";"2330";"0";1414;0;480;872;27
"ABRUZZO";"TERAMO";"CIVITELLA DEL TRONTO";1;"Indennita' di contingenza";"5440";"0";3668;0;1765;1780;45
"ABRUZZO";"TERAMO";"COLLEDARA";1;"Indennita' di contingenza";"2012";"0";1371;0;647;658;43
"ABRUZZO";"TERAMO";"COLONNELLA";1;"Indennita' di contingenza";"2511";"0";1930;0;1112;757;40
"ABRUZZO";"TERAMO";"CONTROGUERRA";1;"Indennita' di contingenza";"2053";"0";1725;0;961;695;30
"ABRUZZO";"TERAMO";"CORROPOLI";1;"Indennita' di contingenza";"3111";"0";2299;0;1179;1011;52
"ABRUZZO";"TERAMO";"CORTINO";1;"Indennita' di contingenza";"1019";"0";575;0;170;377;8
"ABRUZZO";"TERAMO";"CROGNALETO";1;"Indennita' di contingenza";"1694";"0";1190;0;602;544;19
"ABRUZZO";"TERAMO";"FANO ADRIANO";1;"Indennita' di contingenza";"464";"0";333;0;153;175;2
"ABRUZZO";"TERAMO";"GIULIANOVA";1;"Indennita' di contingenza";"17428";"0";14360;0;7899;5940;245
"ABRUZZO";"TERAMO";"ISOLA DEL GRAN SASSO D'ITALIA";1;"Indennita' di contingenza";"4132";"0";3206;0;1677;1430;37
"ABRUZZO";"TERAMO";"MARTINSICURO";1;"Indennita' di contingenza";"7897";"0";6120;0;3192;2744;93
"ABRUZZO";"TERAMO";"MONTEFINO";1;"Indennita' di contingenza";"1064";"0";811;0;328;424;29
"ABRUZZO";"TERAMO";"MONTORIO AL VOMANO";1;"Indennita' di contingenza";"7109";"0";5492;0;2778;2526;95
"ABRUZZO";"TERAMO";"MORRO D'ORO";1;"Indennita' di contingenza";"2252";"0";1867;0;1113;708;15
"ABRUZZO";"TERAMO";"MOSCIANO SANT'ANGELO";1;"Indennita' di contingenza";"5864";"0";4688;0;2629;1893;79
"ABRUZZO";"TERAMO";"NERETO";1;"Indennita' di contingenza";"3485";"0";3047;0;1609;1329;73
"ABRUZZO";"TERAMO";"NOTARESCO";1;"Indennita' di contingenza";"4877";"0";4025;0;2249;1584;78
"ABRUZZO";"TERAMO";"PENNA SANT'ANDREA";1;"Indennita' di contingenza";"1515";"0";879;0;314;501;29
"ABRUZZO";"TERAMO";"PIETRACAMELA";1;"Indennita' di contingenza";"434";"0";260;0;129;124;3
"ABRUZZO";"TERAMO";"PINETO";1;"Indennita' di contingenza";"8326";"0";6831;0;3754;2810;82
"ABRUZZO";"TERAMO";"ROCCA SANTA MARIA";1;"Indennita' di contingenza";"936";"0";515;0;144;356;8
"ABRUZZO";"TERAMO";"ROSETO DEGLI ABRUZZI";1;"Indennita' di contingenza";"16791";"0";12898;0;6406;6049;172
"ABRUZZO";"TERAMO";"SANT'EGIDIO ALLA VIBRATA";1;"Indennita' di contingenza";"5734";"0";4561;0;2092;2285;71
"ABRUZZO";"TERAMO";"SANT'OMERO";1;"Indennita' di contingenza";"4121";"0";3357;0;1950;1296;64
"ABRUZZO";"TERAMO";"SILVI";1;"Indennita' di contingenza";"8446";"0";6526;0;3475;2863;78
"ABRUZZO";"TERAMO";"TERAMO";1;"Indennita' di contingenza";"41915";"0";33393;0;13383;18758;515
"ABRUZZO";"TERAMO";"TORANO NUOVO";1;"Indennita' di contingenza";"1375";"0";1126;0;557;532;27
"ABRUZZO";"TERAMO";"TORRICELLA SICURA";1;"Indennita' di contingenza";"2441";"0";1751;0;673;1019;30
"ABRUZZO";"TERAMO";"TORTORETO";1;"Indennita' di contingenza";"4959";"0";3861;0;1756;1971;44
"ABRUZZO";"TERAMO";"TOSSICIA";1;"Indennita' di contingenza";"1716";"0";1114;0;614;474;15
"ABRUZZO";"TERAMO";"VALLE CASTELLANA";1;"Indennita' di contingenza";"2094";"0";1146;0;545;544;18
"MOLISE";"CAMPOBASSO";"ACQUAVIVA COLLECROCE";1;"Indennita' di contingenza";"1238";"0";666;0;183;455;11
"MOLISE";"CAMPOBASSO";"BARANELLO";1;"Indennita' di contingenza";"2661";"0";1364;0;270;1032;32
"MOLISE";"CAMPOBASSO";"BOJANO";1;"Indennita' di contingenza";"5993";"0";3829;0;1529;2135;64
"MOLISE";"CAMPOBASSO";"BONEFRO";1;"Indennita' di contingenza";"2392";"0";1348;0;720;580;22
"MOLISE";"CAMPOBASSO";"BUSSO";1;"Indennita' di contingenza";"1651";"0";893;0;358;457;39
"MOLISE";"CAMPOBASSO";"CAMPOBASSO";1;"Indennita' di contingenza";"39460";"0";28519;0;10977;16435;437
"MOLISE";"CAMPOBASSO";"CAMPOCHIARO";1;"Indennita' di contingenza";"911";"0";337;0;99;222;11
"MOLISE";"CAMPOBASSO";"CAMPODIPIETRA";1;"Indennita' di contingenza";"1528";"0";815;0;250;497;30
"MOLISE";"CAMPOBASSO";"CAMPOLIETO";1;"Indennita' di contingenza";"1155";"0";759;0;343;387;16
"MOLISE";"CAMPOBASSO";"CAMPOMARINO";1;"Indennita' di contingenza";"4222";"0";3227;0;1762;1377;42
"MOLISE";"CAMPOBASSO";"CASACALENDA";1;"Indennita' di contingenza";"2963";"0";1828;0;702;1064;19
"MOLISE";"CAMPOBASSO";"CASALCIPRANO";1;"Indennita' di contingenza";"1065";"0";383;0;91;253;25
"MOLISE";"CAMPOBASSO";"CASTELBOTTACCIO";1;"Indennita' di contingenza";"983";"0";468;0;204;252;4
"MOLISE";"CAMPOBASSO";"CASTELLINO DEL BIFERNO";1;"Indennita' di contingenza";"1248";"0";606;0;290;259;23
"MOLISE";"CAMPOBASSO";"CASTELMAURO";1;"Indennita' di contingenza";"3126";"0";1611;0;411;1124;26
"MOLISE";"CAMPOBASSO";"CASTROPIGNANO";1;"Indennita' di contingenza";"1233";"0";756;0;274;420;16
"MOLISE";"CAMPOBASSO";"CERCEMAGGIORE";1;"Indennita' di contingenza";"3680";"0";1718;0;441;1139;70
"MOLISE";"CAMPOBASSO";"CERCEPICCOLA";1;"Indennita' di contingenza";"922";"0";409;0;108;269;10
"MOLISE";"CAMPOBASSO";"CIVITACAMPOMARANO";1;"Indennita' di contingenza";"894";"0";526;0;204;274;13
"MOLISE";"CAMPOBASSO";"COLLE D'ANCHISE";1;"Indennita' di contingenza";"1027";"0";585;0;201;361;13
"MOLISE";"CAMPOBASSO";"COLLETORTO";1;"Indennita' di contingenza";"2844";"0";1935;0;667;1201;18
"MOLISE";"CAMPOBASSO";"DURONIA";1;"Indennita' di contingenza";"924";"0";447;0;136;265;16
"MOLISE";"CAMPOBASSO";"FERRAZZANO";1;"Indennita' di contingenza";"1407";"0";834;0;261;529;23
"MOLISE";"CAMPOBASSO";"FOSSALTO";1;"Indennita' di contingenza";"1686";"0";1090;0;393;645;19
"MOLISE";"CAMPOBASSO";"GAMBATESA";1;"Indennita' di contingenza";"1922";"0";1194;0;412;723;24
"MOLISE";"CAMPOBASSO";"GILDONE";1;"Indennita' di contingenza";"1877";"0";592;0;146;397;29
"MOLISE";"CAMPOBASSO";"GUARDIALFIERA";1;"Indennita' di contingenza";"1208";"0";819;0;338;447;22
"MOLISE";"CAMPOBASSO";"GUARDIAREGIA";1;"Indennita' di contingenza";"1022";"0";524;0;234;258;16
"MOLISE";"CAMPOBASSO";"GUGLIONESI";1;"Indennita' di contingenza";"4768";"0";3308;0;1543;1638;59
"MOLISE";"CAMPOBASSO";"JELSI";1;"Indennita' di contingenza";"2771";"0";1149;0;308;759;49
"MOLISE";"CAMPOBASSO";"LARINO";1;"Indennita' di contingenza";"6757";"0";4338;0;2316;1902;51
"MOLISE";"CAMPOBASSO";"LIMOSANO";1;"Indennita' di contingenza";"1421";"0";620;0;138;458;8
"MOLISE";"CAMPOBASSO";"LUCITO";1;"Indennita' di contingenza";"1119";"0";672;0;269;364;18
"MOLISE";"CAMPOBASSO";"LUPARA";1;"Indennita' di contingenza";"1047";"0";623;0;249;329;19
"MOLISE";"CAMPOBASSO";"MACCHIA VALFORTORE";1;"Indennita' di contingenza";"996";"0";642;0;220;387;18
"MOLISE";"CAMPOBASSO";"MAFALDA";1;"Indennita' di contingenza";"1599";"0";899;0;408;460;15
"MOLISE";"CAMPOBASSO";"MATRICE";1;"Indennita' di contingenza";"988";"0";556;0;148;364;24
"MOLISE";"CAMPOBASSO";"MIRABELLO SANNITICO";1;"Indennita' di contingenza";"1537";"0";962;0;253;666;26
"MOLISE";"CAMPOBASSO";"MOLISE";1;"Indennita' di contingenza";"204";"0";141;0;58;75;0
"MOLISE";"CAMPOBASSO";"MONACILIONI";1;"Indennita' di contingenza";"850";"0";502;0;149;305;34
"MOLISE";"CAMPOBASSO";"MONTAGANO";1;"Indennita' di contingenza";"1435";"0";956;0;316;595;15
"MOLISE";"CAMPOBASSO";"MONTECILFONE";1;"Indennita' di contingenza";"2328";"0";1151;0;508;623;7
"MOLISE";"CAMPOBASSO";"MONTEFALCONE NEL SANNIO";1;"Indennita' di contingenza";"2105";"0";1309;0;381;839;33
"MOLISE";"CAMPOBASSO";"MONTELONGO";1;"Indennita' di contingenza";"809";"0";393;0;118;266;5
"MOLISE";"CAMPOBASSO";"MONTEMITRO";1;"Indennita' di contingenza";"546";"0";369;0;123;236;6
"MOLISE";"CAMPOBASSO";"MONTENERO DI BISACCIA";1;"Indennita' di contingenza";"6500";"0";4163;0;2340;1699;54
"MOLISE";"CAMPOBASSO";"MONTORIO NEI FRENTANI";1;"Indennita' di contingenza";"1024";"0";520;0;211;283;17
"MOLISE";"CAMPOBASSO";"MORRONE DEL SANNIO";1;"Indennita' di contingenza";"1214";"0";469;0;108;328;15
"MOLISE";"CAMPOBASSO";"ORATINO";1;"Indennita' di contingenza";"1113";"0";722;0;298;364;19
"MOLISE";"CAMPOBASSO";"PALATA";1;"Indennita' di contingenza";"2332";"0";1485;0;765;668;12
"MOLISE";"CAMPOBASSO";"PETACCIATO";1;"Indennita' di contingenza";"2530";"0";1744;0;1030;648;24
"MOLISE";"CAMPOBASSO";"PETRELLA TIFERNINA";1;"Indennita' di contingenza";"1708";"0";983;0;398;513;40
"MOLISE";"CAMPOBASSO";"PIETRACATELLA";1;"Indennita' di contingenza";"1788";"0";996;0;341;594;31
"MOLISE";"CAMPOBASSO";"PIETRACUPA";1;"Indennita' di contingenza";"598";"0";238;0;45;178;7
"MOLISE";"CAMPOBASSO";"PORTOCANNONE";1;"Indennita' di contingenza";"2071";"0";1666;0;999;617;28
"MOLISE";"CAMPOBASSO";"PROVVIDENTI";1;"Indennita' di contingenza";"225";"0";119;0;35;76;5
"MOLISE";"CAMPOBASSO";"RICCIA";1;"Indennita' di contingenza";"5524";"0";3305;0;762;2363;83
"MOLISE";"CAMPOBASSO";"RIPABOTTONI";1;"Indennita' di contingenza";"960";"0";465;0;173;251;34
"MOLISE";"CAMPOBASSO";"RIPALIMOSANO";1;"Indennita' di contingenza";"1744";"0";1407;0;720;625;36
"MOLISE";"CAMPOBASSO";"ROCCAVIVARA";1;"Indennita' di contingenza";"1258";"0";755;0;189;528;22
"MOLISE";"CAMPOBASSO";"ROTELLO";1;"Indennita' di contingenza";"1695";"0";978;0;513;440;9
"MOLISE";"CAMPOBASSO";"SALCITO";1;"Indennita' di contingenza";"711";"0";479;0;263;201;5
"MOLISE";"CAMPOBASSO";"SAN BIASE";1;"Indennita' di contingenza";"639";"0";264;0;172;83;0
"MOLISE";"CAMPOBASSO";"SAN FELICE DEL MOLISE";1;"Indennita' di contingenza";"1036";"0";605;0;184;388;11
"MOLISE";"CAMPOBASSO";"SAN GIACOMO DEGLI SCHIAVONI";1;"Indennita' di contingenza";"729";"0";517;0;284;214;11
"MOLISE";"CAMPOBASSO";"SAN GIOVANNI IN GALDO";1;"Indennita' di contingenza";"1022";"0";505;0;199;268;24
"MOLISE";"CAMPOBASSO";"SAN GIULIANO DEL SANNIO";1;"Indennita' di contingenza";"1067";"0";716;0;279;376;31
"MOLISE";"CAMPOBASSO";"SAN GIULIANO DI PUGLIA";1;"Indennita' di contingenza";"1317";"0";875;0;442;404;5
"MOLISE";"CAMPOBASSO";"SAN MARTINO IN PENSILIS";1;"Indennita' di contingenza";"4264";"0";2922;0;1646;1157;58
"MOLISE";"CAMPOBASSO";"SAN MASSIMO";1;"Indennita' di contingenza";"603";"0";367;0;112;232;8
"MOLISE";"CAMPOBASSO";"SAN POLOMATESE";1;"Indennita' di contingenza";"377";"0";215;0;47;158;4
"MOLISE";"CAMPOBASSO";"SANTA CROCE DI MAGLIANO";1;"Indennita' di contingenza";"4512";"0";3115;0;2039;994;33
"MOLISE";"CAMPOBASSO";"SANT'ANGELO LIMOSANO";1;"Indennita' di contingenza";"606";"0";374;0;106;254;3
"MOLISE";"CAMPOBASSO";"SANT'ELIA A PIANISI";1;"Indennita' di contingenza";"2147";"0";1403;0;401;923;38
"MOLISE";"CAMPOBASSO";"SEPINO";1;"Indennita' di contingenza";"2138";"0";1020;0;396;534;43
"MOLISE";"CAMPOBASSO";"SPINETE";1;"Indennita' di contingenza";"1759";"0";862;0;198;601;42
"MOLISE";"CAMPOBASSO";"TAVENNA";1;"Indennita' di contingenza";"1311";"0";833;0;235;546;17
"MOLISE";"CAMPOBASSO";"TERMOLI";1;"Indennita' di contingenza";"17982";"0";13793;0;5989;7402;176
"MOLISE";"CAMPOBASSO";"TORELLA DEL SANNIO";1;"Indennita' di contingenza";"1015";"0";625;0;185;384;19
"MOLISE";"CAMPOBASSO";"TORO";1;"Indennita' di contingenza";"1413";"0";832;0;227;578;12
"MOLISE";"CAMPOBASSO";"TRIVENTO";1;"Indennita' di contingenza";"4437";"0";2390;0;899;1365;45
"MOLISE";"CAMPOBASSO";"TUFARA";1;"Indennita' di contingenza";"1282";"0";832;0;215;566;15
"MOLISE";"CAMPOBASSO";"URURI";1;"Indennita' di contingenza";"3491";"0";2060;0;1138;866;25
"MOLISE";"CAMPOBASSO";"VINCHIATURO";1;"Indennita' di contingenza";"2445";"0";1312;0;525;706;38
"MOLISE";"ISERNIA";"ACQUAVIVA D'ISERNIA";1;"Indennita' di contingenza";"633";"0";354;0;180;161;2
"MOLISE";"ISERNIA";"AGNONE";1;"Indennita' di contingenza";"5764";"0";3308;0;1024;2102;81
"MOLISE";"ISERNIA";"BAGNOLI DEL TRIGNO";1;"Indennita' di contingenza";"1377";"0";786;0;354;386;19
"MOLISE";"ISERNIA";"BELMONTE DEL SANNIO";1;"Indennita' di contingenza";"1064";"0";469;0;131;313;9
"MOLISE";"ISERNIA";"CANTALUPO NEL SANNIO";1;"Indennita' di contingenza";"944";"0";456;0;120;299;20
"MOLISE";"ISERNIA";"CAPRACOTTA";1;"Indennita' di contingenza";"1324";"0";835;0;386;427;11
"MOLISE";"ISERNIA";"CAROVILLI";1;"Indennita' di contingenza";"1675";"0";928;0;395;485;23
"MOLISE";"ISERNIA";"CARPINONE";1;"Indennita' di contingenza";"2108";"0";689;0;231;424;20
"MOLISE";"ISERNIA";"CASTEL DEL GIUDICE";1;"Indennita' di contingenza";"479";"0";304;0;124;166;9
"MOLISE";"ISERNIA";"CASTELPETROSO";1;"Indennita' di contingenza";"1816";"0";952;0;216;692;15
"MOLISE";"ISERNIA";"CASTELPIZZUTO";1;"Indennita' di contingenza";"296";"0";107;0;12;90;4
"MOLISE";"ISERNIA";"CASTEL SAN VINCENZO";1;"Indennita' di contingenza";"686";"0";335;0;123;201;6
"MOLISE";"ISERNIA";"CASTELVERRINO";1;"Indennita' di contingenza";"256";"0";159;0;42;110;4
"MOLISE";"ISERNIA";"CERRO AL VOLTURNO";1;"Indennita' di contingenza";"1740";"0";1121;0;510;584;14
"MOLISE";"ISERNIA";"CHIAUCI";1;"Indennita' di contingenza";"400";"0";231;0;96;119;8
"MOLISE";"ISERNIA";"CIVITANOVA DEL SANNIO";1;"Indennita' di contingenza";"1130";"0";675;0;224;437;6
"MOLISE";"ISERNIA";"COLLI A VOLTURNO";1;"Indennita' di contingenza";"1287";"0";759;0;304;412;30
"MOLISE";"ISERNIA";"CONCA CASALE";1;"Indennita' di contingenza";"297";"0";223;0;126;86;5
"MOLISE";"ISERNIA";"FILIGNANO";1;"Indennita' di contingenza";"1128";"0";537;0;161;346;18
"MOLISE";"ISERNIA";"FORLI' DEL SANNIO";1;"Indennita' di contingenza";"1072";"0";559;0;238;298;15
"MOLISE";"ISERNIA";"FORNELLI";1;"Indennita' di contingenza";"1755";"0";819;0;407;380;7
"MOLISE";"ISERNIA";"FROSOLONE";1;"Indennita' di contingenza";"3191";"0";1957;0;599;1236;70
"MOLISE";"ISERNIA";"ISERNIA";1;"Indennita' di contingenza";"15248";"0";10156;0;4301;5520;160
"MOLISE";"ISERNIA";"LONGANO";1;"Indennita' di contingenza";"1129";"0";491;0;143;324;11
"MOLISE";"ISERNIA";"MACCHIA D'ISERNIA";1;"Indennita' di contingenza";"764";"0";472;0;115;347;7
"MOLISE";"ISERNIA";"MACCHIAGODENA";1;"Indennita' di contingenza";"2982";"0";1147;0;506;617;14
"MOLISE";"ISERNIA";"MIRANDA";1;"Indennita' di contingenza";"1188";"0";717;0;277;371;30
"MOLISE";"ISERNIA";"MONTAQUILA";1;"Indennita' di contingenza";"1909";"0";1337;0;627;642;35
"MOLISE";"ISERNIA";"MONTENERO VAL COCCHIARA";1;"Indennita' di contingenza";"769";"0";409;0;146;246;7
"MOLISE";"ISERNIA";"MONTERODUNI";1;"Indennita' di contingenza";"2042";"0";1448;0;631;777;26
"MOLISE";"ISERNIA";"PESCHE";1;"Indennita' di contingenza";"822";"0";332;0;121;191;12
"MOLISE";"ISERNIA";"PESCOLANCIANO";1;"Indennita' di contingenza";"1121";"0";748;0;427;289;14
"MOLISE";"ISERNIA";"PESCOPENNATARO";1;"Indennita' di contingenza";"510";"0";332;0;104;214;9
"MOLISE";"ISERNIA";"PETTORANELLO DEL MOLISE";1;"Indennita' di contingenza";"675";"0";221;0;62;142;5
"MOLISE";"ISERNIA";"PIETRABBONDANTE";1;"Indennita' di contingenza";"1288";"0";674;0;280;372;15
"MOLISE";"ISERNIA";"PIZZONE";1;"Indennita' di contingenza";"741";"0";246;0;91;150;2
"MOLISE";"ISERNIA";"POGGIO SANNITA";1;"Indennita' di contingenza";"1249";"0";775;0;391;361;8
"MOLISE";"ISERNIA";"POZZILLI";1;"Indennita' di contingenza";"1817";"0";1223;0;550;634;21
"MOLISE";"ISERNIA";"RIONERO SANNITICO";1;"Indennita' di contingenza";"1600";"0";721;0;366;313;17
"MOLISE";"ISERNIA";"ROCCAMANDOLFI";1;"Indennita' di contingenza";"1223";"0";673;0;288;363;14
"MOLISE";"ISERNIA";"ROCCASICURA";1;"Indennita' di contingenza";"773";"0";402;0;138;244;12
"MOLISE";"ISERNIA";"ROCCHETTA A VOLTURNO";1;"Indennita' di contingenza";"1184";"0";620;0;238;355;14
"MOLISE";"ISERNIA";"SAN PIETRO AVELLANA";1;"Indennita' di contingenza";"1009";"0";501;0;222;261;8
"MOLISE";"ISERNIA";"SANT'AGAPITO";1;"Indennita' di contingenza";"995";"0";685;0;325;334;12
"MOLISE";"ISERNIA";"SANTA MARIA DEL MOLISE";1;"Indennita' di contingenza";"686";"0";369;0;193;169;4
"MOLISE";"ISERNIA";"SANT'ANGELO DEL PESCO";1;"Indennita' di contingenza";"625";"0";286;0;115;158;0
"MOLISE";"ISERNIA";"SANT'ELENA SANNITA";1;"Indennita' di contingenza";"376";"0";232;0;56;153;10
"MOLISE";"ISERNIA";"SCAPOLI";1;"Indennita' di contingenza";"1026";"0";503;0;272;210;10
"MOLISE";"ISERNIA";"SESSANO DEL MOLISE";1;"Indennita' di contingenza";"1190";"0";633;0;181;417;18
"MOLISE";"ISERNIA";"SESTO CAMPANO";1;"Indennita' di contingenza";"2177";"0";1323;0;437;789;47
"MOLISE";"ISERNIA";"VASTOGIRARDI";1;"Indennita' di contingenza";"1178";"0";710;0;330;351;12
"MOLISE";"ISERNIA";"VENAFRO";1;"Indennita' di contingenza";"6831";"0";4838;0;2058;2540;113
"CAMPANIA";"AVELLINO";"AIELLO DEL SABATO";1;"Indennita' di contingenza";"2116";"0";1495;0;643;780;43
"CAMPANIA";"AVELLINO";"ALTAVILLA IRPINA";1;"Indennita' di contingenza";"4555";"0";2418;0;1096;1200;44
"CAMPANIA";"AVELLINO";"ANDRETTA";1;"Indennita' di contingenza";"3172";"0";1351;0;526;743;56
"CAMPANIA";"AVELLINO";"AQUILONIA";1;"Indennita' di contingenza";"2366";"0";1371;0;562;760;21
"CAMPANIA";"AVELLINO";"ARIANO IRPINO";1;"Indennita' di contingenza";"18313";"0";11288;0;5339;5415;131
"CAMPANIA";"AVELLINO";"ATRIPALDA";1;"Indennita' di contingenza";"7651";"0";5223;0;2644;2449;51
"CAMPANIA";"AVELLINO";"AVELLA";1;"Indennita' di contingenza";"5107";"0";3435;0;1577;1650;87
"CAMPANIA";"AVELLINO";"AVELLINO";1;"Indennita' di contingenza";"43174";"0";32153;0;13182;18076;392
"CAMPANIA";"AVELLINO";"BAGNOLI IRPINO";1;"Indennita' di contingenza";"3193";"0";1847;0;884;900;39
"CAMPANIA";"AVELLINO";"BAIANO";1;"Indennita' di contingenza";"3821";"0";2601;0;1476;1051;38
"CAMPANIA";"AVELLINO";"BISACCIA";1;"Indennita' di contingenza";"4428";"0";2400;0;1239;1079;33
"CAMPANIA";"AVELLINO";"BONITO";1;"Indennita' di contingenza";"2359";"0";1256;0;560;643;20
"CAMPANIA";"AVELLINO";"CAIRANO";1;"Indennita' di contingenza";"818";"0";394;0;57;318;5
"CAMPANIA";"AVELLINO";"CALABRITTO";1;"Indennita' di contingenza";"3762";"0";1391;0;468;860;40
"CAMPANIA";"AVELLINO";"CALITRI";1;"Indennita' di contingenza";"5819";"0";3760;0;1670;1982;45
"CAMPANIA";"AVELLINO";"CANDIDA";1;"Indennita' di contingenza";"1032";"0";598;0;322;237;12
"CAMPANIA";"AVELLINO";"CAPOSELE";1;"Indennita' di contingenza";"3187";"0";2165;0;1087;1026;24
"CAMPANIA";"AVELLINO";"CAPRIGLIA IRPINA";1;"Indennita' di contingenza";"1754";"0";1071;0;433;573;38
"CAMPANIA";"AVELLINO";"CARIFE";1;"Indennita' di contingenza";"1934";"0";1233;0;679;546;4
"CAMPANIA";"AVELLINO";"CASALBORE";1;"Indennita' di contingenza";"1851";"0";1169;0;465;662;13
"CAMPANIA";"AVELLINO";"CASSANO IRPINO";1;"Indennita' di contingenza";"1176";"0";453;0;151;288;8
"CAMPANIA";"AVELLINO";"CASTEL BARONIA";1;"Indennita' di contingenza";"1284";"0";683;0;254;425;0
"CAMPANIA";"AVELLINO";"CASTELFRANCI";1;"Indennita' di contingenza";"2201";"0";1028;0;224;769;15
"CAMPANIA";"AVELLINO";"CASTELVETERE SUL CALORE";1;"Indennita' di contingenza";"1651";"0";1032;0;326;641;37
"CAMPANIA";"AVELLINO";"CERVINARA";1;"Indennita' di contingenza";"7691";"0";4637;0;2183;2304;87
"CAMPANIA";"AVELLINO";"CESINALI";1;"Indennita' di contingenza";"1387";"0";1023;0;465;523;9
"CAMPANIA";"AVELLINO";"CHIANCHE";1;"Indennita' di contingenza";"717";"0";442;0;243;186;9
"CAMPANIA";"AVELLINO";"CHIUSANO DI SAN DOMENICO";1;"Indennita' di contingenza";"2127";"0";1203;0;405;724;35
"CAMPANIA";"AVELLINO";"CONTRADA";1;"Indennita' di contingenza";"2244";"0";1475;0;678;769;12
"CAMPANIA";"AVELLINO";"CONZA DELLA CAMPANIA";1;"Indennita' di contingenza";"2302";"0";927;0;228;644;25
"CAMPANIA";"AVELLINO";"DOMICELLA";1;"Indennita' di contingenza";"1092";"0";767;0;215;529;14
"CAMPANIA";"AVELLINO";"FLUMERI";1;"Indennita' di contingenza";"2803";"0";1477;0;820;626;17
"CAMPANIA";"AVELLINO";"FONTANAROSA";1;"Indennita' di contingenza";"3518";"0";1736;0;463;1222;15
"CAMPANIA";"AVELLINO";"FORINO";1;"Indennita' di contingenza";"3940";"0";2485;0;948;1430;56
"CAMPANIA";"AVELLINO";"FRIGENTO";1;"Indennita' di contingenza";"3455";"0";2332;0;1247;969;59
"CAMPANIA";"AVELLINO";"GESUALDO";1;"Indennita' di contingenza";"3249";"0";1967;0;664;1226;31
"CAMPANIA";"AVELLINO";"GRECI";1;"Indennita' di contingenza";"1175";"0";772;0;371;376;13
"CAMPANIA";"AVELLINO";"GROTTAMINARDA";1;"Indennita' di contingenza";"6684";"0";3923;0;2191;1585;51
"CAMPANIA";"AVELLINO";"GROTTOLELLA";1;"Indennita' di contingenza";"1258";"0";792;0;297;469;10
"CAMPANIA";"AVELLINO";"GUARDIA LOMBARDI";1;"Indennita' di contingenza";"3522";"0";897;0;277;589;13
"CAMPANIA";"AVELLINO";"LACEDONIA";1;"Indennita' di contingenza";"3051";"0";2075;0;1052;959;30
"CAMPANIA";"AVELLINO";"LAPIO";1;"Indennita' di contingenza";"1617";"0";1018;0;424;543;28
"CAMPANIA";"AVELLINO";"LAURO";1;"Indennita' di contingenza";"2710";"0";1829;0;691;1103;18
"CAMPANIA";"AVELLINO";"LIONI";1;"Indennita' di contingenza";"5117";"0";2542;0;1109;1345;39
"CAMPANIA";"AVELLINO";"LUOGOSANO";1;"Indennita' di contingenza";"1160";"0";674;0;294;347;17
"CAMPANIA";"AVELLINO";"MANOCALZATI";1;"Indennita' di contingenza";"2326";"0";1182;0;535;594;27
"CAMPANIA";"AVELLINO";"MARZANO DI NOLA";1;"Indennita' di contingenza";"1163";"0";764;0;276;456;15
"CAMPANIA";"AVELLINO";"MELITO IRPINO";1;"Indennita' di contingenza";"1805";"0";898;0;246;618;12
"CAMPANIA";"AVELLINO";"MERCOGLIANO";1;"Indennita' di contingenza";"5413";"0";3979;0;1902;1968;54
"CAMPANIA";"AVELLINO";"MIRABELLA ECLANO";1;"Indennita' di contingenza";"6736";"0";3305;0;1193;1980;35
"CAMPANIA";"AVELLINO";"MONTAGUTO";1;"Indennita' di contingenza";"841";"0";562;0;128;424;5
"CAMPANIA";"AVELLINO";"MONTECALVO IRPINO";1;"Indennita' di contingenza";"4431";"0";2492;0;1296;1109;39
"CAMPANIA";"AVELLINO";"MONTEFALCIONE";1;"Indennita' di contingenza";"4185";"0";1879;0;952;810;65
"CAMPANIA";"AVELLINO";"MONTEFORTE IRPINO";1;"Indennita' di contingenza";"4115";"0";2557;0;1303;1191;28
"CAMPANIA";"AVELLINO";"MONTEFREDANE";1;"Indennita' di contingenza";"1791";"0";1268;0;624;599;30
"CAMPANIA";"AVELLINO";"MONTEFUSCO";1;"Indennita' di contingenza";"1474";"0";825;0;341;444;22
"CAMPANIA";"AVELLINO";"MONTELLA";1;"Indennita' di contingenza";"7071";"0";3659;0;1904;1662;52
"CAMPANIA";"AVELLINO";"MONTEMARANO";1;"Indennita' di contingenza";"3167";"0";1928;0;741;1090;61
"CAMPANIA";"AVELLINO";"MONTEMILETTO";1;"Indennita' di contingenza";"4193";"0";2158;0;1082;984;54
"CAMPANIA";"AVELLINO";"MONTEVERDE";1;"Indennita' di contingenza";"1045";"0";657;0;179;458;10
"CAMPANIA";"AVELLINO";"MONTORO INFERIORE";1;"Indennita' di contingenza";"6095";"0";4417;0;1801;2455;79
"CAMPANIA";"AVELLINO";"MONTORO SUPERIORE";1;"Indennita' di contingenza";"4823";"0";3313;0;1462;1680;72
"CAMPANIA";"AVELLINO";"MORRA DE SANCTIS";1;"Indennita' di contingenza";"1910";"0";849;0;198;620;21
"CAMPANIA";"AVELLINO";"MOSCHIANO";1;"Indennita' di contingenza";"1394";"0";728;0;305;389;16
"CAMPANIA";"AVELLINO";"MUGNANO DEL CARDINALE";1;"Indennita' di contingenza";"3741";"0";2361;0;1401;888;34
"CAMPANIA";"AVELLINO";"NUSCO";1;"Indennita' di contingenza";"4404";"0";2008;0;943;960;32
"CAMPANIA";"AVELLINO";"OSPEDALETTO D'ALPINOLO";1;"Indennita' di contingenza";"1303";"0";938;0;410;499;15
"CAMPANIA";"AVELLINO";"PAGO DEL VALLO DI LAURO";1;"Indennita' di contingenza";"1186";"0";787;0;393;375;11
"CAMPANIA";"AVELLINO";"PAROLISE";1;"Indennita' di contingenza";"540";"0";396;0;165;208;15
"CAMPANIA";"AVELLINO";"PATERNOPOLI";1;"Indennita' di contingenza";"2553";"0";1401;0;557;757;3
"CAMPANIA";"AVELLINO";"PETRURO IRPINO";1;"Indennita' di contingenza";"467";"0";265;0;145;103;14
"CAMPANIA";"AVELLINO";"PIETRADEFUSI";1;"Indennita' di contingenza";"2335";"0";1215;0;449;704;32
"CAMPANIA";"AVELLINO";"PIETRASTORNINA";1;"Indennita' di contingenza";"1475";"0";957;0;366;542;22
"CAMPANIA";"AVELLINO";"PRATA DI PRINCIPATO ULTRA";1;"Indennita' di contingenza";"2261";"0";1322;0;578;714;19
"CAMPANIA";"AVELLINO";"PRATOLA SERRA";1;"Indennita' di contingenza";"2730";"0";1752;0;795;908;24
"CAMPANIA";"AVELLINO";"QUADRELLE";1;"Indennita' di contingenza";"981";"0";609;0;381;198;19
"CAMPANIA";"AVELLINO";"QUINDICI";1;"Indennita' di contingenza";"2091";"0";1194;0;450;701;25
"CAMPANIA";"AVELLINO";"ROCCABASCERANA";1;"Indennita' di contingenza";"1801";"0";1290;0;534;708;16
"CAMPANIA";"AVELLINO";"ROCCA SAN FELICE";1;"Indennita' di contingenza";"1145";"0";531;0;203;300;18
"CAMPANIA";"AVELLINO";"ROTONDI";1;"Indennita' di contingenza";"2408";"0";1688;0;626;1026;25
"CAMPANIA";"AVELLINO";"SALZA IRPINA";1;"Indennita' di contingenza";"748";"0";517;0;260;238;11
"CAMPANIA";"AVELLINO";"SAN MANGO SUL CALORE";1;"Indennita' di contingenza";"1882";"0";729;0;239;442;19
"CAMPANIA";"AVELLINO";"SAN MARTINO VALLE CAUDINA";1;"Indennita' di contingenza";"3750";"0";2476;0;1275;1154;26
"CAMPANIA";"AVELLINO";"SAN MICHELE DI SERINO";1;"Indennita' di contingenza";"1402";"0";1011;0;391;582;15
"CAMPANIA";"AVELLINO";"SAN NICOLA BARONIA";1;"Indennita' di contingenza";"884";"0";515;0;146;348;4
"CAMPANIA";"AVELLINO";"SAN POTITO ULTRA";1;"Indennita' di contingenza";"1181";"0";787;0;278;480;15
"CAMPANIA";"AVELLINO";"SAN SOSSIO BARONIA";1;"Indennita' di contingenza";"1790";"0";1046;0;549;470;16
"CAMPANIA";"AVELLINO";"SANTA LUCIA DI SERINO";1;"Indennita' di contingenza";"1126";"0";877;0;341;452;23
"CAMPANIA";"AVELLINO";"SANT'ANDREA DI CONZA";1;"Indennita' di contingenza";"2458";"0";1319;0;547;734;24
"CAMPANIA";"AVELLINO";"SANT'ANGELO ALL'ESCA";1;"Indennita' di contingenza";"1135";"0";573;0;192;362;7
"CAMPANIA";"AVELLINO";"SANT'ANGELO A SCALA";1;"Indennita' di contingenza";"521";"0";335;0;157;159;7
"CAMPANIA";"AVELLINO";"SANT'ANGELO DEI LOMBARDI";1;"Indennita' di contingenza";"4856";"0";1952;0;676;1204;35
"CAMPANIA";"AVELLINO";"SANTA PAOLINA";1;"Indennita' di contingenza";"1559";"0";796;0;321;435;20
"CAMPANIA";"AVELLINO";"SANTO STEFANO DEL SOLE";1;"Indennita' di contingenza";"1337";"0";850;0;338;466;31
"CAMPANIA";"AVELLINO";"SAVIGNANO IRPINO";1;"Indennita' di contingenza";"1550";"0";758;0;240;479;24
"CAMPANIA";"AVELLINO";"SCAMPITELLA";1;"Indennita' di contingenza";"1550";"0";772;0;404;346;10
"CAMPANIA";"AVELLINO";"SENERCHIA";1;"Indennita' di contingenza";"1069";"0";473;0;129;302;18
"CAMPANIA";"AVELLINO";"SERINO";1;"Indennita' di contingenza";"6036";"0";3568;0;1612;1822;71
"CAMPANIA";"AVELLINO";"SIRIGNANO";1;"Indennita' di contingenza";"1022";"0";715;0;409;265;22
"CAMPANIA";"AVELLINO";"SOLOFRA";1;"Indennita' di contingenza";"7546";"0";5302;0;2662;2503;64
"CAMPANIA";"AVELLINO";"SORBO SERPICO";1;"Indennita' di contingenza";"550";"0";309;0;123;171;8
"CAMPANIA";"AVELLINO";"SPERONE";1;"Indennita' di contingenza";"1760";"0";1337;0;885;414;18
"CAMPANIA";"AVELLINO";"STURNO";1;"Indennita' di contingenza";"2947";"0";1509;0;494;975;19
"CAMPANIA";"AVELLINO";"SUMMONTE";1;"Indennita' di contingenza";"1143";"0";663;0;260;370;11
"CAMPANIA";"AVELLINO";"TAURANO";1;"Indennita' di contingenza";"1296";"0";750;0;255;478;5
"CAMPANIA";"AVELLINO";"TAURASI";1;"Indennita' di contingenza";"2414";"0";1141;0;504;575;26
"CAMPANIA";"AVELLINO";"TEORA";1;"Indennita' di contingenza";"2335";"0";998;0;255;707;19
"CAMPANIA";"AVELLINO";"TORELLA DEI LOMBARDI";1;"Indennita' di contingenza";"2590";"0";896;0;347;501;29
"CAMPANIA";"AVELLINO";"TORRE LE NOCELLE";1;"Indennita' di contingenza";"1131";"0";718;0;309;386;12
"CAMPANIA";"AVELLINO";"TORRIONI";1;"Indennita' di contingenza";"597";"0";239;0;165;64;3
"CAMPANIA";"AVELLINO";"TREVICO";1;"Indennita' di contingenza";"1258";"0";650;0;260;349;15
"CAMPANIA";"AVELLINO";"TUFO";1;"Indennita' di contingenza";"1327";"0";734;0;387;338;5
"CAMPANIA";"AVELLINO";"VALLATA";1;"Indennita' di contingenza";"3008";"0";1533;0;751;728;22
"CAMPANIA";"AVELLINO";"VALLESACCARDA";1;"Indennita' di contingenza";"1554";"0";720;0;253;428;14
"CAMPANIA";"AVELLINO";"VENTICANO";1;"Indennita' di contingenza";"1957";"0";1162;0;419;690;19
"CAMPANIA";"AVELLINO";"VILLAMAINA";1;"Indennita' di contingenza";"934";"0";637;0;287;332;13
"CAMPANIA";"AVELLINO";"VILLANOVA DEL BATTISTA";1;"Indennita' di contingenza";"2051";"0";1219;0;433;748;16
"CAMPANIA";"AVELLINO";"VOLTURARA IRPINA";1;"Indennita' di contingenza";"4360";"0";1444;0;506;857;45
"CAMPANIA";"AVELLINO";"ZUNGOLI";1;"Indennita' di contingenza";"1741";"0";921;0;274;594;22
"CAMPANIA";"BENEVENTO";"AIROLA";1;"Indennita' di contingenza";"5322";"0";3992;0;1983;1806;99
"CAMPANIA";"BENEVENTO";"AMOROSI";1;"Indennita' di contingenza";"2346";"0";1499;0;566;881;36
"CAMPANIA";"BENEVENTO";"APICE";1;"Indennita' di contingenza";"4529";"0";2806;0;1177;1525;49
"CAMPANIA";"BENEVENTO";"APOLLOSA";1;"Indennita' di contingenza";"1959";"0";1415;0;680;666;25
"CAMPANIA";"BENEVENTO";"ARPAIA";1;"Indennita' di contingenza";"1279";"0";818;0;361;429;13
"CAMPANIA";"BENEVENTO";"ARPAISE";1;"Indennita' di contingenza";"959";"0";529;0;240;272;8
"CAMPANIA";"BENEVENTO";"BASELICE";1;"Indennita' di contingenza";"2800";"0";1503;0;423;942;70
"CAMPANIA";"BENEVENTO";"BENEVENTO";1;"Indennita' di contingenza";"48437";"0";33339;0;15263;17077;333
"CAMPANIA";"BENEVENTO";"BONEA";1;"Indennita' di contingenza";"1012";"0";714;0;315;368;15
"CAMPANIA";"BENEVENTO";"BUCCIANO";1;"Indennita' di contingenza";"1261";"0";916;0;411;452;34
"CAMPANIA";"BENEVENTO";"BUONALBERGO";1;"Indennita' di contingenza";"1793";"0";1160;0;691;404;29
"CAMPANIA";"BENEVENTO";"CALVI";1;"Indennita' di contingenza";"1978";"0";1275;0;467;729;35
"CAMPANIA";"BENEVENTO";"CAMPOLATTARO";1;"Indennita' di contingenza";"1067";"0";608;0;197;373;16
"CAMPANIA";"BENEVENTO";"CAMPOLI DEL MONTE TABURNO";1;"Indennita' di contingenza";"1261";"0";526;0;195;320;2
"CAMPANIA";"BENEVENTO";"CASALDUNI";1;"Indennita' di contingenza";"1486";"0";850;0;276;509;25
"CAMPANIA";"BENEVENTO";"CASTELFRANCO IN MISCANO";1;"Indennita' di contingenza";"1084";"0";620;0;177;412;20
"CAMPANIA";"BENEVENTO";"CASTELPAGANO";1;"Indennita' di contingenza";"1713";"0";663;0;103;535;8
"CAMPANIA";"BENEVENTO";"CASTELPOTO";1;"Indennita' di contingenza";"1392";"0";966;0;449;468;15
"CAMPANIA";"BENEVENTO";"CASTELVENERE";1;"Indennita' di contingenza";"1957";"0";1470;0;554;864;28
"CAMPANIA";"BENEVENTO";"CASTELVETERE IN VAL FORTORE";1;"Indennita' di contingenza";"2901";"0";1427;0;229;1053;80
"CAMPANIA";"BENEVENTO";"CAUTANO";1;"Indennita' di contingenza";"1523";"0";1159;0;389;720;28
"CAMPANIA";"BENEVENTO";"CEPPALONI";1;"Indennita' di contingenza";"3119";"0";1828;0;876;890;34
"CAMPANIA";"BENEVENTO";"CERRETO SANNITA";1;"Indennita' di contingenza";"4119";"0";2107;0;946;1080;42
"CAMPANIA";"BENEVENTO";"CIRCELLO";1;"Indennita' di contingenza";"2552";"0";1360;0;430;840;52
"CAMPANIA";"BENEVENTO";"COLLE SANNITA";1;"Indennita' di contingenza";"3314";"0";1465;0;331;1068;28
"CAMPANIA";"BENEVENTO";"CUSANO MUTRI";1;"Indennita' di contingenza";"4058";"0";2515;0;1194;1133;115
"CAMPANIA";"BENEVENTO";"DUGENTA";1;"Indennita' di contingenza";"2167";"0";1481;0;639;782;37
"CAMPANIA";"BENEVENTO";"DURAZZANO";1;"Indennita' di contingenza";"1888";"0";890;0;212;662;6
"CAMPANIA";"BENEVENTO";"FAICCHIO";1;"Indennita' di contingenza";"3647";"0";1780;0;565;1137;34
"CAMPANIA";"BENEVENTO";"FOGLIANISE";1;"Indennita' di contingenza";"2381";"0";1709;0;701;929;29
"CAMPANIA";"BENEVENTO";"FOIANO DI VAL FORTORE";1;"Indennita' di contingenza";"1631";"0";901;0;388;491;9
"CAMPANIA";"BENEVENTO";"FORCHIA";1;"Indennita' di contingenza";"764";"0";443;0;191;223;10
"CAMPANIA";"BENEVENTO";"FRAGNETO L'ABATE";1;"Indennita' di contingenza";"1402";"0";683;0;246;402;14
"CAMPANIA";"BENEVENTO";"FRAGNETO MONFORTE";1;"Indennita' di contingenza";"1704";"0";942;0;427;492;8
"CAMPANIA";"BENEVENTO";"FRASSO TELESINO";1;"Indennita' di contingenza";"2549";"0";1837;0;623;1157;24
"CAMPANIA";"BENEVENTO";"GINESTRA DEGLI SCHIAVONI";1;"Indennita' di contingenza";"707";"0";427;0;251;164;7
"CAMPANIA";"BENEVENTO";"GUARDIA SANFRAMONDI";1;"Indennita' di contingenza";"4794";"0";3624;0;1137;2323;67
"CAMPANIA";"BENEVENTO";"LIMATOLA";1;"Indennita' di contingenza";"2646";"0";1588;0;618;907;26
"CAMPANIA";"BENEVENTO";"MELIZZANO";1;"Indennita' di contingenza";"1773";"0";1115;0;553;535;13
"CAMPANIA";"BENEVENTO";"MOIANO";1;"Indennita' di contingenza";"3014";"0";2235;0;880;1238;69
"CAMPANIA";"BENEVENTO";"MOLINARA";1;"Indennita' di contingenza";"1808";"0";1114;0;527;541;13
"CAMPANIA";"BENEVENTO";"MONTEFALCONE DI VAL FORTORE";1;"Indennita' di contingenza";"2220";"0";1332;0;662;631;21
"CAMPANIA";"BENEVENTO";"MONTESARCHIO";1;"Indennita' di contingenza";"8929";"0";5488;0;2146;3196;57
"CAMPANIA";"BENEVENTO";"MORCONE";1;"Indennita' di contingenza";"5911";"0";2347;0;745;1506;50
"CAMPANIA";"BENEVENTO";"PADULI";1;"Indennita' di contingenza";"3894";"0";2249;0;832;1337;32
"CAMPANIA";"BENEVENTO";"PAGO VEIANO";1;"Indennita' di contingenza";"2298";"0";1265;0;743;483;19
"CAMPANIA";"BENEVENTO";"PANNARANO";1;"Indennita' di contingenza";"1663";"0";1197;0;646;508;21
"CAMPANIA";"BENEVENTO";"PAOLISI";1;"Indennita' di contingenza";"1377";"0";851;0;331;491;22
"CAMPANIA";"BENEVENTO";"PAUPISI";1;"Indennita' di contingenza";"1529";"0";976;0;360;566;24
"CAMPANIA";"BENEVENTO";"PESCO SANNITA";1;"Indennita' di contingenza";"2227";"0";1198;0;398;761;18
"CAMPANIA";"BENEVENTO";"PIETRAROJA";1;"Indennita' di contingenza";"748";"0";351;0;129;203;8
"CAMPANIA";"BENEVENTO";"PIETRELCINA";1;"Indennita' di contingenza";"2472";"0";1490;0;717;744;9
"CAMPANIA";"BENEVENTO";"PONTE";1;"Indennita' di contingenza";"2002";"0";1277;0;521;691;41
"CAMPANIA";"BENEVENTO";"PONTELANDOLFO";1;"Indennita' di contingenza";"3328";"0";1189;0;427;722;16
"CAMPANIA";"BENEVENTO";"PUGLIANELLO";1;"Indennita' di contingenza";"1318";"0";608;0;171;404;18
"CAMPANIA";"BENEVENTO";"REINO";1;"Indennita' di contingenza";"1182";"0";593;0;207;330;25
"CAMPANIA";"BENEVENTO";"SAN BARTOLOMEO IN GALDO";1;"Indennita' di contingenza";"6316";"0";3363;0;1045;2122;59
"CAMPANIA";"BENEVENTO";"SAN GIORGIO DEL SANNIO";1;"Indennita' di contingenza";"5235";"0";3693;0;1544;1938;75
"CAMPANIA";"BENEVENTO";"SAN GIORGIO LA MOLARA";1;"Indennita' di contingenza";"2778";"0";1504;0;414;1020;28
"CAMPANIA";"BENEVENTO";"SAN LEUCIO DEL SANNIO";1;"Indennita' di contingenza";"2870";"0";1688;0;865;727;45
"CAMPANIA";"BENEVENTO";"SAN LORENZELLO";1;"Indennita' di contingenza";"2013";"0";1227;0;431;718;39
"CAMPANIA";"BENEVENTO";"SAN LORENZO MAGGIORE";1;"Indennita' di contingenza";"2120";"0";1219;0;344;782;28
"CAMPANIA";"BENEVENTO";"SAN LUPO";1;"Indennita' di contingenza";"1104";"0";697;0;370;297;14
"CAMPANIA";"BENEVENTO";"SAN MARCO DEI CAVOTI";1;"Indennita' di contingenza";"3869";"0";1841;0;687;1025;56
"CAMPANIA";"BENEVENTO";"SAN MARTINO SANNITA";1;"Indennita' di contingenza";"1039";"0";635;0;287;310;13
"CAMPANIA";"BENEVENTO";"SAN NAZZARO";1;"Indennita' di contingenza";"593";"0";403;0;230;150;13
"CAMPANIA";"BENEVENTO";"SAN NICOLA MANFREDI";1;"Indennita' di contingenza";"2211";"0";1621;0;807;720;37
"CAMPANIA";"BENEVENTO";"SAN SALVATORE TELESINO";1;"Indennita' di contingenza";"2948";"0";1856;0;717;1022;65
"CAMPANIA";"BENEVENTO";"SANTA CROCE DEL SANNIO";1;"Indennita' di contingenza";"1050";"0";513;0;107;374;20
"CAMPANIA";"BENEVENTO";"SANT'AGATA DE' GOTI";1;"Indennita' di contingenza";"8271";"0";5129;0;1949;2871;162
"CAMPANIA";"BENEVENTO";"SANT'ANGELO A CUPOLO";1;"Indennita' di contingenza";"3073";"0";2216;0;1192;938;35
"CAMPANIA";"BENEVENTO";"SANT'ARCANGELO TRIMONTE";1;"Indennita' di contingenza";"756";"0";405;0;130;268;1
"CAMPANIA";"BENEVENTO";"SASSINORO";1;"Indennita' di contingenza";"846";"0";418;0;109;278;12
"CAMPANIA";"BENEVENTO";"SOLOPACA";1;"Indennita' di contingenza";"3746";"0";2459;0;1013;1355;49
"CAMPANIA";"BENEVENTO";"TELESE";1;"Indennita' di contingenza";"3524";"0";2458;0;890;1506;46
"CAMPANIA";"BENEVENTO";"TOCCO CAUDIO";1;"Indennita' di contingenza";"1275";"0";631;0;238;365;14
"CAMPANIA";"BENEVENTO";"TORRECUSO";1;"Indennita' di contingenza";"2696";"0";1675;0;584;1001;31
"CAMPANIA";"BENEVENTO";"VITULANO";1;"Indennita' di contingenza";"2244";"0";1633;0;686;898;21
"CAMPANIA";"CASERTA";"AILANO";1;"Indennita' di contingenza";"1407";"0";922;0;427;461;17
"CAMPANIA";"CASERTA";"ALIFE";1;"Indennita' di contingenza";"5443";"0";3392;0;1483;1662;127
"CAMPANIA";"CASERTA";"ALVIGNANO";1;"Indennita' di contingenza";"4291";"0";2189;0;759;1251;76
"CAMPANIA";"CASERTA";"ARIENZO";1;"Indennita' di contingenza";"3479";"0";1960;0;916;962;35
"CAMPANIA";"CASERTA";"AVERSA";1;"Indennita' di contingenza";"35377";"0";24433;0;12416;11144;301
"CAMPANIA";"CASERTA";"BAIA E LATINA";1;"Indennita' di contingenza";"2057";"0";964;0;326;570;33
"CAMPANIA";"CASERTA";"BELLONA";1;"Indennita' di contingenza";"3636";"0";2395;0;1104;1159;86
"CAMPANIA";"CASERTA";"CAIANELLO";1;"Indennita' di contingenza";"1286";"0";855;0;370;430;32
"CAMPANIA";"CASERTA";"CAIAZZO";1;"Indennita' di contingenza";"4654";"0";2752;0;1072;1488;85
"CAMPANIA";"CASERTA";"CALVI RISORTA";1;"Indennita' di contingenza";"4317";"0";3191;0;1585;1475;71
"CAMPANIA";"CASERTA";"CAMIGLIANO";1;"Indennita' di contingenza";"1380";"0";931;0;310;595;13
"CAMPANIA";"CASERTA";"CANCELLO ED ARNONE";1;"Indennita' di contingenza";"3363";"0";2151;0;1126;911;53
"CAMPANIA";"CASERTA";"CAPODRISE";1;"Indennita' di contingenza";"3918";"0";2808;0;1964;777;39
"CAMPANIA";"CASERTA";"CAPRIATI A VOLTURNO";1;"Indennita' di contingenza";"1565";"0";1043;0;412;563;36
"CAMPANIA";"CASERTA";"CAPUA";1;"Indennita' di contingenza";"13525";"0";9984;0;4964;4708;145
"CAMPANIA";"CASERTA";"CARINARO";1;"Indennita' di contingenza";"3253";"0";2268;0;1477;739;26
"CAMPANIA";"CASERTA";"CARINOLA";1;"Indennita' di contingenza";"6849";"0";5101;0;2014;2825;126
"CAMPANIA";"CASERTA";"CASAGIOVE";1;"Indennita' di contingenza";"10321";"0";7070;0;3481;3361;106
"CAMPANIA";"CASERTA";"CASAL DI PRINCIPE";1;"Indennita' di contingenza";"11805";"0";4578;0;3101;1386;14
"CAMPANIA";"CASERTA";"CASALUCE";1;"Indennita' di contingenza";"5019";"0";2827;0;1576;1189;29
"CAMPANIA";"CASERTA";"CASAPESENNA";1;"Indennita' di contingenza";"4116";"0";1982;0;1116;816;28
"CAMPANIA";"CASERTA";"CASAPULLA";1;"Indennita' di contingenza";"4313";"0";2997;0;1088;1791;78
"CAMPANIA";"CASERTA";"CASERTA";1;"Indennita' di contingenza";"50252";"0";35412;0;16553;17765;464
"CAMPANIA";"CASERTA";"CASTEL CAMPAGNANO";1;"Indennita' di contingenza";"1454";"0";1024;0;348;600;47
"CAMPANIA";"CASERTA";"CASTEL DI SASSO";1;"Indennita' di contingenza";"1036";"0";614;0;224;341;33
"CAMPANIA";"CASERTA";"CASTELLO DEL MATESE";1;"Indennita' di contingenza";"1157";"0";792;0;215;561;11
"CAMPANIA";"CASERTA";"CASTEL MORRONE";1;"Indennita' di contingenza";"2976";"0";2308;0;1177;935;129
"CAMPANIA";"CASERTA";"CASTEL VOLTURNO";1;"Indennita' di contingenza";"7924";"0";3455;0;1710;1653;32
"CAMPANIA";"CASERTA";"CELLOLE";1;"Indennita' di contingenza";"4695";"0";2918;0;1286;1512;65
"CAMPANIA";"CASERTA";"CERVINO";1;"Indennita' di contingenza";"3659";"0";2075;0;539;1431;59
"CAMPANIA";"CASERTA";"CESA";1;"Indennita' di contingenza";"3880";"0";2569;0;1810;649;40
"CAMPANIA";"CASERTA";"CIORLANO";1;"Indennita' di contingenza";"622";"0";430;0;180;201;33
"CAMPANIA";"CASERTA";"CONCA DELLA CAMPANIA";1;"Indennita' di contingenza";"1697";"0";1139;0;425;669;22
"CAMPANIA";"CASERTA";"CURTI";1;"Indennita' di contingenza";"4608";"0";3028;0;1442;1466;56
"CAMPANIA";"CASERTA";"DRAGONI";1;"Indennita' di contingenza";"2112";"0";1113;0;476;567;37
"CAMPANIA";"CASERTA";"FALCIANO DEL MASSICO";1;"Indennita' di contingenza";"2745";"0";1732;0;712;962;25
"CAMPANIA";"CASERTA";"FONTEGRECA";1;"Indennita' di contingenza";"782";"0";516;0;271;206;18
"CAMPANIA";"CASERTA";"FORMICOLA";1;"Indennita' di contingenza";"1701";"0";945;0;321;583;22
"CAMPANIA";"CASERTA";"FRANCOLISE";1;"Indennita' di contingenza";"3466";"0";2346;0;925;1276;79
"CAMPANIA";"CASERTA";"FRIGNANO";1;"Indennita' di contingenza";"5668";"0";2997;0;1772;1124;42
"CAMPANIA";"CASERTA";"GALLO";1;"Indennita' di contingenza";"1185";"0";530;0;167;348;7
"CAMPANIA";"CASERTA";"GALLUCCIO";1;"Indennita' di contingenza";"2431";"0";1571;0;733;751;41
"CAMPANIA";"CASERTA";"GIANO VETUSTO";1;"Indennita' di contingenza";"678";"0";495;0;186;277;25
"CAMPANIA";"CASERTA";"GIOIA SANNITICA";1;"Indennita' di contingenza";"3222";"0";1473;0;466;888;59
"CAMPANIA";"CASERTA";"GRAZZANISE";1;"Indennita' di contingenza";"4544";"0";2941;0;1479;1199;112
"CAMPANIA";"CASERTA";"GRICIGNANO DI AVERSA";1;"Indennita' di contingenza";"4246";"0";2974;0;1952;877;61
"CAMPANIA";"CASERTA";"LETINO";1;"Indennita' di contingenza";"794";"0";454;0;154;269;14
"CAMPANIA";"CASERTA";"LIBERI";1;"Indennita' di contingenza";"1308";"0";638;0;296;290;28
"CAMPANIA";"CASERTA";"LUSCIANO";1;"Indennita' di contingenza";"7147";"0";4884;0;2943;1768;76
"CAMPANIA";"CASERTA";"MACERATA CAMPANIA";1;"Indennita' di contingenza";"6151";"0";4345;0;2389;1753;105
"CAMPANIA";"CASERTA";"MADDALONI";1;"Indennita' di contingenza";"24289";"0";13943;0;7363;5987;284
"CAMPANIA";"CASERTA";"MARCIANISE";1;"Indennita' di contingenza";"22970";"0";15348;0;9181;5422;384
"CAMPANIA";"CASERTA";"MARZANO APPIO";1;"Indennita' di contingenza";"2572";"0";1680;0;674;924;47
"CAMPANIA";"CASERTA";"MIGNANO MONTE LUNGO";1;"Indennita' di contingenza";"2611";"0";1798;0;819;902;34
"CAMPANIA";"CASERTA";"MONDRAGONE";1;"Indennita' di contingenza";"16833";"0";7141;0;2818;3991;134
"CAMPANIA";"CASERTA";"ORTA DI ATELLA";1;"Indennita' di contingenza";"7032";"0";4883;0;2800;1914;80
"CAMPANIA";"CASERTA";"PARETE";1;"Indennita' di contingenza";"5626";"0";3412;0;2171;1194;9
"CAMPANIA";"CASERTA";"PASTORANO";1;"Indennita' di contingenza";"1937";"0";1413;0;736;605;50
"CAMPANIA";"CASERTA";"PIANA DI MONTE VERNA";1;"Indennita' di contingenza";"2189";"0";1625;0;705;786;79
"CAMPANIA";"CASERTA";"PIEDIMONTE MATESE";1;"Indennita' di contingenza";"8783";"0";5730;0;2601;2941;74
"CAMPANIA";"CASERTA";"PIETRAMELARA";1;"Indennita' di contingenza";"3500";"0";2375;0;859;1413;62
"CAMPANIA";"CASERTA";"PIETRAVAIRANO";1;"Indennita' di contingenza";"2497";"0";1710;0;789;770;89
"CAMPANIA";"CASERTA";"PIGNATARO MAGGIORE";1;"Indennita' di contingenza";"5161";"0";3631;0;1550;1913;97
"CAMPANIA";"CASERTA";"PONTELATONE";1;"Indennita' di contingenza";"1527";"0";691;0;276;381;16
"CAMPANIA";"CASERTA";"PORTICO DI CASERTA";1;"Indennita' di contingenza";"3507";"0";2433;0;1188;1159;46
"CAMPANIA";"CASERTA";"PRATA SANNITA";1;"Indennita' di contingenza";"1591";"0";966;0;386;477;61
"CAMPANIA";"CASERTA";"PRATELLA";1;"Indennita' di contingenza";"1416";"0";944;0;379;461;34
"CAMPANIA";"CASERTA";"PRESENZANO";1;"Indennita' di contingenza";"1436";"0";985;0;427;500;29
"CAMPANIA";"CASERTA";"RAVISCANINA";1;"Indennita' di contingenza";"1288";"0";784;0;390;356;20
"CAMPANIA";"CASERTA";"RECALE";1;"Indennita' di contingenza";"3967";"0";2842;0;1682;1052;58
"CAMPANIA";"CASERTA";"RIARDO";1;"Indennita' di contingenza";"1969";"0";1497;0;710;718;43
"CAMPANIA";"CASERTA";"ROCCA D'EVANDRO";1;"Indennita' di contingenza";"3136";"0";1998;0;1097;777;55
"CAMPANIA";"CASERTA";"ROCCAMONFINA";1;"Indennita' di contingenza";"3295";"0";2219;0;722;1346;88
"CAMPANIA";"CASERTA";"ROCCAROMANA";1;"Indennita' di contingenza";"955";"0";540;0;219;298;18
"CAMPANIA";"CASERTA";"ROCCHETTA E CROCE";1;"Indennita' di contingenza";"569";"0";362;0;142;199;13
"CAMPANIA";"CASERTA";"RUVIANO";1;"Indennita' di contingenza";"1923";"0";1171;0;479;627;35
"CAMPANIA";"CASERTA";"SAN CIPRIANO D'AVERSA";1;"Indennita' di contingenza";"8713";"0";4260;0;3071;1066;21
"CAMPANIA";"CASERTA";"SAN FELICE A CANCELLO";1;"Indennita' di contingenza";"11552";"0";6189;0;3291;2548;123
"CAMPANIA";"CASERTA";"SAN GREGORIO MATESE";1;"Indennita' di contingenza";"1025";"0";637;0;216;382;27
"CAMPANIA";"CASERTA";"SAN MARCELLINO";1;"Indennita' di contingenza";"6554";"0";3313;0;2041;1169;39
"CAMPANIA";"CASERTA";"SAN MARCO EVANGELISTA";1;"Indennita' di contingenza";"3061";"0";2299;0;1527;705;22
"CAMPANIA";"CASERTA";"SAN NICOLA LA STRADA";1;"Indennita' di contingenza";"10264";"0";7521;0;4262;3059;107
"CAMPANIA";"CASERTA";"SAN PIETRO INFINE";1;"Indennita' di contingenza";"893";"0";648;0;326;306;10
"CAMPANIA";"CASERTA";"SAN POTITO SANNITICO";1;"Indennita' di contingenza";"1350";"0";932;0;434;451;23
"CAMPANIA";"CASERTA";"SAN PRISCO";1;"Indennita' di contingenza";"5714";"0";3726;0;1657;1894;104
"CAMPANIA";"CASERTA";"SANTA MARIA A VICO";1;"Indennita' di contingenza";"8253";"0";5053;0;2252;2461;161
"CAMPANIA";"CASERTA";"SANTA MARIA CAPUA VETERE";1;"Indennita' di contingenza";"24227";"0";16963;0;7549;8799;338
"CAMPANIA";"CASERTA";"SANTA MARIA LA FOSSA";1;"Indennita' di contingenza";"1916";"0";1207;0;661;490;27
"CAMPANIA";"CASERTA";"SAN TAMMARO";1;"Indennita' di contingenza";"1835";"0";1384;0;629;671;37
"CAMPANIA";"CASERTA";"SANT'ANGELO D'ALIFE";1;"Indennita' di contingenza";"2217";"0";1301;0;625;579;47
"CAMPANIA";"CASERTA";"SANT'ARPINO";1;"Indennita' di contingenza";"6679";"0";4296;0;2714;1475;41
"CAMPANIA";"CASERTA";"SESSA AURUNCA";1;"Indennita' di contingenza";"18689";"0";12813;0;5923;6315;287
"CAMPANIA";"CASERTA";"SPARANISE";1;"Indennita' di contingenza";"5212";"0";4130;0;2124;1814;109
"CAMPANIA";"CASERTA";"SUCCIVO";1;"Indennita' di contingenza";"4046";"0";2798;0;1574;1137;46
"CAMPANIA";"CASERTA";"TEANO";1;"Indennita' di contingenza";"10824";"0";7228;0;3083;3587;252
"CAMPANIA";"CASERTA";"TEVEROLA";1;"Indennita' di contingenza";"5217";"0";3526;0;2215;1214;42
"CAMPANIA";"CASERTA";"TORA E PICCILLI";1;"Indennita' di contingenza";"1169";"0";834;0;476;313;21
"CAMPANIA";"CASERTA";"TRENTOLA DUCENTA";1;"Indennita' di contingenza";"7959";"0";4528;0;2761;1630;45
"CAMPANIA";"CASERTA";"VAIRANO PATENORA";1;"Indennita' di contingenza";"4622";"0";3494;0;1480;1879;73
"CAMPANIA";"CASERTA";"VALLE AGRICOLA";1;"Indennita' di contingenza";"1223";"0";735;0;439;282;7
"CAMPANIA";"CASERTA";"VALLE DI MADDALONI";1;"Indennita' di contingenza";"1712";"0";1145;0;413;663;29
"CAMPANIA";"CASERTA";"VILLA DI BRIANO";1;"Indennita' di contingenza";"3438";"0";1809;0;1171;575;40
"CAMPANIA";"CASERTA";"VILLA LITERNO";1;"Indennita' di contingenza";"6229";"0";2875;0;1952;836;10
"CAMPANIA";"CASERTA";"VITULAZIO";1;"Indennita' di contingenza";"3532";"0";2527;0;987;1445;57
"CAMPANIA";"NAPOLI";"ACERRA";1;"Indennita' di contingenza";"25430";"0";15664;0;10966;4180;166
"CAMPANIA";"NAPOLI";"AFRAGOLA";1;"Indennita' di contingenza";"38285";"0";18555;0;11428;6767;111
"CAMPANIA";"NAPOLI";"AGEROLA";1;"Indennita' di contingenza";"5404";"0";3371;0;861;2306;122
"CAMPANIA";"NAPOLI";"ANACAPRI";1;"Indennita' di contingenza";"3640";"0";2332;0;677;1581;26
"CAMPANIA";"NAPOLI";"ARZANO";1;"Indennita' di contingenza";"22584";"0";14105;0;8252;5529;88
"CAMPANIA";"NAPOLI";"BACOLI";1;"Indennita' di contingenza";"17272";"0";10739;0;6520;3991;102
"CAMPANIA";"NAPOLI";"BARANO D'ISCHIA";1;"Indennita' di contingenza";"5312";"0";2881;0;991;1817;29
"CAMPANIA";"NAPOLI";"BOSCOREALE";1;"Indennita' di contingenza";"16514";"0";11108;0;5477;5211;195
"CAMPANIA";"NAPOLI";"BOSCOTRECASE";1;"Indennita' di contingenza";"9409";"0";5872;0;2933;2824;47
"CAMPANIA";"NAPOLI";"BRUSCIANO";1;"Indennita' di contingenza";"7407";"0";4424;0;2676;1637;35
"CAMPANIA";"NAPOLI";"CAIVANO";1;"Indennita' di contingenza";"21542";"0";12449;0;8180;3943;126
"CAMPANIA";"NAPOLI";"CALVIZZANO";1;"Indennita' di contingenza";"4541";"0";3147;0;1736;1307;45
"CAMPANIA";"NAPOLI";"CAMPOSANO";1;"Indennita' di contingenza";"3790";"0";2174;0;1026;1093;26
"CAMPANIA";"NAPOLI";"CAPRI";1;"Indennita' di contingenza";"6137";"0";3730;0;1253;2395;32
"CAMPANIA";"NAPOLI";"CARBONARA DI NOLA";1;"Indennita' di contingenza";"1309";"0";895;0;363;486;23
"CAMPANIA";"NAPOLI";"CARDITO";1;"Indennita' di contingenza";"11363";"0";5824;0;3459;2258;27
"CAMPANIA";"NAPOLI";"CASALNUOVO DI NAPOLI";1;"Indennita' di contingenza";"15141";"0";9759;0;5655;3840;87
"CAMPANIA";"NAPOLI";"CASAMARCIANO";1;"Indennita' di contingenza";"2318";"0";1729;0;731;953;18
"CAMPANIA";"NAPOLI";"CASAMICCIOLA TERME";1;"Indennita' di contingenza";"4754";"0";2887;0;861;1953;37
"CAMPANIA";"NAPOLI";"CASANDRINO";1;"Indennita' di contingenza";"6123";"0";3468;0;1986;1418;22
"CAMPANIA";"NAPOLI";"CASAVATORE";1;"Indennita' di contingenza";"12281";"0";7102;0;3805;3148;44
"CAMPANIA";"NAPOLI";"CASOLA DI NAPOLI";1;"Indennita' di contingenza";"2280";"0";1736;0;883;742;65
"CAMPANIA";"NAPOLI";"CASORIA";1;"Indennita' di contingenza";"45451";"0";28210;0;17393;10162;193
"CAMPANIA";"NAPOLI";"CASTELLAMMARE DI STABIA";1;"Indennita' di contingenza";"51570";"0";37704;0;22783;13923;282
"CAMPANIA";"NAPOLI";"CASTELLO DI CISTERNA";1;"Indennita' di contingenza";"2946";"0";1944;0;1187;690;24
"CAMPANIA";"NAPOLI";"CERCOLA";1;"Indennita' di contingenza";"12556";"0";9195;0;5941;3004;87
"CAMPANIA";"NAPOLI";"CICCIANO";1;"Indennita' di contingenza";"8797";"0";5033;0;2238;2607;102
"CAMPANIA";"NAPOLI";"CIMITILE";1;"Indennita' di contingenza";"5042";"0";3022;0;1594;1334;59
"CAMPANIA";"NAPOLI";"COMIZIANO";1;"Indennita' di contingenza";"1460";"0";1060;0;540;490;23
"CAMPANIA";"NAPOLI";"CRISPANO";1;"Indennita' di contingenza";"4555";"0";2581;0;1633;877;49
"CAMPANIA";"NAPOLI";"ERCOLANO";1;"Indennita' di contingenza";"40830";"0";25882;0;16744;8509;165
"CAMPANIA";"NAPOLI";"FORIO";1;"Indennita' di contingenza";"7733";"0";4831;0;1534;3138;72
"CAMPANIA";"NAPOLI";"FRATTAMAGGIORE";1;"Indennita' di contingenza";"25563";"0";15418;0;7646;7394;159
"CAMPANIA";"NAPOLI";"FRATTAMINORE";1;"Indennita' di contingenza";"8460";"0";5244;0;3115;1968;67
"CAMPANIA";"NAPOLI";"GIUGLIANO IN CAMPANIA";1;"Indennita' di contingenza";"31306";"0";18197;0;10764;6884;123
"CAMPANIA";"NAPOLI";"GRAGNANO";1;"Indennita' di contingenza";"18456";"0";13140;0;7134;5502;237
"CAMPANIA";"NAPOLI";"GRUMO NEVANO";1;"Indennita' di contingenza";"12628";"0";7349;0;3779;3390;68
"CAMPANIA";"NAPOLI";"ISCHIA";1;"Indennita' di contingenza";"12735";"0";7984;0;1989;5849;63
"CAMPANIA";"NAPOLI";"LACCO AMENO";1;"Indennita' di contingenza";"2744";"0";1683;0;522;1122;18
"CAMPANIA";"NAPOLI";"LETTERE";1;"Indennita' di contingenza";"3144";"0";2252;0;901;1221;64
"CAMPANIA";"NAPOLI";"LIVERI";1;"Indennita' di contingenza";"1392";"0";1006;0;404;569;19
"CAMPANIA";"NAPOLI";"MARANO DI NAPOLI";1;"Indennita' di contingenza";"27799";"0";17239;0;10463;6424;111
"CAMPANIA";"NAPOLI";"MARIGLIANELLA";1;"Indennita' di contingenza";"3310";"0";2057;0;1076;919;28
"CAMPANIA";"NAPOLI";"MARIGLIANO";1;"Indennita' di contingenza";"19006";"0";12138;0;6057;5641;193
"CAMPANIA";"NAPOLI";"MASSA LUBRENSE";1;"Indennita' di contingenza";"8078";"0";5064;0;1335;3469;146
"CAMPANIA";"NAPOLI";"MELITO DI NAPOLI";1;"Indennita' di contingenza";"9214";"0";5333;0;3105;2099;43
"CAMPANIA";"NAPOLI";"META";1;"Indennita' di contingenza";"5585";"0";3681;0;1136;2443;44
"CAMPANIA";"NAPOLI";"MONTE DI PROCIDA";1;"Indennita' di contingenza";"9390";"0";4672;0;1776;2749;85
"CAMPANIA";"NAPOLI";"MUGNANO DI NAPOLI";1;"Indennita' di contingenza";"14226";"0";8785;0;5083;3505;58
"CAMPANIA";"NAPOLI";"NAPOLI";1;"Indennita' di contingenza";"884790";"0";549090;0;299698;235906;3154
"CAMPANIA";"NAPOLI";"NOLA";1;"Indennita' di contingenza";"22120";"0";13678;0;6587;6608;218
"CAMPANIA";"NAPOLI";"OTTAVIANO";1;"Indennita' di contingenza";"14171";"0";9451;0;4784;4301;146
"CAMPANIA";"NAPOLI";"PALMA CAMPANIA";1;"Indennita' di contingenza";"9936";"0";6207;0;3004;2926;137
"CAMPANIA";"NAPOLI";"PIANO DI SORRENTO";1;"Indennita' di contingenza";"8572";"0";5875;0;1651;4045;80
"CAMPANIA";"NAPOLI";"PIMONTE";1;"Indennita' di contingenza";"3253";"0";2342;0;1121;1066;83
"CAMPANIA";"NAPOLI";"POGGIOMARINO";1;"Indennita' di contingenza";"10796";"0";6777;0;3405;3134;99
"CAMPANIA";"NAPOLI";"POLLENA TROCCHIA";1;"Indennita' di contingenza";"6165";"0";4560;0;2621;1816;45
"CAMPANIA";"NAPOLI";"POMIGLIANO D'ARCO";1;"Indennita' di contingenza";"27046";"0";19309;0;11714;7235;238
"CAMPANIA";"NAPOLI";"POMPEI";1;"Indennita' di contingenza";"17326";"0";12149;0;5236;6513;171
"CAMPANIA";"NAPOLI";"PORTICI";1;"Indennita' di contingenza";"56045";"0";39040;0;22246;16082;177
"CAMPANIA";"NAPOLI";"POZZUOLI";1;"Indennita' di contingenza";"49209";"0";30466;0;19840;9880;186
"CAMPANIA";"NAPOLI";"PROCIDA";1;"Indennita' di contingenza";"7674";"0";4936;0;1157;3628;45
"CAMPANIA";"NAPOLI";"QUALIANO";1;"Indennita' di contingenza";"9866";"0";5838;0;2613;2949;102
"CAMPANIA";"NAPOLI";"QUARTO";1;"Indennita' di contingenza";"12995";"0";7370;0;4472;2713;77
"CAMPANIA";"NAPOLI";"ROCCARAINOLA";1;"Indennita' di contingenza";"4859";"0";3354;0;1614;1602;74
"CAMPANIA";"NAPOLI";"SAN GENNARO VESUVIANO";1;"Indennita' di contingenza";"5243";"0";3604;0;1804;1642;78
"CAMPANIA";"NAPOLI";"SAN GIORGIO A CREMANO";1;"Indennita' di contingenza";"41284";"0";28725;0;16051;12147;177
"CAMPANIA";"NAPOLI";"SAN GIUSEPPE VESUVIANO";1;"Indennita' di contingenza";"17589";"0";11421;0;4417;6273;313
"CAMPANIA";"NAPOLI";"SAN PAOLO BEL SITO";1;"Indennita' di contingenza";"2245";"0";1448;0;647;757;18
"CAMPANIA";"NAPOLI";"SAN SEBASTIANO AL VESUVIO";1;"Indennita' di contingenza";"6053";"0";4461;0;2102;2267;39
"CAMPANIA";"NAPOLI";"SANT'AGNELLO";1;"Indennita' di contingenza";"6013";"0";4161;0;1102;2908;80
"CAMPANIA";"NAPOLI";"SANTA MARIA LA CARITA'";1;"Indennita' di contingenza";"5736";"0";4032;0;1745;1990;146
"CAMPANIA";"NAPOLI";"SANT'ANASTASIA";1;"Indennita' di contingenza";"15834";"0";10138;0;5663;4220;104
"CAMPANIA";"NAPOLI";"SANT'ANTIMO";1;"Indennita' di contingenza";"17829";"0";10605;0;5975;4347;108
"CAMPANIA";"NAPOLI";"SANT'ANTONIO ABATE";1;"Indennita' di contingenza";"10216";"0";7750;0;2669;4536;226
"CAMPANIA";"NAPOLI";"SAN VITALIANO";1;"Indennita' di contingenza";"2482";"0";1934;0;971;895;30
"CAMPANIA";"NAPOLI";"SAVIANO";1;"Indennita' di contingenza";"8926";"0";5607;0;2832;2485;165
"CAMPANIA";"NAPOLI";"SCISCIANO";1;"Indennita' di contingenza";"3035";"0";2226;0;1120;1028;39
"CAMPANIA";"NAPOLI";"SERRARA FONTANA";1;"Indennita' di contingenza";"2057";"0";1179;0;244;907;12
"CAMPANIA";"NAPOLI";"SOMMA VESUVIANA";1;"Indennita' di contingenza";"17193";"0";11626;0;6744;4472;172
"CAMPANIA";"NAPOLI";"SORRENTO";1;"Indennita' di contingenza";"13656";"0";8485;0;2401;5808;116
"CAMPANIA";"NAPOLI";"STRIANO";1;"Indennita' di contingenza";"4264";"0";2253;0;1161;997;46
"CAMPANIA";"NAPOLI";"TERZIGNO";1;"Indennita' di contingenza";"8312";"0";5289;0;2432;2611;112
"CAMPANIA";"NAPOLI";"TORRE ANNUNZIATA";1;"Indennita' di contingenza";"40696";"0";27145;0;16573;10016;196
"CAMPANIA";"NAPOLI";"TORRE DEL GRECO";1;"Indennita' di contingenza";"71986";"0";38700;0;19127;18700;291
"CAMPANIA";"NAPOLI";"TRECASE";1;"Indennita' di contingenza";"6558";"0";4666;0;2643;1932;34
"CAMPANIA";"NAPOLI";"TUFINO";1;"Indennita' di contingenza";"2200";"0";1302;0;629;645;17
"CAMPANIA";"NAPOLI";"VICO EQUENSE";1;"Indennita' di contingenza";"13111";"0";10045;0;4023;5586;162
"CAMPANIA";"NAPOLI";"VILLARICCA";1;"Indennita' di contingenza";"10714";"0";5301;0;2650;2486;44
"CAMPANIA";"NAPOLI";"VISCIANO";1;"Indennita' di contingenza";"3091";"0";1620;0;582;974;32
"CAMPANIA";"NAPOLI";"VOLLA";1;"Indennita' di contingenza";"8382";"0";5282;0;3159;1974;50
"CAMPANIA";"SALERNO";"ACERNO";1;"Indennita' di contingenza";"2379";"0";1757;0;507;1165;47
"CAMPANIA";"SALERNO";"AGROPOLI";1;"Indennita' di contingenza";"11158";"0";7657;0;3130;4192;122
"CAMPANIA";"SALERNO";"ALBANELLA";1;"Indennita' di contingenza";"4601";"0";3039;0;1118;1776;58
"CAMPANIA";"SALERNO";"ALFANO";1;"Indennita' di contingenza";"1036";"0";585;0;169;373;20
"CAMPANIA";"SALERNO";"ALTAVILLA SILENTINA";1;"Indennita' di contingenza";"5198";"0";3607;0;1610;1796;65
"CAMPANIA";"SALERNO";"AMALFI";1;"Indennita' di contingenza";"4590";"0";3253;0;1065;2061;61
"CAMPANIA";"SALERNO";"ANGRI";1;"Indennita' di contingenza";"19708";"0";15102;0;7016;7514;278
"CAMPANIA";"SALERNO";"AQUARA";1;"Indennita' di contingenza";"1752";"0";1229;0;378;776;34
"CAMPANIA";"SALERNO";"ASCEA";1;"Indennita' di contingenza";"3958";"0";2680;0;850;1701;70
"CAMPANIA";"SALERNO";"ATENA LUCANA";1;"Indennita' di contingenza";"1953";"0";1120;0;307;752;24
"CAMPANIA";"SALERNO";"ATRANI";1;"Indennita' di contingenza";"872";"0";630;0;163;440;10
"CAMPANIA";"SALERNO";"AULETTA";1;"Indennita' di contingenza";"2176";"0";1531;0;362;1105;48
"CAMPANIA";"SALERNO";"BARONISSI";1;"Indennita' di contingenza";"7708";"0";6427;0;3113;3084;103
"CAMPANIA";"SALERNO";"BATTIPAGLIA";1;"Indennita' di contingenza";"31767";"0";22576;0;10831;10951;330
"CAMPANIA";"SALERNO";"BELLOSGUARDO";1;"Indennita' di contingenza";"1346";"0";843;0;314;501;16
"CAMPANIA";"SALERNO";"BRACIGLIANO";1;"Indennita' di contingenza";"3340";"0";2285;0;884;1288;65
"CAMPANIA";"SALERNO";"BUCCINO";1;"Indennita' di contingenza";"4509";"0";3107;0;1324;1589;99
"CAMPANIA";"SALERNO";"BUONABITACOLO";1;"Indennita' di contingenza";"1906";"0";1304;0;395;871;16
"CAMPANIA";"SALERNO";"CAGGIANO";1;"Indennita' di contingenza";"2531";"0";1630;0;376;1150;69
"CAMPANIA";"SALERNO";"CALVANICO";1;"Indennita' di contingenza";"944";"0";737;0;273;433;14
"CAMPANIA";"SALERNO";"CAMEROTA";1;"Indennita' di contingenza";"5704";"0";3222;0;955;2099;71
"CAMPANIA";"SALERNO";"CAMPAGNA";1;"Indennita' di contingenza";"9385";"0";6583;0;3210;3019;136
"CAMPANIA";"SALERNO";"CAMPORA";1;"Indennita' di contingenza";"720";"0";465;0;103;332;17
"CAMPANIA";"SALERNO";"CANNALONGA";1;"Indennita' di contingenza";"1064";"0";665;0;154;492;12
"CAMPANIA";"SALERNO";"CAPACCIO";1;"Indennita' di contingenza";"11915";"0";7850;0;2843;4624;191
"CAMPANIA";"SALERNO";"CASALBUONO";1;"Indennita' di contingenza";"1390";"0";772;0;209;528;23
"CAMPANIA";"SALERNO";"CASALETTO SPARTANO";1;"Indennita' di contingenza";"1504";"0";797;0;287;401;57
"CAMPANIA";"SALERNO";"CASAL VELINO";1;"Indennita' di contingenza";"3448";"0";2531;0;787;1615;52
"CAMPANIA";"SALERNO";"CASELLE IN PITTARI";1;"Indennita' di contingenza";"1665";"0";1160;0;162;932;40
"CAMPANIA";"SALERNO";"CASTELCIVITA";1;"Indennita' di contingenza";"2096";"0";1508;0;515;852;55
"CAMPANIA";"SALERNO";"CASTELLABATE";1;"Indennita' di contingenza";"6046";"0";3537;0;1071;2236;78
"CAMPANIA";"SALERNO";"CASTELNUOVO CILENTO";1;"Indennita' di contingenza";"1476";"0";1028;0;366;590;27
"CAMPANIA";"SALERNO";"CASTELNUOVO DI CONZA";1;"Indennita' di contingenza";"990";"0";351;0;148;192;8
"CAMPANIA";"SALERNO";"CASTEL SAN GIORGIO";1;"Indennita' di contingenza";"8016";"0";6237;0;2850;3151;110
"CAMPANIA";"SALERNO";"CASTEL SAN LORENZO";1;"Indennita' di contingenza";"2862";"0";1656;0;383;1196;33
"CAMPANIA";"SALERNO";"CASTIGLIONE DEL GENOVESI";1;"Indennita' di contingenza";"849";"0";682;0;182;490;6
"CAMPANIA";"SALERNO";"CAVA DE' TIRRENI";1;"Indennita' di contingenza";"38823";"0";30353;0;14086;15130;457
"CAMPANIA";"SALERNO";"CELLE DI BULGHERIA";1;"Indennita' di contingenza";"1694";"0";1129;0;515;572;24
"CAMPANIA";"SALERNO";"CENTOLA";1;"Indennita' di contingenza";"4038";"0";2444;0;852;1475;41
"CAMPANIA";"SALERNO";"CERASO";1;"Indennita' di contingenza";"2263";"0";1597;0;499;998;56
"CAMPANIA";"SALERNO";"CETARA";1;"Indennita' di contingenza";"1890";"0";1158;0;438;671;16
"CAMPANIA";"SALERNO";"CICERALE";1;"Indennita' di contingenza";"1318";"0";891;0;320;515;31
"CAMPANIA";"SALERNO";"COLLIANO";1;"Indennita' di contingenza";"3360";"0";1920;0;705;1116;38
"CAMPANIA";"SALERNO";"CONCA DEI MARINI";1;"Indennita' di contingenza";"533";"0";378;0;134;232;7
"CAMPANIA";"SALERNO";"CONTRONE";1;"Indennita' di contingenza";"896";"0";581;0;221;308;36
"CAMPANIA";"SALERNO";"CONTURSI TERME";1;"Indennita' di contingenza";"2434";"0";1713;0;667;994;19
"CAMPANIA";"SALERNO";"CORBARA";1;"Indennita' di contingenza";"1705";"0";1217;0;435;702;44
"CAMPANIA";"SALERNO";"CORLETO MONFORTE";1;"Indennita' di contingenza";"898";"0";543;0;207;292;27
"CAMPANIA";"SALERNO";"CUCCARO VETERE";1;"Indennita' di contingenza";"551";"0";346;0;99;231;5
"CAMPANIA";"SALERNO";"EBOLI";1;"Indennita' di contingenza";"22453";"0";17086;0;8878;7649;244
"CAMPANIA";"SALERNO";"FELITTO";1;"Indennita' di contingenza";"1496";"0";914;0;324;528;37
"CAMPANIA";"SALERNO";"FISCIANO";1;"Indennita' di contingenza";"7380";"0";6269;0;3193;2790;148
"CAMPANIA";"SALERNO";"FURORE";1;"Indennita' di contingenza";"509";"0";307;0;79;217;5
"CAMPANIA";"SALERNO";"FUTANI";1;"Indennita' di contingenza";"1328";"0";605;0;205;365;15
"CAMPANIA";"SALERNO";"GIFFONI SEI CASALI";1;"Indennita' di contingenza";"2762";"0";2369;0;715;1458;105
"CAMPANIA";"SALERNO";"GIFFONI VALLE PIANA";1;"Indennita' di contingenza";"7119";"0";5534;0;2715;2498;140
"CAMPANIA";"SALERNO";"GIOI";1;"Indennita' di contingenza";"1674";"0";1000;0;312;648;25
"CAMPANIA";"SALERNO";"GIUNGANO";1;"Indennita' di contingenza";"912";"0";626;0;203;388;19
"CAMPANIA";"SALERNO";"ISPANI";1;"Indennita' di contingenza";"835";"0";541;0;169;337;16
"CAMPANIA";"SALERNO";"LAUREANA CILENTO";1;"Indennita' di contingenza";"946";"0";582;0;155;400;10
"CAMPANIA";"SALERNO";"LAURINO";1;"Indennita' di contingenza";"1977";"0";1187;0;358;754;38
"CAMPANIA";"SALERNO";"LAURITO";1;"Indennita' di contingenza";"927";"0";604;0;195;365;22
"CAMPANIA";"SALERNO";"LAVIANO";1;"Indennita' di contingenza";"1605";"0";809;0;298;467;22
"CAMPANIA";"SALERNO";"LUSTRA";1;"Indennita' di contingenza";"1036";"0";745;0;281;404;28
"CAMPANIA";"SALERNO";"MAGLIANO VETERE";1;"Indennita' di contingenza";"1022";"0";729;0;257;425;24
"CAMPANIA";"SALERNO";"MAIORI";1;"Indennita' di contingenza";"4540";"0";3385;0;1376;1841;79
"CAMPANIA";"SALERNO";"MERCATO SAN SEVERINO";1;"Indennita' di contingenza";"13676";"0";10532;0;4552;5501;220
"CAMPANIA";"SALERNO";"MINORI";1;"Indennita' di contingenza";"2630";"0";1845;0;748;1037;36
"CAMPANIA";"SALERNO";"MOIO DELLA CIVITELLA";1;"Indennita' di contingenza";"1846";"0";1185;0;395;747;23
"CAMPANIA";"SALERNO";"MONTANO ANTILIA";1;"Indennita' di contingenza";"2150";"0";1301;0;400;802;49
"CAMPANIA";"SALERNO";"MONTECORICE";1;"Indennita' di contingenza";"1844";"0";1335;0;356;899;34
"CAMPANIA";"SALERNO";"MONTECORVINO PUGLIANO";1;"Indennita' di contingenza";"2719";"0";1897;0;793;977;57
"CAMPANIA";"SALERNO";"MONTECORVINO ROVELLA";1;"Indennita' di contingenza";"14619";"0";10596;0;4482;5682;200
"CAMPANIA";"SALERNO";"MONTEFORTE CILENTO";1;"Indennita' di contingenza";"625";"0";258;0;83;152;11
"CAMPANIA";"SALERNO";"MONTE SAN GIACOMO";1;"Indennita' di contingenza";"1860";"0";892;0;165;700;16
"CAMPANIA";"SALERNO";"MONTESANO SULLA MARCELLANA";1;"Indennita' di contingenza";"5875";"0";3154;0;865;1896;225
"CAMPANIA";"SALERNO";"MORIGERATI";1;"Indennita' di contingenza";"690";"0";463;0;121;318;8
"CAMPANIA";"SALERNO";"NOCERA INFERIORE";1;"Indennita' di contingenza";"35355";"0";26201;0;12406;12917;341
"CAMPANIA";"SALERNO";"NOCERA SUPERIORE";1;"Indennita' di contingenza";"13868";"0";10616;0;5020;5112;189
"CAMPANIA";"SALERNO";"NOVI VELIA";1;"Indennita' di contingenza";"1420";"0";967;0;271;605;52
"CAMPANIA";"SALERNO";"OGLIASTRO CILENTO";1;"Indennita' di contingenza";"1813";"0";1230;0;535;638;35
"CAMPANIA";"SALERNO";"OLEVANO SUL TUSCIANO";1;"Indennita' di contingenza";"4276";"0";2893;0;1157;1542;86
"CAMPANIA";"SALERNO";"OLIVETO CITRA";1;"Indennita' di contingenza";"2965";"0";2237;0;1005;1111;70
"CAMPANIA";"SALERNO";"OMIGNANO";1;"Indennita' di contingenza";"1115";"0";878;0;327;474;3
"CAMPANIA";"SALERNO";"ORRIA";1;"Indennita' di contingenza";"1373";"0";754;0;265;432;22
"CAMPANIA";"SALERNO";"OTTATI";1;"Indennita' di contingenza";"983";"0";560;0;252;273;18
"CAMPANIA";"SALERNO";"PADULA";1;"Indennita' di contingenza";"4918";"0";2726;0;598;1962;77
"CAMPANIA";"SALERNO";"PAGANI";1;"Indennita' di contingenza";"23268";"0";15464;0;6737;8159;237
"CAMPANIA";"SALERNO";"PALOMONTE";1;"Indennita' di contingenza";"3009";"0";1971;0;527;1309;52
"CAMPANIA";"SALERNO";"PELLEZZANO";1;"Indennita' di contingenza";"5172";"0";4316;0;2294;1910;51
"CAMPANIA";"SALERNO";"PERDIFUMO";1;"Indennita' di contingenza";"1513";"0";1025;0;304;658;24
"CAMPANIA";"SALERNO";"PERITO";1;"Indennita' di contingenza";"1164";"0";676;0;209;401;28
"CAMPANIA";"SALERNO";"PERTOSA";1;"Indennita' di contingenza";"724";"0";468;0;185;269;7
"CAMPANIA";"SALERNO";"PETINA";1;"Indennita' di contingenza";"1120";"0";712;0;277;382;31
"CAMPANIA";"SALERNO";"PIAGGINE";1;"Indennita' di contingenza";"2156";"0";1195;0;357;787;31
"CAMPANIA";"SALERNO";"PISCIOTTA";1;"Indennita' di contingenza";"2747";"0";1875;0;724;1030;50
"CAMPANIA";"SALERNO";"POLLA";1;"Indennita' di contingenza";"4421";"0";2721;0;765;1873;44
"CAMPANIA";"SALERNO";"POLLICA";1;"Indennita' di contingenza";"2266";"0";1557;0;510;938;41
"CAMPANIA";"SALERNO";"PONTECAGNANO FAIANO";1;"Indennita' di contingenza";"14902";"0";11271;0;5415;5499;111
"CAMPANIA";"SALERNO";"POSITANO";1;"Indennita' di contingenza";"2721";"0";1913;0;382;1451;38
"CAMPANIA";"SALERNO";"POSTIGLIONE";1;"Indennita' di contingenza";"2075";"0";1468;0;571;836;30
"CAMPANIA";"SALERNO";"PRAIANO";1;"Indennita' di contingenza";"1425";"0";1022;0;288;699;24
"CAMPANIA";"SALERNO";"PRIGNANO CILENTO";1;"Indennita' di contingenza";"797";"0";484;0;197;252;20
"CAMPANIA";"SALERNO";"RAVELLO";1;"Indennita' di contingenza";"1884";"0";1205;0;511;652;18
"CAMPANIA";"SALERNO";"RICIGLIANO";1;"Indennita' di contingenza";"1087";"0";641;0;132;476;4
"CAMPANIA";"SALERNO";"ROCCADASPIDE";1;"Indennita' di contingenza";"6120";"0";3679;0;1268;2179;93
"CAMPANIA";"SALERNO";"ROCCAGLORIOSA";1;"Indennita' di contingenza";"1683";"0";1025;0;409;539;35
"CAMPANIA";"SALERNO";"ROCCAPIEMONTE";1;"Indennita' di contingenza";"5684";"0";4447;0;2180;2110;78
"CAMPANIA";"SALERNO";"ROFRANO";1;"Indennita' di contingenza";"2199";"0";953;0;359;546;15
"CAMPANIA";"SALERNO";"ROMAGNANO AL MONTE";1;"Indennita' di contingenza";"385";"0";291;0;104;152;17
"CAMPANIA";"SALERNO";"ROSCIGNO";1;"Indennita' di contingenza";"1151";"0";641;0;202;426;4
"CAMPANIA";"SALERNO";"RUTINO";1;"Indennita' di contingenza";"855";"0";615;0;280;275;34
"CAMPANIA";"SALERNO";"SACCO";1;"Indennita' di contingenza";"1216";"0";579;0;239;319;6
"CAMPANIA";"SALERNO";"SALA CONSILINA";1;"Indennita' di contingenza";"9793";"0";6015;0;2000;3744;115
"CAMPANIA";"SALERNO";"SALENTO";1;"Indennita' di contingenza";"1765";"0";1215;0;510;661;25
"CAMPANIA";"SALERNO";"SALERNO";1;"Indennita' di contingenza";"122420";"0";93401;0;40527;50429;838
"CAMPANIA";"SALERNO";"SALVITELLE";1;"Indennita' di contingenza";"821";"0";565;0;219;304;19
"CAMPANIA";"SALERNO";"SAN CIPRIANO PICENTINO";1;"Indennita' di contingenza";"3233";"0";2688;0;1191;1392;56
"CAMPANIA";"SALERNO";"SAN GIOVANNI A PIRO";1;"Indennita' di contingenza";"2963";"0";1961;0;435;1382;55
"CAMPANIA";"SALERNO";"SAN GREGORIO MAGNO";1;"Indennita' di contingenza";"3927";"0";1989;0;718;1178;35
"CAMPANIA";"SALERNO";"SAN MANGO PIEMONTE";1;"Indennita' di contingenza";"995";"0";826;0;350;438;24
"CAMPANIA";"SALERNO";"SAN MARZANO SUL SARNO";1;"Indennita' di contingenza";"6282";"0";3955;0;1747;2025;82
"CAMPANIA";"SALERNO";"SAN MAURO CILENTO";1;"Indennita' di contingenza";"886";"0";662;0;207;428;12
"CAMPANIA";"SALERNO";"SAN MAURO LA BRUCA";1;"Indennita' di contingenza";"793";"0";520;0;101;368;23
"CAMPANIA";"SALERNO";"SAN PIETRO AL TANAGRO";1;"Indennita' di contingenza";"1328";"0";836;0;180;634;16
"CAMPANIA";"SALERNO";"SAN RUFO";1;"Indennita' di contingenza";"1674";"0";812;0;187;585;21
"CAMPANIA";"SALERNO";"SANTA MARINA";1;"Indennita' di contingenza";"2297";"0";1457;0;456;917;31
"CAMPANIA";"SALERNO";"SANT'ANGELO A FASANELLA";1;"Indennita' di contingenza";"1117";"0";724;0;385;311;15
"CAMPANIA";"SALERNO";"SANT'ARSENIO";1;"Indennita' di contingenza";"2609";"0";1617;0;407;1150;32
"CAMPANIA";"SALERNO";"SANT'EGIDIO DEL MONTE ALBINO";1;"Indennita' di contingenza";"5514";"0";3762;0;1523;2065;91
"CAMPANIA";"SALERNO";"SANTOMENNA";1;"Indennita' di contingenza";"952";"0";375;0;63;279;18
"CAMPANIA";"SALERNO";"SAN VALENTINO TORIO";1;"Indennita' di contingenza";"5420";"0";3871;0;1544;2112;95
"CAMPANIA";"SALERNO";"SANZA";1;"Indennita' di contingenza";"2396";"0";1489;0;533;898;29
"CAMPANIA";"SALERNO";"SAPRI";1;"Indennita' di contingenza";"5414";"0";3712;0;1471;2097;65
"CAMPANIA";"SALERNO";"SARNO";1;"Indennita' di contingenza";"21077";"0";14729;0;6862;7076;339
"CAMPANIA";"SALERNO";"SASSANO";1;"Indennita' di contingenza";"5044";"0";1867;0;384;1403;40
"CAMPANIA";"SALERNO";"SCAFATI";1;"Indennita' di contingenza";"24274";"0";17274;0;9253;7528;214
"CAMPANIA";"SALERNO";"SCALA";1;"Indennita' di contingenza";"1092";"0";720;0;186;468;35
"CAMPANIA";"SALERNO";"SERRAMEZZANA";1;"Indennita' di contingenza";"351";"0";273;0;118;136;11
"CAMPANIA";"SALERNO";"SERRE";1;"Indennita' di contingenza";"2861";"0";2181;0;1101;1017;20
"CAMPANIA";"SALERNO";"SESSA CILENTO";1;"Indennita' di contingenza";"1466";"0";1082;0;346;646;46
"CAMPANIA";"SALERNO";"SIANO";1;"Indennita' di contingenza";"5699";"0";4607;0;2537;1899;72
"CAMPANIA";"SALERNO";"SICIGNANO DEGLI ALBURNI";1;"Indennita' di contingenza";"3278";"0";2199;0;953;1082;68
"CAMPANIA";"SALERNO";"STELLA CILENTO";1;"Indennita' di contingenza";"830";"0";632;0;310;291;22
"CAMPANIA";"SALERNO";"STIO";1;"Indennita' di contingenza";"1103";"0";626;0;177;389;35
"CAMPANIA";"SALERNO";"TEGGIANO";1;"Indennita' di contingenza";"7701";"0";3336;0;793;2440;33
"CAMPANIA";"SALERNO";"TORCHIARA";1;"Indennita' di contingenza";"1017";"0";708;0;307;359;42
"CAMPANIA";"SALERNO";"TORRACA";1;"Indennita' di contingenza";"856";"0";599;0;198;332;40
"CAMPANIA";"SALERNO";"TORRE ORSAIA";1;"Indennita' di contingenza";"2082";"0";1416;0;542;787;55
"CAMPANIA";"SALERNO";"TORTORELLA";1;"Indennita' di contingenza";"643";"0";416;0;62;297;40
"CAMPANIA";"SALERNO";"TRAMONTI";1;"Indennita' di contingenza";"3141";"0";2155;0;706;1277;84
"CAMPANIA";"SALERNO";"TRENTINARA";1;"Indennita' di contingenza";"1367";"0";925;0;391;488;21
"CAMPANIA";"SALERNO";"VALLE DELL'ANGELO";1;"Indennita' di contingenza";"521";"0";338;0;99;228;6
"CAMPANIA";"SALERNO";"VALLO DELLA LUCANIA";1;"Indennita' di contingenza";"5051";"0";4575;0;1586;2769;80
"CAMPANIA";"SALERNO";"VALVA";1;"Indennita' di contingenza";"1553";"0";971;0;431;499;15
"CAMPANIA";"SALERNO";"VIBONATI";1;"Indennita' di contingenza";"2390";"0";1483;0;483;918;45
"CAMPANIA";"SALERNO";"VIETRI SUL MARE";1;"Indennita' di contingenza";"7165";"0";5568;0;2991;2426;62
"PUGLIA";"BARI";"ACQUAVIVA DELLE FONTI";1;"Indennita' di contingenza";"14327";"0";11389;0;5030;6054;130
"PUGLIA";"BARI";"ADELFIA";1;"Indennita' di contingenza";"9646";"0";6097;0;3054;2856;68
"PUGLIA";"BARI";"ALBEROBELLO";1;"Indennita' di contingenza";"7907";"0";6110;0;2089;3728;115
"PUGLIA";"BARI";"ALTAMURA";1;"Indennita' di contingenza";"36628";"0";28486;0;14640;12942;277
"PUGLIA";"BARI";"ANDRIA";1;"Indennita' di contingenza";"59820";"0";43830;0;22679;19699;577
"PUGLIA";"BARI";"BARI";1;"Indennita' di contingenza";"272512";"0";198559;0;87199;105956;1753
"PUGLIA";"BARI";"BARLETTA";1;"Indennita' di contingenza";"58636";"0";39898;0;19423;19407;462
"PUGLIA";"BARI";"BINETTO";1;"Indennita' di contingenza";"926";"0";739;0;319;396;11
"PUGLIA";"BARI";"BISCEGLIE";1;"Indennita' di contingenza";"35038";"0";21120;0;10042;10228;265
"PUGLIA";"BARI";"BITETTO";1;"Indennita' di contingenza";"6348";"0";4500;0;2061;2285;45
"PUGLIA";"BARI";"BITONTO";1;"Indennita' di contingenza";"34442";"0";26038;0;13402;11915;192
"PUGLIA";"BARI";"BITRITTO";1;"Indennita' di contingenza";"5661";"0";3125;0;1269;1774;36
"PUGLIA";"BARI";"CANOSA DI PUGLIA";1;"Indennita' di contingenza";"22295";"0";13562;0;6464;6478;169
"PUGLIA";"BARI";"CAPURSO";1;"Indennita' di contingenza";"8194";"0";4994;0;2281;2524;81
"PUGLIA";"BARI";"CASAMASSIMA";1;"Indennita' di contingenza";"9576";"0";6395;0;3906;2278;81
"PUGLIA";"BARI";"CASSANO DELLE MURGE";1;"Indennita' di contingenza";"6914";"0";5371;0;2642;2587;55
"PUGLIA";"BARI";"CASTELLANA GROTTE";1;"Indennita' di contingenza";"12996";"0";9992;0;3421;6252;134
"PUGLIA";"BARI";"CELLAMARE";1;"Indennita' di contingenza";"1532";"0";1024;0;262;743;4
"PUGLIA";"BARI";"CONVERSANO";1;"Indennita' di contingenza";"16482";"0";11657;0;5111;6156;141
"PUGLIA";"BARI";"CORATO";1;"Indennita' di contingenza";"34539";"0";22623;0;11542;10091;368
"PUGLIA";"BARI";"GIOIA DEL COLLE";1;"Indennita' di contingenza";"21383";"0";16877;0;8182;8048;266
"PUGLIA";"BARI";"GIOVINAZZO";1;"Indennita' di contingenza";"15576";"0";10732;0;5208;5240;117
"PUGLIA";"BARI";"GRAVINA IN PUGLIA";1;"Indennita' di contingenza";"25959";"0";20554;0;11229;8444;187
"PUGLIA";"BARI";"GRUMO APPULA";1;"Indennita' di contingenza";"9665";"0";6375;0;3172;3020;67
"PUGLIA";"BARI";"LOCOROTONDO";1;"Indennita' di contingenza";"9792";"0";7890;0;2435;5037;177
"PUGLIA";"BARI";"MINERVINO MURGE";1;"Indennita' di contingenza";"9277";"0";7086;0;3663;3087;92
"PUGLIA";"BARI";"MODUGNO";1;"Indennita' di contingenza";"24124";"0";16995;0;8956;7584;162
"PUGLIA";"BARI";"MOLA DI BARI";1;"Indennita' di contingenza";"20812";"0";11563;0;4294;6909;164
"PUGLIA";"BARI";"MOLFETTA";1;"Indennita' di contingenza";"49474";"0";25904;0;9543;15335;362
"PUGLIA";"BARI";"MONOPOLI";1;"Indennita' di contingenza";"34250";"0";23701;0;7256;15473;387
"PUGLIA";"BARI";"NOCI";1;"Indennita' di contingenza";"14341";"0";10136;0;4370;5412;128
"PUGLIA";"BARI";"NOICATTARO";1;"Indennita' di contingenza";"12537";"0";8063;0;3648;4179;70
"PUGLIA";"BARI";"PALO DEL COLLE";1;"Indennita' di contingenza";"13279";"0";8146;0;4361;3582;79
"PUGLIA";"BARI";"POGGIORSINI";1;"Indennita' di contingenza";"1025";"0";798;0;358;418;11
"PUGLIA";"BARI";"POLIGNANO A MARE";1;"Indennita' di contingenza";"12233";"0";8263;0;3807;4158;122
"PUGLIA";"BARI";"PUTIGNANO";1;"Indennita' di contingenza";"19655";"0";15202;0;6305;8070;334
"PUGLIA";"BARI";"RUTIGLIANO";1;"Indennita' di contingenza";"11467";"0";7719;0;3382;4092;119
"PUGLIA";"BARI";"RUVO DI PUGLIA";1;"Indennita' di contingenza";"18028";"0";13566;0;6994;6229;167
"PUGLIA";"BARI";"SAMMICHELE DI BARI";1;"Indennita' di contingenza";"6114";"0";4381;0;2753;1506;66
"PUGLIA";"BARI";"SANNICANDRO DI BARI";1;"Indennita' di contingenza";"6949";"0";3902;0;1379;2412;34
"PUGLIA";"BARI";"SANTERAMO IN COLLE";1;"Indennita' di contingenza";"17448";"0";13540;0;7074;5993;166
"PUGLIA";"BARI";"SPINAZZOLA";1;"Indennita' di contingenza";"5984";"0";4868;0;2838;1853;63
"PUGLIA";"BARI";"TERLIZZI";1;"Indennita' di contingenza";"17947";"0";12952;0;6655;5861;174
"PUGLIA";"BARI";"TORITTO";1;"Indennita' di contingenza";"6721";"0";3965;0;1820;2086;14
"PUGLIA";"BARI";"TRANI";1;"Indennita' di contingenza";"32928";"0";23675;0;9896;13004;287
"PUGLIA";"BARI";"TRIGGIANO";1;"Indennita' di contingenza";"17625";"0";9720;0;3994;5373;100
"PUGLIA";"BARI";"TURI";1;"Indennita' di contingenza";"8762";"0";4605;0;2239;2187;52
"PUGLIA";"BARI";"VALENZANO";1;"Indennita' di contingenza";"9382";"0";5990;0;2475;3319;75
"PUGLIA";"BRINDISI";"BRINDISI";1;"Indennita' di contingenza";"65690";"0";47796;0;22791;23841;441
"PUGLIA";"BRINDISI";"CAROVIGNO";1;"Indennita' di contingenza";"10347";"0";8592;0;4076;3868;235
"PUGLIA";"BRINDISI";"CEGLIE MESSAPICO";1;"Indennita' di contingenza";"16950";"0";11630;0;5353;5664;229
"PUGLIA";"BRINDISI";"CELLINO SAN MARCO";1;"Indennita' di contingenza";"5470";"0";4280;0;2294;1812;78
"PUGLIA";"BRINDISI";"CISTERNINO";1;"Indennita' di contingenza";"9749";"0";7649;0;3141;4075;135
"PUGLIA";"BRINDISI";"ERCHIE";1;"Indennita' di contingenza";"6036";"0";3935;0;2000;1731;97
"PUGLIA";"BRINDISI";"FASANO";1;"Indennita' di contingenza";"26626";"0";19605;0;7416;11170;380
"PUGLIA";"BRINDISI";"FRANCAVILLA FONTANA";1;"Indennita' di contingenza";"23820";"0";18560;0;10032;7810;332
"PUGLIA";"BRINDISI";"LATIANO";1;"Indennita' di contingenza";"11493";"0";8849;0;4738;3557;213
"PUGLIA";"BRINDISI";"MESAGNE";1;"Indennita' di contingenza";"22442";"0";16357;0;9019;6800;232
"PUGLIA";"BRINDISI";"ORIA";1;"Indennita' di contingenza";"11157";"0";8752;0;4828;3346;236
"PUGLIA";"BRINDISI";"OSTUNI";1;"Indennita' di contingenza";"24936";"0";18545;0;8165;9300;341
"PUGLIA";"BRINDISI";"SAN DONACI";1;"Indennita' di contingenza";"5349";"0";3543;0;1362;2034;78
"PUGLIA";"BRINDISI";"SAN MICHELE SALENTINO";1;"Indennita' di contingenza";"4714";"0";3674;0;1857;1552;115
"PUGLIA";"BRINDISI";"SAN PANCRAZIO SALENTINO";1;"Indennita' di contingenza";"7694";"0";5216;0;2248;2741;75
"PUGLIA";"BRINDISI";"SAN PIETRO VERNOTICO";1;"Indennita' di contingenza";"11975";"0";8600;0;3851;4409;148
"PUGLIA";"BRINDISI";"SAN VITO DEI NORMANNI";1;"Indennita' di contingenza";"15906";"0";12669;0;5904;6170;239
"PUGLIA";"BRINDISI";"TORCHIAROLO";1;"Indennita' di contingenza";"3672";"0";2845;0;1575;1164;51
"PUGLIA";"BRINDISI";"TORRE SANTA SUSANNA";1;"Indennita' di contingenza";"7487";"0";5500;0;2627;2570;135
"PUGLIA";"BRINDISI";"VILLA CASTELLI";1;"Indennita' di contingenza";"5456";"0";4115;0;1983;1883;93
"PUGLIA";"FOGGIA";"ACCADIA";1;"Indennita' di contingenza";"2842";"0";1844;0;964;834;17
"PUGLIA";"FOGGIA";"ALBERONA";1;"Indennita' di contingenza";"1431";"0";743;0;270;417;21
"PUGLIA";"FOGGIA";"ANZANO DI PUGLIA";1;"Indennita' di contingenza";"2008";"0";890;0;255;598;15
"PUGLIA";"FOGGIA";"APRICENA";1;"Indennita' di contingenza";"9728";"0";7522;0;4712;2674;71
"PUGLIA";"FOGGIA";"ASCOLI SATRIANO";1;"Indennita' di contingenza";"5250";"0";4066;0;2136;1811;55
"PUGLIA";"FOGGIA";"BICCARI";1;"Indennita' di contingenza";"2952";"0";2143;0;1004;1048;52
"PUGLIA";"FOGGIA";"BOVINO";1;"Indennita' di contingenza";"4892";"0";2889;0;1138;1572;67
"PUGLIA";"FOGGIA";"CAGNANO VARANO";1;"Indennita' di contingenza";"6445";"0";3503;0;1908;1281;110
"PUGLIA";"FOGGIA";"CANDELA";1;"Indennita' di contingenza";"2418";"0";1876;0;1084;737;19
"PUGLIA";"FOGGIA";"CARAPELLE";1;"Indennita' di contingenza";"2620";"0";2050;0;1137;858;32
"PUGLIA";"FOGGIA";"CARLANTINO";1;"Indennita' di contingenza";"1241";"0";785;0;283;478;6
"PUGLIA";"FOGGIA";"CARPINO";1;"Indennita' di contingenza";"4509";"0";2025;0;675;1255;34
"PUGLIA";"FOGGIA";"CASALNUOVO MONTEROTARO";1;"Indennita' di contingenza";"2297";"0";1521;0;794;673;23
"PUGLIA";"FOGGIA";"CASALVECCHIO DI PUGLIA";1;"Indennita' di contingenza";"2036";"0";1463;0;650;779;14
"PUGLIA";"FOGGIA";"CASTELLUCCIO DEI SAURI";1;"Indennita' di contingenza";"1448";"0";1068;0;395;623;28
"PUGLIA";"FOGGIA";"CASTELLUCCIO VALMAGGIORE";1;"Indennita' di contingenza";"1529";"0";939;0;207;701;17
"PUGLIA";"FOGGIA";"CASTELNUOVO DELLA DAUNIA";1;"Indennita' di contingenza";"1819";"0";1307;0;624;657;12
"PUGLIA";"FOGGIA";"CELENZA VALFORTORE";1;"Indennita' di contingenza";"2127";"0";1542;0;607;855;38
"PUGLIA";"FOGGIA";"CELLE DI SAN VITO";1;"Indennita' di contingenza";"433";"0";182;0;33;140;4
"PUGLIA";"FOGGIA";"CERIGNOLA";1;"Indennita' di contingenza";"34712";"0";27226;0;16499;10158;297
"PUGLIA";"FOGGIA";"CHIEUTI";1;"Indennita' di contingenza";"1715";"0";1156;0;597;521;14
"PUGLIA";"FOGGIA";"DELICETO";1;"Indennita' di contingenza";"4037";"0";2869;0;1354;1379;80
"PUGLIA";"FOGGIA";"FAETO";1;"Indennita' di contingenza";"1206";"0";604;0;168;409;16
"PUGLIA";"FOGGIA";"FOGGIA";1;"Indennita' di contingenza";"113124";"0";83802;0;37438;43825;774
"PUGLIA";"FOGGIA";"ISCHITELLA";1;"Indennita' di contingenza";"3616";"0";2666;0;1215;1333;53
"PUGLIA";"FOGGIA";"ISOLE TREMITI";1;"Indennita' di contingenza";"287";"0";174;0;50;119;3
"PUGLIA";"FOGGIA";"LESINA";1;"Indennita' di contingenza";"4906";"0";2635;0;1238;1324;33
"PUGLIA";"FOGGIA";"LUCERA";1;"Indennita' di contingenza";"23409";"0";17921;0;9196;8074;270
"PUGLIA";"FOGGIA";"MANFREDONIA";1;"Indennita' di contingenza";"38864";"0";27154;0;12578;13886;297
"PUGLIA";"FOGGIA";"MARGHERITA DI SAVOIA";1;"Indennita' di contingenza";"8977";"0";6244;0;2446;3626;61
"PUGLIA";"FOGGIA";"MATTINATA";1;"Indennita' di contingenza";"4596";"0";3076;0;1779;1222;25
"PUGLIA";"FOGGIA";"MONTELEONE DI PUGLIA";1;"Indennita' di contingenza";"3198";"0";858;0;251;552;34
"PUGLIA";"FOGGIA";"MONTE SANT'ANGELO";1;"Indennita' di contingenza";"12441";"0";8758;0;4266;4169;118
"PUGLIA";"FOGGIA";"MOTTA MONTECORVINO";1;"Indennita' di contingenza";"1086";"0";831;0;249;564;11
"PUGLIA";"FOGGIA";"ORDONA";1;"Indennita' di contingenza";"1636";"0";1266;0;645;570;25
"PUGLIA";"FOGGIA";"ORSARA DI PUGLIA";1;"Indennita' di contingenza";"3570";"0";2494;0;1413;997;41
"PUGLIA";"FOGGIA";"ORTA NOVA";1;"Indennita' di contingenza";"10319";"0";6997;0;3866;2934;71
"PUGLIA";"FOGGIA";"PANNI";1;"Indennita' di contingenza";"2045";"0";826;0;148;651;10
"PUGLIA";"FOGGIA";"PESCHICI";1;"Indennita' di contingenza";"3335";"0";1936;0;743;1074;43
"PUGLIA";"FOGGIA";"PIETRAMONTECORVINO";1;"Indennita' di contingenza";"2547";"0";1820;0;987;786;27
"PUGLIA";"FOGGIA";"POGGIO IMPERIALE";1;"Indennita' di contingenza";"2604";"0";1871;0;1053;778;20
"PUGLIA";"FOGGIA";"RIGNANO GARGANICO";1;"Indennita' di contingenza";"2122";"0";1526;0;677;818;10
"PUGLIA";"FOGGIA";"ROCCHETTA SANT'ANTONIO";1;"Indennita' di contingenza";"2085";"0";1626;0;606;997;11
"PUGLIA";"FOGGIA";"RODI GARGANICO";1;"Indennita' di contingenza";"2972";"0";2461;0;717;1685;23
"PUGLIA";"FOGGIA";"ROSETO VALFORTORE";1;"Indennita' di contingenza";"2480";"0";896;0;304;559;10
"PUGLIA";"FOGGIA";"SAN FERDINANDO DI PUGLIA";1;"Indennita' di contingenza";"9306";"0";6600;0;3650;2803;73
"PUGLIA";"FOGGIA";"SAN GIOVANNI ROTONDO";1;"Indennita' di contingenza";"16536";"0";11950;0;6021;5545;161
"PUGLIA";"FOGGIA";"SAN MARCO IN LAMIS";1;"Indennita' di contingenza";"12424";"0";8786;0;4777;3597;166
"PUGLIA";"FOGGIA";"SAN MARCO LA CATOLA";1;"Indennita' di contingenza";"1702";"0";913;0;400;429;45
"PUGLIA";"FOGGIA";"SANNICANDRO GARGANICO";1;"Indennita' di contingenza";"15202";"0";9686;0;5169;4025;151
"PUGLIA";"FOGGIA";"SAN PAOLO DI CIVITATE";1;"Indennita' di contingenza";"4759";"0";3052;0;1669;1296;30
"PUGLIA";"FOGGIA";"SAN SEVERO";1;"Indennita' di contingenza";"39426";"0";30954;0;17609;12537;354
"PUGLIA";"FOGGIA";"SANT'AGATA DI PUGLIA";1;"Indennita' di contingenza";"2718";"0";1958;0;939;916;40
"PUGLIA";"FOGGIA";"SERRACAPRIOLA";1;"Indennita' di contingenza";"4848";"0";3249;0;1503;1594;60
"PUGLIA";"FOGGIA";"STORNARA";1;"Indennita' di contingenza";"2907";"0";2256;0;1088;1116;31
"PUGLIA";"FOGGIA";"STORNARELLA";1;"Indennita' di contingenza";"3131";"0";2426;0;1134;1219;48
"PUGLIA";"FOGGIA";"TORREMAGGIORE";1;"Indennita' di contingenza";"12043";"0";9287;0;5131;3825;161
"PUGLIA";"FOGGIA";"TRINITAPOLI";1;"Indennita' di contingenza";"9374";"0";6675;0;3978;2549;89
"PUGLIA";"FOGGIA";"TROIA";1;"Indennita' di contingenza";"5835";"0";4547;0;1854;2482;65
"PUGLIA";"FOGGIA";"VICO DEL GARGANO";1;"Indennita' di contingenza";"6926";"0";4230;0;1982;2072;50
"PUGLIA";"FOGGIA";"VIESTE";1;"Indennita' di contingenza";"10060";"0";5472;0;2921;2391;84
"PUGLIA";"FOGGIA";"VOLTURARA APPULA";1;"Indennita' di contingenza";"907";"0";530;0;116;397;9
"PUGLIA";"FOGGIA";"VOLTURINO";1;"Indennita' di contingenza";"1975";"0";1510;0;684;741;39
"PUGLIA";"FOGGIA";"ZAPPONETA";1;"Indennita' di contingenza";"1550";"0";1384;0;684;679;12
"PUGLIA";"LECCE";"ACQUARICA DEL CAPO";1;"Indennita' di contingenza";"3912";"0";2294;0;822;1413;25
"PUGLIA";"LECCE";"ALESSANO";1;"Indennita' di contingenza";"5420";"0";3605;0;1188;2239;74
"PUGLIA";"LECCE";"ALEZIO";1;"Indennita' di contingenza";"4561";"0";2882;0;1086;1702;50
"PUGLIA";"LECCE";"ALLISTE";1;"Indennita' di contingenza";"5283";"0";3620;0;1338;2117;61
"PUGLIA";"LECCE";"ANDRANO";1;"Indennita' di contingenza";"3865";"0";2715;0;802;1791;38
"PUGLIA";"LECCE";"ARADEO";1;"Indennita' di contingenza";"7533";"0";5068;0;1896;3005;73
"PUGLIA";"LECCE";"ARNESANO";1;"Indennita' di contingenza";"2613";"0";1994;0;904;987;49
"PUGLIA";"LECCE";"BAGNOLO DEL SALENTO";1;"Indennita' di contingenza";"1479";"0";1051;0;258;762;20
"PUGLIA";"LECCE";"BOTRUGNO";1;"Indennita' di contingenza";"2495";"0";1610;0;247;1308;32
"PUGLIA";"LECCE";"CALIMERA";1;"Indennita' di contingenza";"5562";"0";4320;0;1759;2438;62
"PUGLIA";"LECCE";"CAMPI SALENTINA";1;"Indennita' di contingenza";"8606";"0";6377;0;3686;2458;103
"PUGLIA";"LECCE";"CANNOLE";1;"Indennita' di contingenza";"1418";"0";1059;0;432;571;39
"PUGLIA";"LECCE";"CAPRARICA DI LECCE";1;"Indennita' di contingenza";"2169";"0";1606;0;744;766;34
"PUGLIA";"LECCE";"CARMIANO";1;"Indennita' di contingenza";"8765";"0";6604;0;2857;3372;213
"PUGLIA";"LECCE";"CARPIGNANO SALENTINO";1;"Indennita' di contingenza";"2936";"0";2145;0;1040;1020;43
"PUGLIA";"LECCE";"CASARANO";1;"Indennita' di contingenza";"14545";"0";9404;0;3078;5867;203
"PUGLIA";"LECCE";"CASTRI DI LECCE";1;"Indennita' di contingenza";"2172";"0";1579;0;523;990;31
"PUGLIA";"LECCE";"CASTRIGNANO DE' GRECI";1;"Indennita' di contingenza";"3506";"0";2464;0;1085;1270;62
"PUGLIA";"LECCE";"CASTRIGNANO DEL CAPO";1;"Indennita' di contingenza";"4751";"0";2922;0;457;2362;51
"PUGLIA";"LECCE";"CASTRO";1;"Indennita' di contingenza";"1752";"0";1273;0;355;845;51
"PUGLIA";"LECCE";"CAVALLINO";1;"Indennita' di contingenza";"5675";"0";3920;0;1517;2223;76
"PUGLIA";"LECCE";"COLLEPASSO";1;"Indennita' di contingenza";"5432";"0";3888;0;1522;2212;70
"PUGLIA";"LECCE";"COPERTINO";1;"Indennita' di contingenza";"16950";"0";11551;0;5195;5671;276
"PUGLIA";"LECCE";"CORIGLIANO D'OTRANTO";1;"Indennita' di contingenza";"4533";"0";3246;0;891;2159;91
"PUGLIA";"LECCE";"CORSANO";1;"Indennita' di contingenza";"3812";"0";2495;0;717;1662;61
"PUGLIA";"LECCE";"CURSI";1;"Indennita' di contingenza";"3079";"0";2208;0;713;1420;45
"PUGLIA";"LECCE";"CUTROFIANO";1;"Indennita' di contingenza";"7590";"0";5139;0;1536;3321;162
"PUGLIA";"LECCE";"DISO";1;"Indennita' di contingenza";"2686";"0";1992;0;675;1178;57
"PUGLIA";"LECCE";"GAGLIANO DEL CAPO";1;"Indennita' di contingenza";"4253";"0";2438;0;536;1827;38
"PUGLIA";"LECCE";"GALATINA";1;"Indennita' di contingenza";"21406";"0";16020;0;6785;8405;310
"PUGLIA";"LECCE";"GALATONE";1;"Indennita' di contingenza";"12106";"0";8212;0;3386;4500;142
"PUGLIA";"LECCE";"GALLIPOLI";1;"Indennita' di contingenza";"15438";"0";8714;0;3401;4947;175
"PUGLIA";"LECCE";"GIUGGIANELLO";1;"Indennita' di contingenza";"997";"0";719;0;158;533;8
"PUGLIA";"LECCE";"GIURDIGNANO";1;"Indennita' di contingenza";"1313";"0";941;0;217;675;17
"PUGLIA";"LECCE";"GUAGNANO";1;"Indennita' di contingenza";"5285";"0";3893;0;2148;1645;43
"PUGLIA";"LECCE";"LECCE";1;"Indennita' di contingenza";"71099";"0";48419;0;19492;27292;682
"PUGLIA";"LECCE";"LEQUILE";1;"Indennita' di contingenza";"5261";"0";4032;0;1480;2312;89
"PUGLIA";"LECCE";"LEVERANO";1;"Indennita' di contingenza";"9632";"0";5458;0;1637;3482;201
"PUGLIA";"LECCE";"LIZZANELLO";1;"Indennita' di contingenza";"6151";"0";4756;0;2176;2382;91
"PUGLIA";"LECCE";"MAGLIE";1;"Indennita' di contingenza";"11687";"0";8914;0;3615;4981;171
"PUGLIA";"LECCE";"MARTANO";1;"Indennita' di contingenza";"7569";"0";5199;0;2435;2470;142
"PUGLIA";"LECCE";"MARTIGNANO";1;"Indennita' di contingenza";"1372";"0";1105;0;460;613;15
"PUGLIA";"LECCE";"MATINO";1;"Indennita' di contingenza";"8940";"0";5034;0;1414;3351;123
"PUGLIA";"LECCE";"MELENDUGNO";1;"Indennita' di contingenza";"6270";"0";4664;0;1828;2683;60
"PUGLIA";"LECCE";"MELISSANO";1;"Indennita' di contingenza";"5432";"0";3866;0;2101;1661;56
"PUGLIA";"LECCE";"MELPIGNANO";1;"Indennita' di contingenza";"1901";"0";1358;0;700;640;10
"PUGLIA";"LECCE";"MIGGIANO";1;"Indennita' di contingenza";"2690";"0";1682;0;413;1200;35
"PUGLIA";"LECCE";"MINERVINO DI LECCE";1;"Indennita' di contingenza";"3214";"0";2300;0;562;1672;35
"PUGLIA";"LECCE";"MONTERONI DI LECCE";1;"Indennita' di contingenza";"9716";"0";6822;0;2861;3506;176
"PUGLIA";"LECCE";"MONTESANO SALENTINO";1;"Indennita' di contingenza";"1876";"0";1208;0;267;911;12
"PUGLIA";"LECCE";"MORCIANO DI LEUCA";1;"Indennita' di contingenza";"3420";"0";1893;0;754;1071;30
"PUGLIA";"LECCE";"MURO LECCESE";1;"Indennita' di contingenza";"4168";"0";2940;0;1008;1758;103
"PUGLIA";"LECCE";"NARDO'";1;"Indennita' di contingenza";"23312";"0";15612;0;6659;8332;271
"PUGLIA";"LECCE";"NEVIANO";1;"Indennita' di contingenza";"5086";"0";3240;0;808;2280;89
"PUGLIA";"LECCE";"NOCIGLIA";1;"Indennita' di contingenza";"2050";"0";1572;0;331;1184;35
"PUGLIA";"LECCE";"NOVOLI";1;"Indennita' di contingenza";"7112";"0";5232;0;2187;2798;99
"PUGLIA";"LECCE";"ORTELLE";1;"Indennita' di contingenza";"2074";"0";1549;0;443;1024;41
"PUGLIA";"LECCE";"OTRANTO";1;"Indennita' di contingenza";"3782";"0";2638;0;759;1818;31
"PUGLIA";"LECCE";"PALMARIGGI";1;"Indennita' di contingenza";"1274";"0";984;0;307;614;23
"PUGLIA";"LECCE";"PARABITA";1;"Indennita' di contingenza";"7574";"0";5176;0;1492;3517;70
"PUGLIA";"LECCE";"PATU'";1;"Indennita' di contingenza";"1406";"0";815;0;414;370;20
"PUGLIA";"LECCE";"POGGIARDO";1;"Indennita' di contingenza";"4673";"0";3355;0;1069;2177;64
"PUGLIA";"LECCE";"PORTO CESAREO";1;"Indennita' di contingenza";"2634";"0";1563;0;651;834;40
"PUGLIA";"LECCE";"PRESICCE";1;"Indennita' di contingenza";"5451";"0";3243;0;1057;2093;38
"PUGLIA";"LECCE";"RACALE";1;"Indennita' di contingenza";"7226";"0";4611;0;1828;2504;121
"PUGLIA";"LECCE";"RUFFANO";1;"Indennita' di contingenza";"7312";"0";4089;0;1196;2738;73
"PUGLIA";"LECCE";"SALICE SALENTINO";1;"Indennita' di contingenza";"6481";"0";4913;0;2056;2655;88
"PUGLIA";"LECCE";"SALVE";1;"Indennita' di contingenza";"4337";"0";2639;0;1041;1514;33
"PUGLIA";"LECCE";"SANARICA";1;"Indennita' di contingenza";"1172";"0";911;0;314;571;16
"PUGLIA";"LECCE";"SAN CASSIANO";1;"Indennita' di contingenza";"1595";"0";1239;0;268;885;55
"PUGLIA";"LECCE";"SAN CESARIO DI LECCE";1;"Indennita' di contingenza";"5734";"0";4191;0;1972;1991;98
"PUGLIA";"LECCE";"SAN DONATO DI LECCE";1;"Indennita' di contingenza";"4151";"0";3044;0;1168;1727;61
"PUGLIA";"LECCE";"SANNICOLA";1;"Indennita' di contingenza";"5427";"0";3633;0;1537;1876;86
"PUGLIA";"LECCE";"SAN PIETRO IN LAMA";1;"Indennita' di contingenza";"3067";"0";2335;0;1003;1248;25
"PUGLIA";"LECCE";"SANTA CESAREA TERME";1;"Indennita' di contingenza";"2355";"0";1712;0;474;1159;19
"PUGLIA";"LECCE";"SCORRANO";1;"Indennita' di contingenza";"4915";"0";3079;0;991;1947;79
"PUGLIA";"LECCE";"SECLI'";1;"Indennita' di contingenza";"1430";"0";960;0;324;604;7
"PUGLIA";"LECCE";"SOGLIANO CAVOUR";1;"Indennita' di contingenza";"3133";"0";2326;0;1279;972;41
"PUGLIA";"LECCE";"SOLETO";1;"Indennita' di contingenza";"4111";"0";3071;0;1401;1515;85
"PUGLIA";"LECCE";"SPECCHIA";1;"Indennita' di contingenza";"3894";"0";2724;0;1064;1595;29
"PUGLIA";"LECCE";"SPONGANO";1;"Indennita' di contingenza";"2871";"0";2083;0;688;1299;41
"PUGLIA";"LECCE";"SQUINZANO";1;"Indennita' di contingenza";"12229";"0";9027;0;4533;4184;156
"PUGLIA";"LECCE";"STERNATIA";1;"Indennita' di contingenza";"2035";"0";1571;0;660;834;35
"PUGLIA";"LECCE";"SUPERSANO";1;"Indennita' di contingenza";"3544";"0";2077;0;479;1517;24
"PUGLIA";"LECCE";"SURANO";1;"Indennita' di contingenza";"1459";"0";985;0;171;780;17
"PUGLIA";"LECCE";"SURBO";1;"Indennita' di contingenza";"7092";"0";4958;0;2367;2189;175
"PUGLIA";"LECCE";"TAURISANO";1;"Indennita' di contingenza";"8695";"0";4649;0;1465;3017;68
"PUGLIA";"LECCE";"TAVIANO";1;"Indennita' di contingenza";"8120";"0";6235;0;3046;2918;138
"PUGLIA";"LECCE";"TIGGIANO";1;"Indennita' di contingenza";"1761";"0";1247;0;215;988;20
"PUGLIA";"LECCE";"TREPUZZI";1;"Indennita' di contingenza";"10094";"0";7668;0;4160;3232;127
"PUGLIA";"LECCE";"TRICASE";1;"Indennita' di contingenza";"11731";"0";8147;0;1919;5797;187
"PUGLIA";"LECCE";"TUGLIE";1;"Indennita' di contingenza";"4977";"0";3224;0;1337;1805;35
"PUGLIA";"LECCE";"UGENTO";1;"Indennita' di contingenza";"8744";"0";4702;0;2136;2394;71
"PUGLIA";"LECCE";"UGGIANO LA CHIESA";1;"Indennita' di contingenza";"3528";"0";2434;0;669;1687;35
"PUGLIA";"LECCE";"VEGLIE";1;"Indennita' di contingenza";"9528";"0";6006;0;2232;3329;173
"PUGLIA";"LECCE";"VERNOLE";1;"Indennita' di contingenza";"5643";"0";4159;0;1460;2430;101
"PUGLIA";"LECCE";"ZOLLINO";1;"Indennita' di contingenza";"1762";"0";1289;0;406;832;22
"PUGLIA";"TARANTO";"AVETRANA";1;"Indennita' di contingenza";"5532";"0";2852;0;1458;1296;37
"PUGLIA";"TARANTO";"CAROSINO";1;"Indennita' di contingenza";"4098";"0";3297;0;1669;1538;50
"PUGLIA";"TARANTO";"CASTELLANETA";1;"Indennita' di contingenza";"12107";"0";9695;0;5383;3883;171
"PUGLIA";"TARANTO";"CRISPIANO";1;"Indennita' di contingenza";"8679";"0";6362;0;3412;2710;99
"PUGLIA";"TARANTO";"FAGGIANO";1;"Indennita' di contingenza";"2387";"0";1817;0;1036;745;20
"PUGLIA";"TARANTO";"FRAGAGNANO";1;"Indennita' di contingenza";"4205";"0";2799;0;1618;1094;36
"PUGLIA";"TARANTO";"GINOSA";1;"Indennita' di contingenza";"15298";"0";11010;0;6572;4070;111
"PUGLIA";"TARANTO";"GROTTAGLIE";1;"Indennita' di contingenza";"20961";"0";15884;0;8886;6533;211
"PUGLIA";"TARANTO";"LATERZA";1;"Indennita' di contingenza";"10060";"0";7562;0;4279;2844;123
"PUGLIA";"TARANTO";"LEPORANO";1;"Indennita' di contingenza";"3074";"0";2287;0;1231;1024;16
"PUGLIA";"TARANTO";"LIZZANO";1;"Indennita' di contingenza";"6721";"0";4925;0;2743;2021;58
"PUGLIA";"TARANTO";"MANDURIA";1;"Indennita' di contingenza";"22972";"0";16317;0;8428;7120;287
"PUGLIA";"TARANTO";"MARTINA FRANCA";1;"Indennita' di contingenza";"33347";"0";26868;0;11165;14377;531
"PUGLIA";"TARANTO";"MARUGGIO";1;"Indennita' di contingenza";"4053";"0";3066;0;1709;1249;52
"PUGLIA";"TARANTO";"MASSAFRA";1;"Indennita' di contingenza";"19844";"0";14087;0;7284;6320;212
"PUGLIA";"TARANTO";"MONTEIASI";1;"Indennita' di contingenza";"3567";"0";2990;0;1587;1297;55
"PUGLIA";"TARANTO";"MONTEMESOLA";1;"Indennita' di contingenza";"3229";"0";2687;0;1208;1426;21
"PUGLIA";"TARANTO";"MONTEPARANO";1;"Indennita' di contingenza";"1655";"0";1360;0;650;668;25
"PUGLIA";"TARANTO";"MOTTOLA";1;"Indennita' di contingenza";"11842";"0";8726;0;4565;3837;144
"PUGLIA";"TARANTO";"PALAGIANELLO";1;"Indennita' di contingenza";"4600";"0";3822;0;1911;1858;43
"PUGLIA";"TARANTO";"PALAGIANO";1;"Indennita' di contingenza";"9420";"0";7248;0;3974;2993;120
"PUGLIA";"TARANTO";"PULSANO";1;"Indennita' di contingenza";"6982";"0";5164;0;2700;2289;91
"PUGLIA";"TARANTO";"ROCCAFORZATA";1;"Indennita' di contingenza";"1340";"0";1180;0;616;513;31
"PUGLIA";"TARANTO";"SAN GIORGIO IONICO";1;"Indennita' di contingenza";"9087";"0";6842;0;3649;3006;79
"PUGLIA";"TARANTO";"SAN MARZANO DI SAN GIUSEPPE";1;"Indennita' di contingenza";"5620";"0";3917;0;1985;1772;56
"PUGLIA";"TARANTO";"SAVA";1;"Indennita' di contingenza";"13133";"0";7865;0;3948;3639;104
"PUGLIA";"TARANTO";"TARANTO";1;"Indennita' di contingenza";"174225";"0";127512;0;68951;55941;1006
"PUGLIA";"TARANTO";"TORRICELLA";1;"Indennita' di contingenza";"3032";"0";2293;0;930;1276;31
"BASILICATA";"MATERA";"ACCETTURA";1;"Indennita' di contingenza";"2755";"0";1548;0;720;741;35
"BASILICATA";"MATERA";"ALIANO";1;"Indennita' di contingenza";"1292";"0";940;0;375;509;17
"BASILICATA";"MATERA";"BERNALDA";1;"Indennita' di contingenza";"8625";"0";6414;0;3315;2928;66
"BASILICATA";"MATERA";"CALCIANO";1;"Indennita' di contingenza";"882";"0";642;0;370;247;6
"BASILICATA";"MATERA";"CIRIGLIANO";1;"Indennita' di contingenza";"578";"0";356;0;91;223;8
"BASILICATA";"MATERA";"COLOBRARO";1;"Indennita' di contingenza";"1742";"0";1163;0;636;478;15
"BASILICATA";"MATERA";"CRACO";1;"Indennita' di contingenza";"869";"0";651;0;266;354;9
"BASILICATA";"MATERA";"FERRANDINA";1;"Indennita' di contingenza";"6988";"0";5944;0;3223;2481;65
"BASILICATA";"MATERA";"GARAGUSO";1;"Indennita' di contingenza";"998";"0";678;0;355;300;8
"BASILICATA";"MATERA";"GORGOGLIONE";1;"Indennita' di contingenza";"1105";"0";795;0;356;391;20
"BASILICATA";"MATERA";"GRASSANO";1;"Indennita' di contingenza";"5230";"0";3507;0;1428;1889;51
"BASILICATA";"MATERA";"GROTTOLE";1;"Indennita' di contingenza";"2229";"0";1569;0;817;685;9
"BASILICATA";"MATERA";"IRSINA";1;"Indennita' di contingenza";"5407";"0";4365;0;2622;1604;35
"BASILICATA";"MATERA";"MATERA";1;"Indennita' di contingenza";"37503";"0";31316;0;16033;14054;295
"BASILICATA";"MATERA";"MIGLIONICO";1;"Indennita' di contingenza";"2061";"0";1574;0;918;623;8
"BASILICATA";"MATERA";"MONTALBANO JONICO";1;"Indennita' di contingenza";"6330";"0";4502;0;2582;1677;79
"BASILICATA";"MATERA";"MONTESCAGLIOSO";1;"Indennita' di contingenza";"7465";"0";5230;0;2827;2188;55
"BASILICATA";"MATERA";"NOVA SIRI";1;"Indennita' di contingenza";"3902";"0";3120;0;1316;1657;47
"BASILICATA";"MATERA";"OLIVETO LUCANO";1;"Indennita' di contingenza";"638";"0";447;0;186;236;7
"BASILICATA";"MATERA";"PISTICCI";1;"Indennita' di contingenza";"12819";"0";10582;0;6102;3864;306
"BASILICATA";"MATERA";"POLICORO";1;"Indennita' di contingenza";"8575";"0";6123;0;2928;2911;89
"BASILICATA";"MATERA";"POMARICO";1;"Indennita' di contingenza";"3789";"0";2565;0;1326;1123;42
"BASILICATA";"MATERA";"ROTONDELLA";1;"Indennita' di contingenza";"2952";"0";1937;0;938;949;16
"BASILICATA";"MATERA";"SALANDRA";1;"Indennita' di contingenza";"2571";"0";1962;0;668;1183;20
"BASILICATA";"MATERA";"SAN GIORGIO LUCANO";1;"Indennita' di contingenza";"1524";"0";1062;0;385;627;17
"BASILICATA";"MATERA";"SAN MAURO FORTE";1;"Indennita' di contingenza";"2107";"0";1443;0;648;743;11
"BASILICATA";"MATERA";"SCANZANO JONICO";1;"Indennita' di contingenza";"4130";"0";2942;0;1391;1352;58
"BASILICATA";"MATERA";"STIGLIANO";1;"Indennita' di contingenza";"5538";"0";4200;0;2111;1835;85
"BASILICATA";"MATERA";"TRICARICO";1;"Indennita' di contingenza";"5760";"0";3812;0;1574;2057;56
"BASILICATA";"MATERA";"TURSI";1;"Indennita' di contingenza";"4199";"0";2797;0;1418;1223;33
"BASILICATA";"MATERA";"VALSINNI";1;"Indennita' di contingenza";"1636";"0";1171;0;542;587;10
"BASILICATA";"POTENZA";"ABRIOLA";1;"Indennita' di contingenza";"1806";"0";1136;0;462;625;13
"BASILICATA";"POTENZA";"ACERENZA";1;"Indennita' di contingenza";"2743";"0";1853;0;919;867;22
"BASILICATA";"POTENZA";"ALBANO DI LUCANIA";1;"Indennita' di contingenza";"1405";"0";965;0;250;683;8
"BASILICATA";"POTENZA";"ANZI";1;"Indennita' di contingenza";"1804";"0";996;0;475;488;7
"BASILICATA";"POTENZA";"ARMENTO";1;"Indennita' di contingenza";"913";"0";637;0;307;304;4
"BASILICATA";"POTENZA";"ATELLA";1;"Indennita' di contingenza";"2918";"0";1778;0;914;793;27
"BASILICATA";"POTENZA";"AVIGLIANO";1;"Indennita' di contingenza";"8504";"0";7032;0;3946;2877;67
"BASILICATA";"POTENZA";"BALVANO";1;"Indennita' di contingenza";"1674";"0";873;0;441;378;26
"BASILICATA";"POTENZA";"BANZI";1;"Indennita' di contingenza";"1567";"0";1042;0;568;453;5
"BASILICATA";"POTENZA";"BARAGIANO";1;"Indennita' di contingenza";"2132";"0";1374;0;493;810;26
"BASILICATA";"POTENZA";"BARILE";1;"Indennita' di contingenza";"2423";"0";1752;0;916;798;11
"BASILICATA";"POTENZA";"BELLA";1;"Indennita' di contingenza";"4884";"0";2718;0;1026;1460;82
"BASILICATA";"POTENZA";"BRIENZA";1;"Indennita' di contingenza";"3202";"0";1575;0;1009;510;18
"BASILICATA";"POTENZA";"BRINDISI MONTAGNA";1;"Indennita' di contingenza";"847";"0";658;0;332;300;8
"BASILICATA";"POTENZA";"CALVELLO";1;"Indennita' di contingenza";"2467";"0";1304;0;264;979;30
"BASILICATA";"POTENZA";"CALVERA";1;"Indennita' di contingenza";"591";"0";344;0;116;201;10
"BASILICATA";"POTENZA";"CAMPOMAGGIORE";1;"Indennita' di contingenza";"893";"0";582;0;102;452;9
"BASILICATA";"POTENZA";"CANCELLARA";1;"Indennita' di contingenza";"1467";"0";1069;0;557;462;19
"BASILICATA";"POTENZA";"CARBONE";1;"Indennita' di contingenza";"1162";"0";678;0;204;451;16
"BASILICATA";"POTENZA";"CASTELGRANDE";1;"Indennita' di contingenza";"1569";"0";696;0;186;426;23
"BASILICATA";"POTENZA";"CASTELLUCCIO INFERIORE";1;"Indennita' di contingenza";"1988";"0";1407;0;713;596;45
"BASILICATA";"POTENZA";"CASTELLUCCIO SUPERIORE";1;"Indennita' di contingenza";"953";"0";690;0;268;345;36
"BASILICATA";"POTENZA";"CASTELMEZZANO";1;"Indennita' di contingenza";"1165";"0";620;0;250;323;13
"BASILICATA";"POTENZA";"CASTELSARACENO";1;"Indennita' di contingenza";"1619";"0";1097;0;398;651;11
"BASILICATA";"POTENZA";"CASTRONUOVO DI SANT'ANDREA";1;"Indennita' di contingenza";"1527";"0";1061;0;350;641;35
"BASILICATA";"POTENZA";"CERSOSIMO";1;"Indennita' di contingenza";"794";"0";553;0;313;226;7
"BASILICATA";"POTENZA";"CHIAROMONTE";1;"Indennita' di contingenza";"1914";"0";1227;0;512;648;32
"BASILICATA";"POTENZA";"CORLETO PERTICARA";1;"Indennita' di contingenza";"2967";"0";1709;0;550;1021;42
"BASILICATA";"POTENZA";"EPISCOPIA";1;"Indennita' di contingenza";"1359";"0";888;0;417;427;25
"BASILICATA";"POTENZA";"FARDELLA";1;"Indennita' di contingenza";"800";"0";543;0;210;306;17
"BASILICATA";"POTENZA";"FILIANO";1;"Indennita' di contingenza";"2501";"0";2031;0;969;954;46
"BASILICATA";"POTENZA";"FORENZA";1;"Indennita' di contingenza";"2947";"0";1680;0;813;810;17
"BASILICATA";"POTENZA";"FRANCAVILLA IN SINNI";1;"Indennita' di contingenza";"3042";"0";2137;0;1233;799;49
"BASILICATA";"POTENZA";"GALLICCHIO";1;"Indennita' di contingenza";"878";"0";644;0;385;229;12
"BASILICATA";"POTENZA";"GENZANO DI LUCANIA";1;"Indennita' di contingenza";"5670";"0";3689;0;1721;1860;43
"BASILICATA";"POTENZA";"GINESTRA";1;"Indennita' di contingenza";"752";"0";558;0;173;356;8
"BASILICATA";"POTENZA";"GRUMENTO NOVA";1;"Indennita' di contingenza";"1683";"0";1122;0;460;574;51
"BASILICATA";"POTENZA";"GUARDIA PERTICARA";1;"Indennita' di contingenza";"848";"0";488;0;176;290;9
"BASILICATA";"POTENZA";"LAGONEGRO";1;"Indennita' di contingenza";"4920";"0";3539;0;1696;1716;50
"BASILICATA";"POTENZA";"LATRONICO";1;"Indennita' di contingenza";"4494";"0";3289;0;1304;1698;128
"BASILICATA";"POTENZA";"LAURENZANA";1;"Indennita' di contingenza";"2275";"0";1422;0;440;922;16
"BASILICATA";"POTENZA";"LAURIA";1;"Indennita' di contingenza";"10120";"0";7528;0;3157;3597;249
"BASILICATA";"POTENZA";"LAVELLO";1;"Indennita' di contingenza";"9311";"0";7429;0;3876;3351;75
"BASILICATA";"POTENZA";"MARATEA";1;"Indennita' di contingenza";"4062";"0";2985;0;1256;1589;63
"BASILICATA";"POTENZA";"MARSICO NUOVO";1;"Indennita' di contingenza";"4787";"0";2060;0;1001;956;44
"BASILICATA";"POTENZA";"MARSICOVETERE";1;"Indennita' di contingenza";"2835";"0";1765;0;723;928;69
"BASILICATA";"POTENZA";"MASCHITO";1;"Indennita' di contingenza";"2029";"0";1234;0;556;615;37
"BASILICATA";"POTENZA";"MELFI";1;"Indennita' di contingenza";"11480";"0";8833;0;3928;4604;97
"BASILICATA";"POTENZA";"MISSANELLO";1;"Indennita' di contingenza";"656";"0";518;0;203;293;3
"BASILICATA";"POTENZA";"MOLITERNO";1;"Indennita' di contingenza";"3861";"0";2247;0;783;1383;35
"BASILICATA";"POTENZA";"MONTEMILONE";1;"Indennita' di contingenza";"2122";"0";1409;0;559;825;7
"BASILICATA";"POTENZA";"MONTEMURRO";1;"Indennita' di contingenza";"1949";"0";1045;0;338;641;24
"BASILICATA";"POTENZA";"MURO LUCANO";1;"Indennita' di contingenza";"6173";"0";3019;0;1224;1670;44
"BASILICATA";"POTENZA";"NEMOLI";1;"Indennita' di contingenza";"1241";"0";991;0;484;446;19
"BASILICATA";"POTENZA";"NOEPOLI";1;"Indennita' di contingenza";"1221";"0";744;0;358;358;12
"BASILICATA";"POTENZA";"OPPIDO LUCANO";1;"Indennita' di contingenza";"3484";"0";2424;0;1040;1306;35
"BASILICATA";"POTENZA";"PALAZZO SAN GERVASIO";1;"Indennita' di contingenza";"5418";"0";2880;0;1423;1335;48
"BASILICATA";"POTENZA";"PATERNO";1;"Indennita' di contingenza";"3041";"0";1528;0;673;756;44
"BASILICATA";"POTENZA";"PESCOPAGANO";1;"Indennita' di contingenza";"2145";"0";1375;0;382;953;23
"BASILICATA";"POTENZA";"PICERNO";1;"Indennita' di contingenza";"4496";"0";2412;0;1285;1061;33
"BASILICATA";"POTENZA";"PIETRAGALLA";1;"Indennita' di contingenza";"3881";"0";2903;0;1473;1339;24
"BASILICATA";"POTENZA";"PIETRAPERTOSA";1;"Indennita' di contingenza";"1428";"0";904;0;466;403;10
"BASILICATA";"POTENZA";"PIGNOLA";1;"Indennita' di contingenza";"3182";"0";2105;0;1176;861;20
"BASILICATA";"POTENZA";"POTENZA";1;"Indennita' di contingenza";"48138";"0";35659;0;17139;17268;363
"BASILICATA";"POTENZA";"RAPOLLA";1;"Indennita' di contingenza";"3213";"0";2239;0;1187;1000;17
"BASILICATA";"POTENZA";"RAPONE";1;"Indennita' di contingenza";"1355";"0";666;0;168;458;13
"BASILICATA";"POTENZA";"RIONERO IN VULTURE";1;"Indennita' di contingenza";"10251";"0";7541;0;4088;3213;53
"BASILICATA";"POTENZA";"RIPACANDIDA";1;"Indennita' di contingenza";"2233";"0";1306;0;654;603;20
"BASILICATA";"POTENZA";"RIVELLO";1;"Indennita' di contingenza";"2381";"0";1775;0;745;895;56
"BASILICATA";"POTENZA";"ROCCANOVA";1;"Indennita' di contingenza";"1602";"0";1321;0;836;448;17
"BASILICATA";"POTENZA";"ROTONDA";1;"Indennita' di contingenza";"3266";"0";1667;0;611;949;69
"BASILICATA";"POTENZA";"RUOTI";1;"Indennita' di contingenza";"3203";"0";1867;0;856;953;16
"BASILICATA";"POTENZA";"RUVO DEL MONTE";1;"Indennita' di contingenza";"1759";"0";947;0;366;549;15
"BASILICATA";"POTENZA";"SAN CHIRICO NUOVO";1;"Indennita' di contingenza";"1641";"0";1081;0;508;545;6
"BASILICATA";"POTENZA";"SAN CHIRICO RAPARO";1;"Indennita' di contingenza";"1544";"0";910;0;338;483;40
"BASILICATA";"POTENZA";"SAN COSTANTINO ALBANESE";1;"Indennita' di contingenza";"1086";"0";688;0;376;280;14
"BASILICATA";"POTENZA";"SAN FELE";1;"Indennita' di contingenza";"5219";"0";2387;0;1301;1013;41
"BASILICATA";"POTENZA";"SAN MARTINO D'AGRI";1;"Indennita' di contingenza";"1139";"0";703;0;281;382;14
"BASILICATA";"POTENZA";"SAN PAOLO ALBANESE";1;"Indennita' di contingenza";"495";"0";294;0;133;137;8
"BASILICATA";"POTENZA";"SAN SEVERINO LUCANO";1;"Indennita' di contingenza";"1870";"0";1107;0;567;493;18
"BASILICATA";"POTENZA";"SANT'ANGELO LE FRATTE";1;"Indennita' di contingenza";"1300";"0";870;0;360;480;13
"BASILICATA";"POTENZA";"SANT'ARCANGELO";1;"Indennita' di contingenza";"4964";"0";3190;0;1807;1291;38
"BASILICATA";"POTENZA";"SARCONI";1;"Indennita' di contingenza";"956";"0";619;0;154;431;21
"BASILICATA";"POTENZA";"SASSO DI CASTALDA";1;"Indennita' di contingenza";"902";"0";452;0;123;269;21
"BASILICATA";"POTENZA";"SATRIANO DI LUCANIA";1;"Indennita' di contingenza";"1974";"0";1207;0;251;897;24
"BASILICATA";"POTENZA";"SAVOIA DI LUCANIA";1;"Indennita' di contingenza";"1046";"0";602;0;220;331;22
"BASILICATA";"POTENZA";"SENISE";1;"Indennita' di contingenza";"5491";"0";3335;0;1721;1463;73
"BASILICATA";"POTENZA";"SPINOSO";1;"Indennita' di contingenza";"1547";"0";1021;0;404;556;22
"BASILICATA";"POTENZA";"TEANA";1;"Indennita' di contingenza";"649";"0";453;0;93;332;12
"BASILICATA";"POTENZA";"TERRANOVA DI POLLINO";1;"Indennita' di contingenza";"1572";"0";1099;0;515;528;25
"BASILICATA";"POTENZA";"TITO";1;"Indennita' di contingenza";"3739";"0";2523;0;1277;1151;51
"BASILICATA";"POTENZA";"TOLVE";1;"Indennita' di contingenza";"3192";"0";2287;0;1210;973;43
"BASILICATA";"POTENZA";"TRAMUTOLA";1;"Indennita' di contingenza";"2993";"0";1759;0;499;1160;53
"BASILICATA";"POTENZA";"TRECCHINA";1;"Indennita' di contingenza";"2108";"0";1639;0;814;710;45
"BASILICATA";"POTENZA";"TRIVIGNO";1;"Indennita' di contingenza";"802";"0";582;0;110;437;8
"BASILICATA";"POTENZA";"VAGLIO BASILICATA";1;"Indennita' di contingenza";"1887";"0";1365;0;755;556;22
"BASILICATA";"POTENZA";"VENOSA";1;"Indennita' di contingenza";"9041";"0";6806;0;3169;3371;108
"BASILICATA";"POTENZA";"VIETRI DI POTENZA";1;"Indennita' di contingenza";"2623";"0";1750;0;1094;572;35
"BASILICATA";"POTENZA";"VIGGIANELLO";1;"Indennita' di contingenza";"3421";"0";1793;0;1143;563;43
"BASILICATA";"POTENZA";"VIGGIANO";1;"Indennita' di contingenza";"3154";"0";1733;0;802;857;27
"CALABRIA";"CATANZARO";"ACQUARO";1;"Indennita' di contingenza";"2989";"0";1366;0;826;468;22
"CALABRIA";"CATANZARO";"ALBI";1;"Indennita' di contingenza";"1440";"0";810;0;452;343;10
"CALABRIA";"CATANZARO";"AMARONI";1;"Indennita' di contingenza";"1905";"0";1079;0;501;558;12
"CALABRIA";"CATANZARO";"AMATO";1;"Indennita' di contingenza";"1316";"0";502;0;231;242;20
"CALABRIA";"CATANZARO";"ANDALI";1;"Indennita' di contingenza";"1102";"0";563;0;279;274;6
"CALABRIA";"CATANZARO";"ARENA";1;"Indennita' di contingenza";"1800";"0";990;0;622;340;14
"CALABRIA";"CATANZARO";"ARGUSTO";1;"Indennita' di contingenza";"681";"0";346;0;170;166;5
"CALABRIA";"CATANZARO";"BADOLATO";1;"Indennita' di contingenza";"3063";"0";1981;0;1185;743;24
"CALABRIA";"CATANZARO";"BELCASTRO";1;"Indennita' di contingenza";"1426";"0";684;0;293;348;18
"CALABRIA";"CATANZARO";"BELVEDERE DI SPINELLO";1;"Indennita' di contingenza";"2282";"0";989;0;575;401;4
"CALABRIA";"CATANZARO";"BORGIA";1;"Indennita' di contingenza";"4792";"0";3863;0;2276;1458;60
"CALABRIA";"CATANZARO";"BOTRICELLO";1;"Indennita' di contingenza";"3212";"0";1851;0;997;806;14
"CALABRIA";"CATANZARO";"BRIATICO";1;"Indennita' di contingenza";"3170";"0";2483;0;897;1416;60
"CALABRIA";"CATANZARO";"BROGNATURO";1;"Indennita' di contingenza";"715";"0";391;0;87;253;26
"CALABRIA";"CATANZARO";"CACCURI";1;"Indennita' di contingenza";"1604";"0";1198;0;685;492;10
"CALABRIA";"CATANZARO";"CAPISTRANO";1;"Indennita' di contingenza";"1664";"0";704;0;314;337;17
"CALABRIA";"CATANZARO";"CARAFFA DI CATANZARO";1;"Indennita' di contingenza";"1845";"0";1353;0;704;625;12
"CALABRIA";"CATANZARO";"CARDINALE";1;"Indennita' di contingenza";"3078";"0";1228;0;468;707;8
"CALABRIA";"CATANZARO";"CARFIZZI";1;"Indennita' di contingenza";"1170";"0";750;0;469;270;7
"CALABRIA";"CATANZARO";"CARLOPOLI";1;"Indennita' di contingenza";"1617";"0";1237;0;641;563;19
"CALABRIA";"CATANZARO";"CASABONA";1;"Indennita' di contingenza";"2930";"0";2022;0;906;1037;29
"CALABRIA";"CATANZARO";"CASTELSILANO";1;"Indennita' di contingenza";"1302";"0";931;0;566;351;8
"CALABRIA";"CATANZARO";"CATANZARO";1;"Indennita' di contingenza";"67382";"0";45704;0;23357;20704;500
"CALABRIA";"CATANZARO";"CENADI";1;"Indennita' di contingenza";"712";"0";388;0;105;273;4
"CALABRIA";"CATANZARO";"CENTRACHE";1;"Indennita' di contingenza";"769";"0";372;0;120;227;9
"CALABRIA";"CATANZARO";"CERENZIA";1;"Indennita' di contingenza";"1086";"0";839;0;433;383;14
"CALABRIA";"CATANZARO";"CERVA";1;"Indennita' di contingenza";"1020";"0";687;0;393;276;12
"CALABRIA";"CATANZARO";"CESSANITI";1;"Indennita' di contingenza";"2944";"0";1990;0;901;954;61
"CALABRIA";"CATANZARO";"CHIARAVALLE CENTRALE";1;"Indennita' di contingenza";"5863";"0";2744;0;1404;1219;44
"CALABRIA";"CATANZARO";"CICALA";1;"Indennita' di contingenza";"1253";"0";684;0;204;406;45
"CALABRIA";"CATANZARO";"CIRO'";1;"Indennita' di contingenza";"3758";"0";1592;0;904;619;37
"CALABRIA";"CATANZARO";"CIRO' MARINA";1;"Indennita' di contingenza";"8764";"0";4264;0;2917;1160;62
"CALABRIA";"CATANZARO";"CONFLENTI";1;"Indennita' di contingenza";"2611";"0";1058;0;522;474;30
"CALABRIA";"CATANZARO";"CORTALE";1;"Indennita' di contingenza";"2375";"0";1504;0;856;597;20
"CALABRIA";"CATANZARO";"COTRONEI";1;"Indennita' di contingenza";"4337";"0";2728;0;1712;982;32
"CALABRIA";"CATANZARO";"CROPANI";1;"Indennita' di contingenza";"2720";"0";1831;0;1010;756;25
"CALABRIA";"CATANZARO";"CROTONE";1;"Indennita' di contingenza";"39920";"0";25867;0;16255;9074;197
"CALABRIA";"CATANZARO";"CRUCOLI";1;"Indennita' di contingenza";"2967";"0";1546;0;840;675;17
"CALABRIA";"CATANZARO";"CURINGA";1;"Indennita' di contingenza";"5963";"0";2943;0;1424;1388;56
"CALABRIA";"CATANZARO";"CUTRO";1;"Indennita' di contingenza";"9505";"0";4362;0;2763;1522;26
"CALABRIA";"CATANZARO";"DASA'";1;"Indennita' di contingenza";"1678";"0";774;0;407;332;13
"CALABRIA";"CATANZARO";"DAVOLI";1;"Indennita' di contingenza";"3180";"0";2395;0;1231;1056;52
"CALABRIA";"CATANZARO";"DECOLLATURA";1;"Indennita' di contingenza";"3565";"0";2217;0;1159;959;44
"CALABRIA";"CATANZARO";"DINAMI";1;"Indennita' di contingenza";"2761";"0";1281;0;630;614;18
"CALABRIA";"CATANZARO";"DRAPIA";1;"Indennita' di contingenza";"1937";"0";1450;0;767;616;29
"CALABRIA";"CATANZARO";"FABRIZIA";1;"Indennita' di contingenza";"3642";"0";1151;0;546;531;26
"CALABRIA";"CATANZARO";"FALERNA";1;"Indennita' di contingenza";"2995";"0";1789;0;948;772;34
"CALABRIA";"CATANZARO";"FEROLETO ANTICO";1;"Indennita' di contingenza";"2154";"0";1074;0;565;460;26
"CALABRIA";"CATANZARO";"FILADELFIA";1;"Indennita' di contingenza";"6387";"0";2707;0;1350;1236;58
"CALABRIA";"CATANZARO";"FILANDARI";1;"Indennita' di contingenza";"1316";"0";879;0;306;518;22
"CALABRIA";"CATANZARO";"FILOGASO";1;"Indennita' di contingenza";"1075";"0";579;0;163;389;17
"CALABRIA";"CATANZARO";"FOSSATO SERRALTA";1;"Indennita' di contingenza";"649";"0";350;0;149;192;4
"CALABRIA";"CATANZARO";"FRANCAVILLA ANGITOLA";1;"Indennita' di contingenza";"2351";"0";1260;0;482;732;20
"CALABRIA";"CATANZARO";"FRANCICA";1;"Indennita' di contingenza";"1256";"0";896;0;382;356;52
"CALABRIA";"CATANZARO";"GAGLIATO";1;"Indennita' di contingenza";"1002";"0";426;0;244;171;7
"CALABRIA";"CATANZARO";"GASPERINA";1;"Indennita' di contingenza";"2340";"0";1364;0;602;644;12
"CALABRIA";"CATANZARO";"GEROCARNE";1;"Indennita' di contingenza";"2184";"0";1189;0;590;520;31
"CALABRIA";"CATANZARO";"GIMIGLIANO";1;"Indennita' di contingenza";"3398";"0";2373;0;1183;1032;71
"CALABRIA";"CATANZARO";"GIRIFALCO";1;"Indennita' di contingenza";"6102";"0";3670;0;1980;1487;76
"CALABRIA";"CATANZARO";"GIZZERIA";1;"Indennita' di contingenza";"4191";"0";1784;0;836;912;19
"CALABRIA";"CATANZARO";"GUARDAVALLE";1;"Indennita' di contingenza";"4223";"0";2648;0;1708;852;43
"CALABRIA";"CATANZARO";"JONADI";1;"Indennita' di contingenza";"1088";"0";763;0;331;391;18
"CALABRIA";"CATANZARO";"ISCA SULLO IONIO";1;"Indennita' di contingenza";"2793";"0";891;0;439;439;5
"CALABRIA";"CATANZARO";"ISOLA DI CAPO RIZZUTO";1;"Indennita' di contingenza";"7860";"0";4349;0;2997;1226;53
"CALABRIA";"CATANZARO";"JACURSO";1;"Indennita' di contingenza";"942";"0";636;0;183;408;30
"CALABRIA";"CATANZARO";"JOPPOLO";1;"Indennita' di contingenza";"2058";"0";1318;0;710;538;41
"CALABRIA";"CATANZARO";"LAMEZIA TERME";1;"Indennita' di contingenza";"49371";"0";30208;0;17011;12069;475
"CALABRIA";"CATANZARO";"LIMBADI";1;"Indennita' di contingenza";"2756";"0";1956;0;813;1034;46
"CALABRIA";"CATANZARO";"MAGISANO";1;"Indennita' di contingenza";"1385";"0";871;0;338;510;12
"CALABRIA";"CATANZARO";"MAIDA";1;"Indennita' di contingenza";"3930";"0";2278;0;1434;765;35
"CALABRIA";"CATANZARO";"MAIERATO";1;"Indennita' di contingenza";"3226";"0";965;0;319;610;9
"CALABRIA";"CATANZARO";"MARCEDUSA";1;"Indennita' di contingenza";"733";"0";354;0;211;127;10
"CALABRIA";"CATANZARO";"MARCELLINARA";1;"Indennita' di contingenza";"1499";"0";986;0;478;478;14
"CALABRIA";"CATANZARO";"MARTIRANO";1;"Indennita' di contingenza";"1137";"0";656;0;241;396;8
"CALABRIA";"CATANZARO";"MARTIRANO LOMBARDO";1;"Indennita' di contingenza";"1475";"0";815;0;308;459;26
"CALABRIA";"CATANZARO";"MELISSA";1;"Indennita' di contingenza";"3037";"0";1893;0;1261;588;18
"CALABRIA";"CATANZARO";"MESORACA";1;"Indennita' di contingenza";"6754";"0";2958;0;1604;1292;29
"CALABRIA";"CATANZARO";"MIGLIERINA";1;"Indennita' di contingenza";"907";"0";565;0;196;355;6
"CALABRIA";"CATANZARO";"MILETO";1;"Indennita' di contingenza";"5103";"0";2835;0;954;1703;77
"CALABRIA";"CATANZARO";"MONGIANA";1;"Indennita' di contingenza";"972";"0";552;0;268;258;10
"CALABRIA";"CATANZARO";"MONTAURO";1;"Indennita' di contingenza";"1528";"0";850;0;477;329;32
"CALABRIA";"CATANZARO";"MONTEPAONE";1;"Indennita' di contingenza";"2676";"0";1524;0;750;719;24
"CALABRIA";"CATANZARO";"MONTEROSSO CALABRO";1;"Indennita' di contingenza";"2329";"0";1280;0;644;568;28
"CALABRIA";"CATANZARO";"MOTTA SANTA LUCIA";1;"Indennita' di contingenza";"790";"0";411;0;207;191;6
"CALABRIA";"CATANZARO";"NARDODIPACE";1;"Indennita' di contingenza";"1589";"0";1006;0;683;284;9
"CALABRIA";"CATANZARO";"NICOTERA";1;"Indennita' di contingenza";"5379";"0";3367;0;1616;1536;95
"CALABRIA";"CATANZARO";"NOCERA TERINESE";1;"Indennita' di contingenza";"3607";"0";2577;0;1631;844;38
"CALABRIA";"CATANZARO";"OLIVADI";1;"Indennita' di contingenza";"724";"0";440;0;235;193;4
"CALABRIA";"CATANZARO";"PALERMITI";1;"Indennita' di contingenza";"1623";"0";782;0;186;565;12
"CALABRIA";"CATANZARO";"PALLAGORIO";1;"Indennita' di contingenza";"1552";"0";1116;0;677;415;18
"CALABRIA";"CATANZARO";"PARGHELIA";1;"Indennita' di contingenza";"1155";"0";783;0;477;273;12
"CALABRIA";"CATANZARO";"PENTONE";1;"Indennita' di contingenza";"1836";"0";1256;0;611;620;11
"CALABRIA";"CATANZARO";"PETILIA POLICASTRO";1;"Indennita' di contingenza";"7473";"0";4314;0;3115;1077;41
"CALABRIA";"CATANZARO";"PETRIZZI";1;"Indennita' di contingenza";"1579";"0";721;0;357;330;12
"CALABRIA";"CATANZARO";"PETRONA'";1;"Indennita' di contingenza";"2380";"0";1785;0;1339;406;22
"CALABRIA";"CATANZARO";"PIANOPOLI";1;"Indennita' di contingenza";"1703";"0";1195;0;706;459;18
"CALABRIA";"CATANZARO";"PIZZO";1;"Indennita' di contingenza";"6495";"0";3638;0;1472;2048;54
"CALABRIA";"CATANZARO";"PIZZONI";1;"Indennita' di contingenza";"1722";"0";1021;0;569;432;8
"CALABRIA";"CATANZARO";"PLATANIA";1;"Indennita' di contingenza";"2598";"0";1625;0;832;714;35
"CALABRIA";"CATANZARO";"POLIA";1;"Indennita' di contingenza";"1405";"0";831;0;192;609;13
"CALABRIA";"CATANZARO";"RICADI";1;"Indennita' di contingenza";"3078";"0";1984;0;963;922;42
"CALABRIA";"CATANZARO";"ROCCABERNARDA";1;"Indennita' di contingenza";"2652";"0";1731;0;1006;684;18
"CALABRIA";"CATANZARO";"ROCCA DI NETO";1;"Indennita' di contingenza";"3888";"0";1924;0;1084;812;28
"CALABRIA";"CATANZARO";"ROMBIOLO";1;"Indennita' di contingenza";"3558";"0";2909;0;1662;1122;51
"CALABRIA";"CATANZARO";"SAN CALOGERO";1;"Indennita' di contingenza";"3349";"0";2146;0;958;1047;67
"CALABRIA";"CATANZARO";"SAN COSTANTINO CALABRO";1;"Indennita' di contingenza";"1809";"0";1250;0;709;503;17
"CALABRIA";"CATANZARO";"SAN FLORO";1;"Indennita' di contingenza";"661";"0";505;0;295;184;16
"CALABRIA";"CATANZARO";"SAN GREGORIO D'IPPONA";1;"Indennita' di contingenza";"2076";"0";1029;0;502;472;14
"CALABRIA";"CATANZARO";"SAN MANGO D'AQUINO";1;"Indennita' di contingenza";"1745";"0";916;0;299;574;23
"CALABRIA";"CATANZARO";"SAN MAURO MARCHESATO";1;"Indennita' di contingenza";"1990";"0";1321;0;859;429;14
"CALABRIA";"CATANZARO";"SAN NICOLA DA CRISSA";1;"Indennita' di contingenza";"3799";"0";1007;0;475;460;31
"CALABRIA";"CATANZARO";"SAN NICOLA DELL'ALTO";1;"Indennita' di contingenza";"1543";"0";979;0;551;406;15
"CALABRIA";"CATANZARO";"SAN PIETRO A MAIDA";1;"Indennita' di contingenza";"3822";"0";2263;0;1031;1184;29
"CALABRIA";"CATANZARO";"SAN PIETRO APOSTOLO";1;"Indennita' di contingenza";"1461";"0";1224;0;622;583;10
"CALABRIA";"CATANZARO";"SAN SOSTENE";1;"Indennita' di contingenza";"1142";"0";775;0;450;255;24
"CALABRIA";"CATANZARO";"SANTA CATERINA DELLO IONIO";1;"Indennita' di contingenza";"2257";"0";1388;0;720;626;20
"CALABRIA";"CATANZARO";"SANT'ANDREA APOSTOLO DELLO IONIO";1;"Indennita' di contingenza";"2345";"0";1640;0;957;634;2
"CALABRIA";"CATANZARO";"SANTA SEVERINA";1;"Indennita' di contingenza";"2030";"0";1388;0;775;582;14
"CALABRIA";"CATANZARO";"SANT'ONOFRIO";1;"Indennita' di contingenza";"3100";"0";1816;0;892;871;20
"CALABRIA";"CATANZARO";"SAN VITO SULLO IONIO";1;"Indennita' di contingenza";"3181";"0";1156;0;380;733;23
"CALABRIA";"CATANZARO";"SATRIANO";1;"Indennita' di contingenza";"2463";"0";1324;0;669;619;19
"CALABRIA";"CATANZARO";"SAVELLI";1;"Indennita' di contingenza";"1824";"0";1182;0;637;510;12
"CALABRIA";"CATANZARO";"SCANDALE";1;"Indennita' di contingenza";"2853";"0";1759;0;1006;722;11
"CALABRIA";"CATANZARO";"SELLIA";1;"Indennita' di contingenza";"713";"0";530;0;196;283;25
"CALABRIA";"CATANZARO";"SELLIA MARINA";1;"Indennita' di contingenza";"3444";"0";2439;0;1520;845;39
"CALABRIA";"CATANZARO";"SERRA SAN BRUNO";1;"Indennita' di contingenza";"5654";"0";2735;0;1180;1404;56
"CALABRIA";"CATANZARO";"SERRASTRETTA";1;"Indennita' di contingenza";"3277";"0";2377;0;1232;1014;71
"CALABRIA";"CATANZARO";"SERSALE";1;"Indennita' di contingenza";"4247";"0";2697;0;1929;659;45
"CALABRIA";"CATANZARO";"SETTINGIANO";1;"Indennita' di contingenza";"1554";"0";1018;0;495;467;33
"CALABRIA";"CATANZARO";"SIMBARIO";1;"Indennita' di contingenza";"1861";"0";566;0;187;354;14
"CALABRIA";"CATANZARO";"SIMERI CRICHI";1;"Indennita' di contingenza";"2409";"0";1891;0;1041;722;51
"CALABRIA";"CATANZARO";"SORBO SAN BASILE";1;"Indennita' di contingenza";"1052";"0";645;0;297;324;15
"CALABRIA";"CATANZARO";"SORIANELLO";1;"Indennita' di contingenza";"1231";"0";615;0;362;231;10
"CALABRIA";"CATANZARO";"SORIANO CALABRO";1;"Indennita' di contingenza";"2173";"0";1283;0;659;572;18
"CALABRIA";"CATANZARO";"SOVERATO";1;"Indennita' di contingenza";"6894";"0";4447;0;2219;2069;64
"CALABRIA";"CATANZARO";"SOVERIA MANNELLI";1;"Indennita' di contingenza";"2603";"0";1926;0;1052;805;35
"CALABRIA";"CATANZARO";"SOVERIA SIMERI";1;"Indennita' di contingenza";"1355";"0";958;0;572;335;25
"CALABRIA";"CATANZARO";"SPADOLA";1;"Indennita' di contingenza";"714";"0";360;0;125;209;18
"CALABRIA";"CATANZARO";"SPILINGA";1;"Indennita' di contingenza";"1431";"0";808;0;323;442;22
"CALABRIA";"CATANZARO";"SQUILLACE";1;"Indennita' di contingenza";"2179";"0";1330;0;646;643;18
"CALABRIA";"CATANZARO";"STALETTI'";1;"Indennita' di contingenza";"2032";"0";1055;0;441;570;18
"CALABRIA";"CATANZARO";"STEFANACONI";1;"Indennita' di contingenza";"2216";"0";1098;0;414;549;40
"CALABRIA";"CATANZARO";"STRONGOLI";1;"Indennita' di contingenza";"5033";"0";2669;0;1906;665;46
"CALABRIA";"CATANZARO";"TAVERNA";1;"Indennita' di contingenza";"2001";"0";1736;0;904;809;16
"CALABRIA";"CATANZARO";"TIRIOLO";1;"Indennita' di contingenza";"3385";"0";2542;0;1433;986;57
"CALABRIA";"CATANZARO";"TORRE DI RUGGIERO";1;"Indennita' di contingenza";"1993";"0";829;0;468;298;24
"CALABRIA";"CATANZARO";"TROPEA";1;"Indennita' di contingenza";"5165";"0";3066;0;1287;1646;57
"CALABRIA";"CATANZARO";"UMBRIATICO";1;"Indennita' di contingenza";"1094";"0";702;0;319;362;12
"CALABRIA";"CATANZARO";"VALLEFIORITA";1;"Indennita' di contingenza";"1963";"0";925;0;618;270;19
"CALABRIA";"CATANZARO";"VALLELONGA";1;"Indennita' di contingenza";"971";"0";386;0;163;201;10
"CALABRIA";"CATANZARO";"VAZZANO";1;"Indennita' di contingenza";"1307";"0";738;0;230;487;9
"CALABRIA";"CATANZARO";"VERZINO";1;"Indennita' di contingenza";"2133";"0";1484;0;806;616;30
"CALABRIA";"CATANZARO";"VIBO VALENTIA";1;"Indennita' di contingenza";"23229";"0";15746;0;7700;7415;261
"CALABRIA";"CATANZARO";"ZACCANOPOLI";1;"Indennita' di contingenza";"767";"0";584;0;300;260;14
"CALABRIA";"CATANZARO";"ZAGARISE";1;"Indennita' di contingenza";"1627";"0";1120;0;477;604;20
"CALABRIA";"CATANZARO";"ZAMBRONE";1;"Indennita' di contingenza";"1258";"0";1028;0;292;639;57
"CALABRIA";"CATANZARO";"ZUNGRI";1;"Indennita' di contingenza";"1488";"0";1103;0;576;452;32
"CALABRIA";"COSENZA";"ACQUAFORMOSA";1;"Indennita' di contingenza";"1344";"0";940;0;377;543;8
"CALABRIA";"COSENZA";"ACQUAPPESA";1;"Indennita' di contingenza";"1689";"0";1063;0;607;394;32
"CALABRIA";"COSENZA";"ACRI";1;"Indennita' di contingenza";"17774";"0";11232;0;7576;3195;186
"CALABRIA";"COSENZA";"AIELLO CALABRO";1;"Indennita' di contingenza";"3140";"0";1389;0;743;608;15
"CALABRIA";"COSENZA";"AIETA";1;"Indennita' di contingenza";"887";"0";629;0;261;297;42
"CALABRIA";"COSENZA";"ALBIDONA";1;"Indennita' di contingenza";"1544";"0";884;0;286;521;42
"CALABRIA";"COSENZA";"ALESSANDRIA DEL CARRETTO";1;"Indennita' di contingenza";"944";"0";650;0;286;264;61
"CALABRIA";"COSENZA";"ALTILIA";1;"Indennita' di contingenza";"808";"0";368;0;129;223;8
"CALABRIA";"COSENZA";"ALTOMONTE";1;"Indennita' di contingenza";"3832";"0";2049;0;1294;605;56
"CALABRIA";"COSENZA";"AMANTEA";1;"Indennita' di contingenza";"9485";"0";5542;0;2853;2417;101
"CALABRIA";"COSENZA";"AMENDOLARA";1;"Indennita' di contingenza";"2246";"0";1628;0;734;774;77
"CALABRIA";"COSENZA";"APRIGLIANO";1;"Indennita' di contingenza";"3324";"0";1919;0;1236;625;25
"CALABRIA";"COSENZA";"BELMONTE CALABRO";1;"Indennita' di contingenza";"2665";"0";1233;0;444;630;106
"CALABRIA";"COSENZA";"BELSITO";1;"Indennita' di contingenza";"934";"0";444;0;260;147;20
"CALABRIA";"COSENZA";"BELVEDERE MARITTIMO";1;"Indennita' di contingenza";"6805";"0";3925;0;1679;2052;90
"CALABRIA";"COSENZA";"BIANCHI";1;"Indennita' di contingenza";"1457";"0";982;0;586;355;21
"CALABRIA";"COSENZA";"BISIGNANO";1;"Indennita' di contingenza";"7634";"0";4803;0;3091;1476;113
"CALABRIA";"COSENZA";"BOCCHIGLIERO";1;"Indennita' di contingenza";"2694";"0";1523;0;917;562;24
"CALABRIA";"COSENZA";"BONIFATI";1;"Indennita' di contingenza";"2832";"0";2029;0;1199;707;66
"CALABRIA";"COSENZA";"BUONVICINO";1;"Indennita' di contingenza";"2511";"0";1896;0;592;1049;116
"CALABRIA";"COSENZA";"CALOPEZZATI";1;"Indennita' di contingenza";"1094";"0";778;0;378;376;12
"CALABRIA";"COSENZA";"CALOVETO";1;"Indennita' di contingenza";"1286";"0";787;0;215;549;12
"CALABRIA";"COSENZA";"CAMPANA";1;"Indennita' di contingenza";"2600";"0";1494;0;952;495;32
"CALABRIA";"COSENZA";"CANNA";1;"Indennita' di contingenza";"985";"0";671;0;344;268;23
"CALABRIA";"COSENZA";"CARIATI";1;"Indennita' di contingenza";"6871";"0";4201;0;1728;2228;116
"CALABRIA";"COSENZA";"CAROLEI";1;"Indennita' di contingenza";"2737";"0";1611;0;909;612;44
"CALABRIA";"COSENZA";"CARPANZANO";1;"Indennita' di contingenza";"633";"0";401;0;152;203;12
"CALABRIA";"COSENZA";"CASOLE BRUZIO";1;"Indennita' di contingenza";"1337";"0";1084;0;766;294;10
"CALABRIA";"COSENZA";"CASSANO ALL'IONIO";1;"Indennita' di contingenza";"13813";"0";8069;0;3866;3560;211
"CALABRIA";"COSENZA";"CASTIGLIONE COSENTINO";1;"Indennita' di contingenza";"1831";"0";1089;0;600;420;35
"CALABRIA";"COSENZA";"CASTROLIBERO";1;"Indennita' di contingenza";"5263";"0";3584;0;1811;1659;57
"CALABRIA";"COSENZA";"CASTROREGIO";1;"Indennita' di contingenza";"666";"0";432;0;187;228;7
"CALABRIA";"COSENZA";"CASTROVILLARI";1;"Indennita' di contingenza";"15431";"0";9818;0;5256;4136;139
"CALABRIA";"COSENZA";"CELICO";1;"Indennita' di contingenza";"2151";"0";1617;0;1136;450;12
"CALABRIA";"COSENZA";"CELLARA";1;"Indennita' di contingenza";"695";"0";368;0;189;155;11
"CALABRIA";"COSENZA";"CERCHIARA DI CALABRIA";1;"Indennita' di contingenza";"2568";"0";1545;0;626;823;49
"CALABRIA";"COSENZA";"CERISANO";1;"Indennita' di contingenza";"2337";"0";1432;0;642;700;49
"CALABRIA";"COSENZA";"CERVICATI";1;"Indennita' di contingenza";"938";"0";601;0;266;286;32
"CALABRIA";"COSENZA";"CERZETO";1;"Indennita' di contingenza";"1983";"0";1055;0;525;488;22
"CALABRIA";"COSENZA";"CETRARO";1;"Indennita' di contingenza";"8309";"0";5622;0;3185;2010;149
"CALABRIA";"COSENZA";"CIVITA";1;"Indennita' di contingenza";"1314";"0";907;0;341;482;55
"CALABRIA";"COSENZA";"CLETO";1;"Indennita' di contingenza";"1410";"0";759;0;330;392;21
"CALABRIA";"COSENZA";"COLOSIMI";1;"Indennita' di contingenza";"1266";"0";796;0;438;315;23
"CALABRIA";"COSENZA";"CORIGLIANO CALABRO";1;"Indennita' di contingenza";"23863";"0";11352;0;6778;4207;161
"CALABRIA";"COSENZA";"COSENZA";1;"Indennita' di contingenza";"66487";"0";45586;0;22982;21019;578
"CALABRIA";"COSENZA";"CROPALATI";1;"Indennita' di contingenza";"1158";"0";793;0;454;322;10
"CALABRIA";"COSENZA";"CROSIA";1;"Indennita' di contingenza";"4376";"0";2885;0;1482;1242;83
"CALABRIA";"COSENZA";"DIAMANTE";1;"Indennita' di contingenza";"3880";"0";2652;0;1290;1136;101
"CALABRIA";"COSENZA";"DIPIGNANO";1;"Indennita' di contingenza";"2889";"0";1974;0;1132;742;53
"CALABRIA";"COSENZA";"DOMANICO";1;"Indennita' di contingenza";"943";"0";504;0;362;127;14
"CALABRIA";"COSENZA";"FAGNANO CASTELLO";1;"Indennita' di contingenza";"4284";"0";2569;0;1061;1333;88
"CALABRIA";"COSENZA";"FALCONARA ALBANESE";1;"Indennita' di contingenza";"1578";"0";741;0;403;300;15
"CALABRIA";"COSENZA";"FIGLINE VEGLIATURO";1;"Indennita' di contingenza";"846";"0";622;0;322;279;14
"CALABRIA";"COSENZA";"FIRMO";1;"Indennita' di contingenza";"2292";"0";1491;0;710;746;14
"CALABRIA";"COSENZA";"FIUMEFREDDO BRUZIO";1;"Indennita' di contingenza";"3234";"0";1564;0;617;810;66
"CALABRIA";"COSENZA";"FRANCAVILLA MARITTIMA";1;"Indennita' di contingenza";"2349";"0";1540;0;705;737;43
"CALABRIA";"COSENZA";"FRASCINETO";1;"Indennita' di contingenza";"2138";"0";1478;0;748;670;23
"CALABRIA";"COSENZA";"FUSCALDO";1;"Indennita' di contingenza";"6463";"0";3817;0;1606;1997;90
"CALABRIA";"COSENZA";"GRIMALDI";1;"Indennita' di contingenza";"1722";"0";1015;0;424;550;21
"CALABRIA";"COSENZA";"GRISOLIA";1;"Indennita' di contingenza";"2047";"0";1616;0;760;677;74
"CALABRIA";"COSENZA";"GUARDIA PIEMONTESE";1;"Indennita' di contingenza";"1115";"0";802;0;344;431;10
"CALABRIA";"COSENZA";"LAGO";1;"Indennita' di contingenza";"3744";"0";1689;0;715;863;25
"CALABRIA";"COSENZA";"LAINO BORGO";1;"Indennita' di contingenza";"2103";"0";1039;0;467;500;30
"CALABRIA";"COSENZA";"LAINO CASTELLO";1;"Indennita' di contingenza";"1020";"0";406;0;204;179;9
"CALABRIA";"COSENZA";"LAPPANO";1;"Indennita' di contingenza";"819";"0";550;0;305;235;5
"CALABRIA";"COSENZA";"LATTARICO";1;"Indennita' di contingenza";"3119";"0";2012;0;1052;854;40
"CALABRIA";"COSENZA";"LONGOBARDI";1;"Indennita' di contingenza";"2102";"0";1057;0;336;599;39
"CALABRIA";"COSENZA";"LONGOBUCCO";1;"Indennita' di contingenza";"4627";"0";3373;0;2215;1028;61
"CALABRIA";"COSENZA";"LUNGRO";1;"Indennita' di contingenza";"2990";"0";1973;0;1149;771;19
"CALABRIA";"COSENZA";"LUZZI";1;"Indennita' di contingenza";"7414";"0";3551;0;2206;1201;58
"CALABRIA";"COSENZA";"MAIERA'";1;"Indennita' di contingenza";"1239";"0";774;0;271;398;42
"CALABRIA";"COSENZA";"MALITO";1;"Indennita' di contingenza";"1135";"0";596;0;207;350;9
"CALABRIA";"COSENZA";"MALVITO";1;"Indennita' di contingenza";"1975";"0";1216;0;705;461;31
"CALABRIA";"COSENZA";"MANDATORICCIO";1;"Indennita' di contingenza";"2439";"0";1632;0;718;691;38
"CALABRIA";"COSENZA";"MANGONE";1;"Indennita' di contingenza";"1317";"0";907;0;499;370;19
"CALABRIA";"COSENZA";"MARANO MARCHESATO";1;"Indennita' di contingenza";"1518";"0";1009;0;437;514;28
"CALABRIA";"COSENZA";"MARANO PRINCIPATO";1;"Indennita' di contingenza";"1186";"0";630;0;217;391;15
"CALABRIA";"COSENZA";"MARZI";1;"Indennita' di contingenza";"728";"0";532;0;313;193;12
"CALABRIA";"COSENZA";"MENDICINO";1;"Indennita' di contingenza";"4361";"0";2782;0;1363;1228;80
"CALABRIA";"COSENZA";"MONGRASSANO";1;"Indennita' di contingenza";"1841";"0";969;0;526;363;43
"CALABRIA";"COSENZA";"MONTALTO UFFUGO";1;"Indennita' di contingenza";"8177";"0";5693;0;2945;2502;9
"CALABRIA";"COSENZA";"MONTEGIORDANO";1;"Indennita' di contingenza";"2073";"0";1503;0;694;729;36
"CALABRIA";"COSENZA";"MORANO CALABRO";1;"Indennita' di contingenza";"3970";"0";2390;0;1348;925;46
"CALABRIA";"COSENZA";"MORMANNO";1;"Indennita' di contingenza";"3358";"0";2265;0;1099;1033;54
"CALABRIA";"COSENZA";"MOTTAFOLLONE";1;"Indennita' di contingenza";"1368";"0";769;0;391;323;33
"CALABRIA";"COSENZA";"NOCARA";1;"Indennita' di contingenza";"584";"0";405;0;218;150;18
"CALABRIA";"COSENZA";"ORIOLO";1;"Indennita' di contingenza";"2786";"0";1834;0;1074;678;28
"CALABRIA";"COSENZA";"ORSOMARSO";1;"Indennita' di contingenza";"1605";"0";983;0;437;488;29
"CALABRIA";"COSENZA";"PALUDI";1;"Indennita' di contingenza";"1515";"0";776;0;216;509;34
"CALABRIA";"COSENZA";"PANETTIERI";1;"Indennita' di contingenza";"397";"0";283;0;86;175;5
"CALABRIA";"COSENZA";"PAOLA";1;"Indennita' di contingenza";"13495";"0";9773;0;5184;3991;216
"CALABRIA";"COSENZA";"PAPASIDERO";1;"Indennita' di contingenza";"1181";"0";609;0;281;280;14
"CALABRIA";"COSENZA";"PARENTI";1;"Indennita' di contingenza";"1816";"0";1358;0;671;644;21
"CALABRIA";"COSENZA";"PATERNO CALABRO";1;"Indennita' di contingenza";"1791";"0";735;0;377;332;10
"CALABRIA";"COSENZA";"PEDACE";1;"Indennita' di contingenza";"1986";"0";1609;0;1278;302;13
"CALABRIA";"COSENZA";"PEDIVIGLIANO";1;"Indennita' di contingenza";"883";"0";644;0;344;286;6
"CALABRIA";"COSENZA";"PIANE CRATI";1;"Indennita' di contingenza";"912";"0";594;0;321;247;15
"CALABRIA";"COSENZA";"PIETRAFITTA";1;"Indennita' di contingenza";"1499";"0";888;0;643;220;14
"CALABRIA";"COSENZA";"PIETRAPAOLA";1;"Indennita' di contingenza";"1128";"0";523;0;321;182;6
"CALABRIA";"COSENZA";"PLATACI";1;"Indennita' di contingenza";"1090";"0";719;0;283;401;16
"CALABRIA";"COSENZA";"PRAIA A MARE";1;"Indennita' di contingenza";"4170";"0";3279;0;1452;1662;88
"CALABRIA";"COSENZA";"RENDE";1;"Indennita' di contingenza";"21391";"0";13380;0;6694;6204;210
"CALABRIA";"COSENZA";"ROCCA IMPERIALE";1;"Indennita' di contingenza";"2574";"0";1551;0;636;845;36
"CALABRIA";"COSENZA";"ROGGIANO GRAVINA";1;"Indennita' di contingenza";"6320";"0";3227;0;1564;1503;78
"CALABRIA";"COSENZA";"ROGLIANO";1;"Indennita' di contingenza";"4611";"0";3290;0;1938;1249;57
"CALABRIA";"COSENZA";"ROSE";1;"Indennita' di contingenza";"3856";"0";2003;0;1201;693;16
"CALABRIA";"COSENZA";"ROSETO CAPO SPULICO";1;"Indennita' di contingenza";"1388";"0";959;0;379;525;32
"CALABRIA";"COSENZA";"ROSSANO";1;"Indennita' di contingenza";"19882";"0";11626;0;6273;4848;257
"CALABRIA";"COSENZA";"ROTA GRECA";1;"Indennita' di contingenza";"1110";"0";724;0;416;293;10
"CALABRIA";"COSENZA";"ROVITO";1;"Indennita' di contingenza";"1809";"0";1263;0;829;395;17
"CALABRIA";"COSENZA";"SAN BASILE";1;"Indennita' di contingenza";"1404";"0";809;0;403;366;20
"CALABRIA";"COSENZA";"SAN BENEDETTO ULLANO";1;"Indennita' di contingenza";"1295";"0";917;0;519;357;26
"CALABRIA";"COSENZA";"SAN COSMO ALBANESE";1;"Indennita' di contingenza";"722";"0";531;0;281;233;11
"CALABRIA";"COSENZA";"SAN DEMETRIO CORONE";1;"Indennita' di contingenza";"3601";"0";2584;0;1494;958;54
"CALABRIA";"COSENZA";"SAN DONATO DI NINEA";1;"Indennita' di contingenza";"2175";"0";1259;0;776;433;18
"CALABRIA";"COSENZA";"SAN FILI";1;"Indennita' di contingenza";"2214";"0";1487;0;815;617;30
"CALABRIA";"COSENZA";"SANGINETO";1;"Indennita' di contingenza";"1179";"0";793;0;342;382;28
"CALABRIA";"COSENZA";"SAN GIORGIO ALBANESE";1;"Indennita' di contingenza";"1473";"0";1120;0;721;340;33
"CALABRIA";"COSENZA";"SAN GIOVANNI IN FIORE";1;"Indennita' di contingenza";"16620";"0";9640;0;5664;3718;87
"CALABRIA";"COSENZA";"SAN LORENZO BELLIZZI";1;"Indennita' di contingenza";"943";"0";685;0;230;357;61
"CALABRIA";"COSENZA";"SAN LORENZO DEL VALLO";1;"Indennita' di contingenza";"2194";"0";1486;0;786;658;15
"CALABRIA";"COSENZA";"SAN LUCIDO";1;"Indennita' di contingenza";"4590";"0";3191;0;1680;1337;67
"CALABRIA";"COSENZA";"SAN MARCO ARGENTANO";1;"Indennita' di contingenza";"5778";"0";3283;0;1363;1732;78
"CALABRIA";"COSENZA";"SAN MARTINO DI FINITA";1;"Indennita' di contingenza";"1171";"0";744;0;391;308;21
"CALABRIA";"COSENZA";"SAN NICOLA ARCELLA";1;"Indennita' di contingenza";"953";"0";718;0;326;337;28
"CALABRIA";"COSENZA";"SAN PIETRO IN AMANTEA";1;"Indennita' di contingenza";"888";"0";441;0;124;292;8
"CALABRIA";"COSENZA";"SAN PIETRO IN GUARANO";1;"Indennita' di contingenza";"3176";"0";2314;0;1298;952;29
"CALABRIA";"COSENZA";"SAN SOSTI";1;"Indennita' di contingenza";"1915";"0";1346;0;476;774;40
"CALABRIA";"COSENZA";"SANTA CATERINA ALBANESE";1;"Indennita' di contingenza";"1351";"0";909;0;440;415;24
"CALABRIA";"COSENZA";"SANTA DOMENICA TALAO";1;"Indennita' di contingenza";"1177";"0";806;0;302;429;29
"CALABRIA";"COSENZA";"SANT'AGATA DI ESARO";1;"Indennita' di contingenza";"1869";"0";1419;0;555;779;34
"CALABRIA";"COSENZA";"SANTA MARIA DEL CEDRO";1;"Indennita' di contingenza";"3178";"0";2220;0;662;1389;60
"CALABRIA";"COSENZA";"SANTA SOFIA D'EPIRO";1;"Indennita' di contingenza";"2515";"0";1689;0;795;799;42
"CALABRIA";"COSENZA";"SANTO STEFANO DI ROGLIANO";1;"Indennita' di contingenza";"970";"0";643;0;381;241;10
"CALABRIA";"COSENZA";"SAN VINCENZO LA COSTA";1;"Indennita' di contingenza";"1445";"0";1049;0;693;327;18
"CALABRIA";"COSENZA";"SARACENA";1;"Indennita' di contingenza";"3760";"0";2745;0;1583;1058;54
"CALABRIA";"COSENZA";"SCALA COELI";1;"Indennita' di contingenza";"1593";"0";797;0;358;421;9
"CALABRIA";"COSENZA";"SCALEA";1;"Indennita' di contingenza";"5240";"0";3134;0;1126;1844;75
"CALABRIA";"COSENZA";"SCIGLIANO";1;"Indennita' di contingenza";"1699";"0";1074;0;672;362;14
"CALABRIA";"COSENZA";"SERRA D'AIELLO";1;"Indennita' di contingenza";"1052";"0";471;0;272;168;7
"CALABRIA";"COSENZA";"SERRA PEDACE";1;"Indennita' di contingenza";"974";"0";711;0;547;148;9
"CALABRIA";"COSENZA";"SPEZZANO ALBANESE";1;"Indennita' di contingenza";"5511";"0";3666;0;2381;1183;58
"CALABRIA";"COSENZA";"SPEZZANO DELLA SILA";1;"Indennita' di contingenza";"3590";"0";2746;0;2089;600;21
"CALABRIA";"COSENZA";"SPEZZANO PICCOLO";1;"Indennita' di contingenza";"1618";"0";1101;0;727;348;11
"CALABRIA";"COSENZA";"TARSIA";1;"Indennita' di contingenza";"2325";"0";1135;0;581;516;15
"CALABRIA";"COSENZA";"TERRANOVA DA SIBARI";1;"Indennita' di contingenza";"4418";"0";2215;0;1217;908;36
"CALABRIA";"COSENZA";"TERRAVECCHIA";1;"Indennita' di contingenza";"1442";"0";645;0;225;413;2
"CALABRIA";"COSENZA";"TORANO CASTELLO";1;"Indennita' di contingenza";"4028";"0";2381;0;1253;1027;38
"CALABRIA";"COSENZA";"TORTORA";1;"Indennita' di contingenza";"3261";"0";2392;0;1105;1174;50
"CALABRIA";"COSENZA";"TREBISACCE";1;"Indennita' di contingenza";"5970";"0";3880;0;1989;1712;83
"CALABRIA";"COSENZA";"TRENTA";1;"Indennita' di contingenza";"1825";"0";1286;0;858;386;17
"CALABRIA";"COSENZA";"VACCARIZZO ALBANESE";1;"Indennita' di contingenza";"1324";"0";926;0;521;381;11
"CALABRIA";"COSENZA";"VERBICARO";1;"Indennita' di contingenza";"3994";"0";2175;0;1000;1012;44
"CALABRIA";"COSENZA";"VILLAPIANA";1;"Indennita' di contingenza";"3160";"0";2000;0;981;875;54
"CALABRIA";"COSENZA";"ZUMPANO";1;"Indennita' di contingenza";"1185";"0";843;0;554;269;14
"CALABRIA";"REGGIO CALABRIA";"AFRICO";1;"Indennita' di contingenza";"2473";"0";1455;0;1048;357;28
"CALABRIA";"REGGIO CALABRIA";"AGNANA CALABRA";1;"Indennita' di contingenza";"694";"0";418;0;231;166;10
"CALABRIA";"REGGIO CALABRIA";"ANOIA";1;"Indennita' di contingenza";"2136";"0";1107;0;471;537;34
"CALABRIA";"REGGIO CALABRIA";"ANTONIMINA";1;"Indennita' di contingenza";"1279";"0";883;0;509;290;41
"CALABRIA";"REGGIO CALABRIA";"ARDORE";1;"Indennita' di contingenza";"4694";"0";2894;0;1442;1271;78
"CALABRIA";"REGGIO CALABRIA";"BAGALADI";1;"Indennita' di contingenza";"1506";"0";892;0;535;335;7
"CALABRIA";"REGGIO CALABRIA";"BAGNARA CALABRA";1;"Indennita' di contingenza";"10407";"0";5234;0;2873;2057;113
"CALABRIA";"REGGIO CALABRIA";"BENESTARE";1;"Indennita' di contingenza";"1839";"0";1427;0;698;599;57
"CALABRIA";"REGGIO CALABRIA";"BIANCO";1;"Indennita' di contingenza";"3162";"0";1659;0;888;719;26
"CALABRIA";"REGGIO CALABRIA";"BIVONGI";1;"Indennita' di contingenza";"1845";"0";1171;0;631;493;24
"CALABRIA";"REGGIO CALABRIA";"BOVA";1;"Indennita' di contingenza";"851";"0";510;0;324;150;13
"CALABRIA";"REGGIO CALABRIA";"BOVALINO";1;"Indennita' di contingenza";"6075";"0";4096;0;2047;1771;110
"CALABRIA";"REGGIO CALABRIA";"BOVA MARINA";1;"Indennita' di contingenza";"3275";"0";1894;0;1204;580;48
"CALABRIA";"REGGIO CALABRIA";"BRANCALEONE";1;"Indennita' di contingenza";"3552";"0";1855;0;1041;737;29
"CALABRIA";"REGGIO CALABRIA";"BRUZZANO ZEFFIRIO";1;"Indennita' di contingenza";"2015";"0";851;0;465;337;22
"CALABRIA";"REGGIO CALABRIA";"CALANNA";1;"Indennita' di contingenza";"1393";"0";857;0;396;377;22
"CALABRIA";"REGGIO CALABRIA";"CAMINI";1;"Indennita' di contingenza";"884";"0";524;0;225;274;9
"CALABRIA";"REGGIO CALABRIA";"CAMPO CALABRO";1;"Indennita' di contingenza";"2697";"0";2217;0;1218;888;34
"CALABRIA";"REGGIO CALABRIA";"CANDIDONI";1;"Indennita' di contingenza";"745";"0";291;0;157;122;8
"CALABRIA";"REGGIO CALABRIA";"CANOLO";1;"Indennita' di contingenza";"930";"0";738;0;492;205;20
"CALABRIA";"REGGIO CALABRIA";"CARAFFA DEL BIANCO";1;"Indennita' di contingenza";"783";"0";457;0;225;206;11
"CALABRIA";"REGGIO CALABRIA";"CARDETO";1;"Indennita' di contingenza";"2304";"0";1327;0;980;319;10
"CALABRIA";"REGGIO CALABRIA";"CARERI";1;"Indennita' di contingenza";"2140";"0";1433;0;521;667;105
"CALABRIA";"REGGIO CALABRIA";"CASIGNANA";1;"Indennita' di contingenza";"885";"0";569;0;301;256;6
"CALABRIA";"REGGIO CALABRIA";"CAULONIA";1;"Indennita' di contingenza";"8901";"0";4175;0;2601;1333;56
"CALABRIA";"REGGIO CALABRIA";"CIMINA'";1;"Indennita' di contingenza";"1001";"0";416;0;257;124;2
"CALABRIA";"REGGIO CALABRIA";"CINQUEFRONDI";1;"Indennita' di contingenza";"6096";"0";2715;0;1529;1046;78
"CALABRIA";"REGGIO CALABRIA";"CITTANOVA";1;"Indennita' di contingenza";"8586";"0";4979;0;3000;1706;97
"CALABRIA";"REGGIO CALABRIA";"CONDOFURI";1;"Indennita' di contingenza";"4284";"0";2445;0;1432;884;35
"CALABRIA";"REGGIO CALABRIA";"COSOLETO";1;"Indennita' di contingenza";"1186";"0";635;0;236;366;18
"CALABRIA";"REGGIO CALABRIA";"DELIANUOVA";1;"Indennita' di contingenza";"3909";"0";1607;0;579;950;30
"CALABRIA";"REGGIO CALABRIA";"FEROLETO DELLA CHIESA";1;"Indennita' di contingenza";"1521";"0";810;0;356;414;21
"CALABRIA";"REGGIO CALABRIA";"FERRUZZANO";1;"Indennita' di contingenza";"1418";"0";433;0;201;194;12
"CALABRIA";"REGGIO CALABRIA";"FIUMARA";1;"Indennita' di contingenza";"1450";"0";894;0;451;378;31
"CALABRIA";"REGGIO CALABRIA";"GALATRO";1;"Indennita' di contingenza";"2115";"0";1108;0;655;409;15
"CALABRIA";"REGGIO CALABRIA";"GERACE";1;"Indennita' di contingenza";"2671";"0";1613;0;994;507;40
"CALABRIA";"REGGIO CALABRIA";"GIFFONE";1;"Indennita' di contingenza";"2051";"0";1161;0;517;627;6
"CALABRIA";"REGGIO CALABRIA";"GIOIA TAURO";1;"Indennita' di contingenza";"13225";"0";7526;0;3572;3586;122
"CALABRIA";"REGGIO CALABRIA";"GIOIOSA IONICA";1;"Indennita' di contingenza";"5916";"0";3774;0;1907;1566;140
"CALABRIA";"REGGIO CALABRIA";"GROTTERIA";1;"Indennita' di contingenza";"5360";"0";2498;0;1583;750;68
"CALABRIA";"REGGIO CALABRIA";"LAGANADI";1;"Indennita' di contingenza";"601";"0";386;0;203;110;15
"CALABRIA";"REGGIO CALABRIA";"LAUREANA DI BORRELLO";1;"Indennita' di contingenza";"6338";"0";2931;0;1285;1392;114
"CALABRIA";"REGGIO CALABRIA";"LOCRI";1;"Indennita' di contingenza";"9773";"0";5987;0;2784;2831;134
"CALABRIA";"REGGIO CALABRIA";"MAMMOLA";1;"Indennita' di contingenza";"4457";"0";2047;0;1141;844;31
"CALABRIA";"REGGIO CALABRIA";"MARINA DI GIOIOSA IONICA";1;"Indennita' di contingenza";"5276";"0";3113;0;1579;1277;133
"CALABRIA";"REGGIO CALABRIA";"MAROPATI";1;"Indennita' di contingenza";"1792";"0";1162;0;386;742;15
"CALABRIA";"REGGIO CALABRIA";"MARTONE";1;"Indennita' di contingenza";"1250";"0";557;0;264;264;11
"CALABRIA";"REGGIO CALABRIA";"MELICUCCA'";1;"Indennita' di contingenza";"1724";"0";768;0;460;275;18
"CALABRIA";"REGGIO CALABRIA";"MELICUCCO";1;"Indennita' di contingenza";"3354";"0";1724;0;941;658;60
"CALABRIA";"REGGIO CALABRIA";"MELITO DI PORTO SALVO";1;"Indennita' di contingenza";"7549";"0";4242;0;2314;1683;87
"CALABRIA";"REGGIO CALABRIA";"MOLOCHIO";1;"Indennita' di contingenza";"2662";"0";1460;0;535;828;38
"CALABRIA";"REGGIO CALABRIA";"MONASTERACE";1;"Indennita' di contingenza";"2443";"0";1355;0;580;677;33
"CALABRIA";"REGGIO CALABRIA";"MONTEBELLO JONICO";1;"Indennita' di contingenza";"7155";"0";3330;0;1650;1502;61
"CALABRIA";"REGGIO CALABRIA";"MOTTA SAN GIOVANNI";1;"Indennita' di contingenza";"5533";"0";3421;0;1970;1306;45
"CALABRIA";"REGGIO CALABRIA";"OPPIDO MAMERTINA";1;"Indennita' di contingenza";"5567";"0";2645;0;1014;1494;54
"CALABRIA";"REGGIO CALABRIA";"PALIZZI";1;"Indennita' di contingenza";"2687";"0";1526;0;831;646;18
"CALABRIA";"REGGIO CALABRIA";"PALMI";1;"Indennita' di contingenza";"14009";"0";9411;0;4802;4206;149
"CALABRIA";"REGGIO CALABRIA";"PAZZANO";1;"Indennita' di contingenza";"1259";"0";669;0;335;295;11
"CALABRIA";"REGGIO CALABRIA";"PLACANICA";1;"Indennita' di contingenza";"1636";"0";867;0;473;348;15
"CALABRIA";"REGGIO CALABRIA";"PLATI'";1;"Indennita' di contingenza";"2914";"0";1982;0;962;759;77
"CALABRIA";"REGGIO CALABRIA";"POLISTENA";1;"Indennita' di contingenza";"8074";"0";4779;0;2906;1654;75
"CALABRIA";"REGGIO CALABRIA";"PORTIGLIOLA";1;"Indennita' di contingenza";"1447";"0";671;0;178;451;16
"CALABRIA";"REGGIO CALABRIA";"REGGIO DI CALABRIA";1;"Indennita' di contingenza";"136085";"0";85960;0;44714;37297;1096
"CALABRIA";"REGGIO CALABRIA";"RIACE";1;"Indennita' di contingenza";"1358";"0";816;0;396;385;21
"CALABRIA";"REGGIO CALABRIA";"RIZZICONI";1;"Indennita' di contingenza";"6396";"0";3263;0;1236;1686;126
"CALABRIA";"REGGIO CALABRIA";"ROCCAFORTE DEL GRECO";1;"Indennita' di contingenza";"1012";"0";658;0;545;103;2
"CALABRIA";"REGGIO CALABRIA";"ROCCELLA IONICA";1;"Indennita' di contingenza";"6957";"0";3354;0;1745;1454;61
"CALABRIA";"REGGIO CALABRIA";"ROGHUDI";1;"Indennita' di contingenza";"1372";"0";623;0;303;281;16
"CALABRIA";"REGGIO CALABRIA";"ROSARNO";1;"Indennita' di contingenza";"11094";"0";7475;0;4437;2531;192
"CALABRIA";"REGGIO CALABRIA";"SAMO";1;"Indennita' di contingenza";"1075";"0";657;0;204;411;16
"CALABRIA";"REGGIO CALABRIA";"SAN FERDINANDO";1;"Indennita' di contingenza";"3862";"0";2303;0;1391;824;39
"CALABRIA";"REGGIO CALABRIA";"SAN GIORGIO MORGETO";1;"Indennita' di contingenza";"3292";"0";1767;0;959;761;27
"CALABRIA";"REGGIO CALABRIA";"SAN GIOVANNI DI GERACE";1;"Indennita' di contingenza";"722";"0";496;0;250;208;28
"CALABRIA";"REGGIO CALABRIA";"SAN LORENZO";1;"Indennita' di contingenza";"3818";"0";1598;0;825;672;32
"CALABRIA";"REGGIO CALABRIA";"SAN LUCA";1;"Indennita' di contingenza";"3583";"0";1745;0;1507;190;18
"CALABRIA";"REGGIO CALABRIA";"SAN PIETRO DI CARIDA'";1;"Indennita' di contingenza";"2050";"0";889;0;430;403;19
"CALABRIA";"REGGIO CALABRIA";"SAN PROCOPIO";1;"Indennita' di contingenza";"722";"0";272;0;95;158;11
"CALABRIA";"REGGIO CALABRIA";"SAN ROBERTO";1;"Indennita' di contingenza";"2227";"0";1243;0;653;471;13
"CALABRIA";"REGGIO CALABRIA";"SANTA CRISTINA D'ASPROMONTE";1;"Indennita' di contingenza";"1711";"0";805;0;212;503;33
"CALABRIA";"REGGIO CALABRIA";"SANT'AGATA DEL BIANCO";1;"Indennita' di contingenza";"772";"0";427;0;274;149;1
"CALABRIA";"REGGIO CALABRIA";"SANT'ALESSIO IN ASPROMONTE";1;"Indennita' di contingenza";"552";"0";320;0;63;240;6
"CALABRIA";"REGGIO CALABRIA";"SANT'EUFEMIA D'ASPROMONTE";1;"Indennita' di contingenza";"3718";"0";2341;0;1334;855;73
"CALABRIA";"REGGIO CALABRIA";"SANT'ILARIO DELLO IONIO";1;"Indennita' di contingenza";"1639";"0";1043;0;424;558;24
"CALABRIA";"REGGIO CALABRIA";"SANTO STEFANO IN ASPROMONTE";1;"Indennita' di contingenza";"1627";"0";820;0;345;401;20
"CALABRIA";"REGGIO CALABRIA";"SCIDO";1;"Indennita' di contingenza";"1487";"0";525;0;258;239;13
"CALABRIA";"REGGIO CALABRIA";"SCILLA";1;"Indennita' di contingenza";"5543";"0";3605;0;1950;1368;73
"CALABRIA";"REGGIO CALABRIA";"SEMINARA";1;"Indennita' di contingenza";"3924";"0";1867;0;955;809;53
"CALABRIA";"REGGIO CALABRIA";"SERRATA";1;"Indennita' di contingenza";"1021";"0";585;0;251;304;16
"CALABRIA";"REGGIO CALABRIA";"SIDERNO";1;"Indennita' di contingenza";"14356";"0";6523;0;3534;2658;105
"CALABRIA";"REGGIO CALABRIA";"SINOPOLI";1;"Indennita' di contingenza";"2525";"0";1012;0;463;481;22
"CALABRIA";"REGGIO CALABRIA";"STAITI";1;"Indennita' di contingenza";"677";"0";283;0;115;162;3
"CALABRIA";"REGGIO CALABRIA";"STIGNANO";1;"Indennita' di contingenza";"1327";"0";712;0;479;200;12
"CALABRIA";"REGGIO CALABRIA";"STILO";1;"Indennita' di contingenza";"2173";"0";1159;0;728;375;22
"CALABRIA";"REGGIO CALABRIA";"TAURIANOVA";1;"Indennita' di contingenza";"12594";"0";6124;0;3142;2660;103
"CALABRIA";"REGGIO CALABRIA";"TERRANOVA SAPPO MINULIO";1;"Indennita' di contingenza";"575";"0";334;0;134;185;7
"CALABRIA";"REGGIO CALABRIA";"VARAPODIO";1;"Indennita' di contingenza";"2172";"0";1133;0;382;660;31
"CALABRIA";"REGGIO CALABRIA";"VILLA SAN GIOVANNI";1;"Indennita' di contingenza";"10084";"0";7522;0;3803;3327;142
"SICILIA";"AGRIGENTO";"AGRIGENTO";1;"Indennita' di contingenza";"42069";"0";26072;0;10721;14073;386
"SICILIA";"AGRIGENTO";"ALESSANDRIA DELLA ROCCA";1;"Indennita' di contingenza";"4936";"0";2237;0;1044;1026;74
"SICILIA";"AGRIGENTO";"ARAGONA";1;"Indennita' di contingenza";"12000";"0";5489;0;2912;2253;125
"SICILIA";"AGRIGENTO";"BIVONA";1;"Indennita' di contingenza";"3939";"0";2467;0;1482;831;90
"SICILIA";"AGRIGENTO";"BURGIO";1;"Indennita' di contingenza";"3434";"0";1907;0;951;815;70
"SICILIA";"AGRIGENTO";"CALAMONACI";1;"Indennita' di contingenza";"1461";"0";995;0;492;470;22
"SICILIA";"AGRIGENTO";"CALTABELLOTTA";1;"Indennita' di contingenza";"4803";"0";3208;0;1432;1626;49
"SICILIA";"AGRIGENTO";"CAMASTRA";1;"Indennita' di contingenza";"2293";"0";1421;0;447;915;12
"SICILIA";"AGRIGENTO";"CAMMARATA";1;"Indennita' di contingenza";"4756";"0";2953;0;1062;1712;103
"SICILIA";"AGRIGENTO";"CAMPOBELLO DI LICATA";1;"Indennita' di contingenza";"9682";"0";6398;0;4051;2082;120
"SICILIA";"AGRIGENTO";"CANICATTI'";1;"Indennita' di contingenza";"25576";"0";16899;0;9245;6839;317
"SICILIA";"AGRIGENTO";"CASTELTERMINI";1;"Indennita' di contingenza";"11003";"0";5571;0;3542;1793;106
"SICILIA";"AGRIGENTO";"CASTROFILIPPO";1;"Indennita' di contingenza";"4455";"0";1875;0;1068;704;65
"SICILIA";"AGRIGENTO";"CATTOLICA ERACLEA";1;"Indennita' di contingenza";"5974";"0";2825;0;1748;916;89
"SICILIA";"AGRIGENTO";"CIANCIANA";1;"Indennita' di contingenza";"6029";"0";2267;0;734;1426;54
"SICILIA";"AGRIGENTO";"COMITINI";1;"Indennita' di contingenza";"1297";"0";647;0;334;280;18
"SICILIA";"AGRIGENTO";"FAVARA";1;"Indennita' di contingenza";"26821";"0";13861;0;8600;4621;210
"SICILIA";"AGRIGENTO";"GROTTE";1;"Indennita' di contingenza";"8604";"0";3393;0;1549;1549;119
"SICILIA";"AGRIGENTO";"JOPPOLO GIANCAXIO";1;"Indennita' di contingenza";"1814";"0";835;0;400;359;33
"SICILIA";"AGRIGENTO";"LAMPEDUSA E LINOSA";1;"Indennita' di contingenza";"3560";"0";1271;0;697;530;17
"SICILIA";"AGRIGENTO";"LICATA";1;"Indennita' di contingenza";"31962";"0";13649;0;8152;4985;144
"SICILIA";"AGRIGENTO";"LUCCA SICULA";1;"Indennita' di contingenza";"2187";"0";1252;0;718;471;36
"SICILIA";"AGRIGENTO";"MENFI";1;"Indennita' di contingenza";"10510";"0";6354;0;3578;2490;127
"SICILIA";"AGRIGENTO";"MONTALLEGRO";1;"Indennita' di contingenza";"3457";"0";1493;0;612;699;102
"SICILIA";"AGRIGENTO";"MONTEVAGO";1;"Indennita' di contingenza";"2715";"0";1742;0;708;967;37
"SICILIA";"AGRIGENTO";"NARO";1;"Indennita' di contingenza";"10226";"0";6332;0;3810;2204;137
"SICILIA";"AGRIGENTO";"PALMA DI MONTECHIARO";1;"Indennita' di contingenza";"18371";"0";9143;0;5206;3556;125
"SICILIA";"AGRIGENTO";"PORTO EMPEDOCLE";1;"Indennita' di contingenza";"13526";"0";7241;0;4760;2297;60
"SICILIA";"AGRIGENTO";"RACALMUTO";1;"Indennita' di contingenza";"8605";"0";4356;0;1742;2229;147
"SICILIA";"AGRIGENTO";"RAFFADALI";1;"Indennita' di contingenza";"11257";"0";7268;0;5043;1955;94
"SICILIA";"AGRIGENTO";"RAVANUSA";1;"Indennita' di contingenza";"12547";"0";6537;0;3793;2476;110
"SICILIA";"AGRIGENTO";"REALMONTE";1;"Indennita' di contingenza";"3994";"0";2170;0;1177;891;30
"SICILIA";"AGRIGENTO";"RIBERA";1;"Indennita' di contingenza";"17024";"0";10947;0;6008;4549;148
"SICILIA";"AGRIGENTO";"SAMBUCA DI SICILIA";1;"Indennita' di contingenza";"5899";"0";4437;0;3111;1229;42
"SICILIA";"AGRIGENTO";"SAN BIAGIO PLATANI";1;"Indennita' di contingenza";"5086";"0";2165;0;1073;956;73
"SICILIA";"AGRIGENTO";"SAN GIOVANNI GEMINI";1;"Indennita' di contingenza";"6313";"0";3702;0;1262;2110;172
"SICILIA";"AGRIGENTO";"SANTA ELISABETTA";1;"Indennita' di contingenza";"3477";"0";1679;0;758;826;44
"SICILIA";"AGRIGENTO";"SANTA MARGHERITA DI BELICE";1;"Indennita' di contingenza";"6387";"0";3980;0;2154;1556;88
"SICILIA";"AGRIGENTO";"SANT'ANGELO MUXARO";1;"Indennita' di contingenza";"2371";"0";937;0;254;645;27
"SICILIA";"AGRIGENTO";"SANTO STEFANO QUISQUINA";1;"Indennita' di contingenza";"4816";"0";3134;0;1708;1204;105
"SICILIA";"AGRIGENTO";"SCIACCA";1;"Indennita' di contingenza";"28595";"0";19704;0;9714;8853;480
"SICILIA";"AGRIGENTO";"SICULIANA";1;"Indennita' di contingenza";"5335";"0";2890;0;1588;1120;85
"SICILIA";"AGRIGENTO";"VILLAFRANCA SICULA";1;"Indennita' di contingenza";"1603";"0";1055;0;594;393;39
"SICILIA";"CALTANISSETTA";"ACQUAVIVA PLATANI";1;"Indennita' di contingenza";"2638";"0";952;0;171;692;46
"SICILIA";"CALTANISSETTA";"BOMPENSIERE";1;"Indennita' di contingenza";"991";"0";490;0;112;358;12
"SICILIA";"CALTANISSETTA";"BUTERA";1;"Indennita' di contingenza";"5424";"0";3592;0;1828;1643;52
"SICILIA";"CALTANISSETTA";"CALTANISSETTA";1;"Indennita' di contingenza";"50545";"0";35354;0;15523;18592;378
"SICILIA";"CALTANISSETTA";"CAMPOFRANCO";1;"Indennita' di contingenza";"3490";"0";2621;0;1520;977;65
"SICILIA";"CALTANISSETTA";"DELIA";1;"Indennita' di contingenza";"6623";"0";2656;0;1130;1406;70
"SICILIA";"CALTANISSETTA";"GELA";1;"Indennita' di contingenza";"52814";"0";30945;0;18343;11645;329
"SICILIA";"CALTANISSETTA";"MARIANOPOLI";1;"Indennita' di contingenza";"2554";"0";1533;0;352;997;88
"SICILIA";"CALTANISSETTA";"MAZZARINO";1;"Indennita' di contingenza";"11124";"0";8403;0;5065;2896;161
"SICILIA";"CALTANISSETTA";"MILENA";1;"Indennita' di contingenza";"3509";"0";2330;0;554;1657;51
"SICILIA";"CALTANISSETTA";"MONTEDORO";1;"Indennita' di contingenza";"2829";"0";1373;0;520;768;55
"SICILIA";"CALTANISSETTA";"MUSSOMELI";1;"Indennita' di contingenza";"10512";"0";6670;0;2596;3543;183
"SICILIA";"CALTANISSETTA";"NISCEMI";1;"Indennita' di contingenza";"20070";"0";13915;0;8628;4512;223
"SICILIA";"CALTANISSETTA";"RESUTTANO";1;"Indennita' di contingenza";"2820";"0";1817;0;967;755;46
"SICILIA";"CALTANISSETTA";"RIESI";1;"Indennita' di contingenza";"13070";"0";7221;0;4263;2571;158
"SICILIA";"CALTANISSETTA";"SAN CATALDO";1;"Indennita' di contingenza";"20473";"0";13417;0;6065;6555;208
"SICILIA";"CALTANISSETTA";"SANTA CATERINA VILLARMOSA";1;"Indennita' di contingenza";"7225";"0";3606;0;1392;2008;86
"SICILIA";"CALTANISSETTA";"SERRADIFALCO";1;"Indennita' di contingenza";"7454";"0";3975;0;2004;1814;71
"SICILIA";"CALTANISSETTA";"SOMMATINO";1;"Indennita' di contingenza";"9995";"0";4582;0;1938;2378;102
"SICILIA";"CALTANISSETTA";"SUTERA";1;"Indennita' di contingenza";"2811";"0";1498;0;486;936;30
"SICILIA";"CALTANISSETTA";"VALLELUNGA PRATAMENO";1;"Indennita' di contingenza";"3774";"0";2201;0;1017;1021;75
"SICILIA";"CALTANISSETTA";"VILLALBA";1;"Indennita' di contingenza";"2380";"0";1315;0;430;831;17
"SICILIA";"CATANIA";"ACI BONACCORSI";1;"Indennita' di contingenza";"1706";"0";1272;0;359;757;48
"SICILIA";"CATANIA";"ACI CASTELLO";1;"Indennita' di contingenza";"11177";"0";7751;0;2956;4390;135
"SICILIA";"CATANIA";"ACI CATENA";1;"Indennita' di contingenza";"10937";"0";7433;0;3421;3363;277
"SICILIA";"CATANIA";"ACIREALE";1;"Indennita' di contingenza";"36550";"0";25340;0;9185;14488;494
"SICILIA";"CATANIA";"ACI SANT'ANTONIO";1;"Indennita' di contingenza";"5660";"0";4314;0;1844;2014;128
"SICILIA";"CATANIA";"ADRANO";1;"Indennita' di contingenza";"26653";"0";15973;0;9311;5885;293
"SICILIA";"CATANIA";"BELPASSO";1;"Indennita' di contingenza";"11157";"0";8071;0;3815;3771;164
"SICILIA";"CATANIA";"BIANCAVILLA";1;"Indennita' di contingenza";"16767";"0";12127;0;8049;3485;189
"SICILIA";"CATANIA";"BRONTE";1;"Indennita' di contingenza";"15509";"0";8880;0;3719;4200;313
"SICILIA";"CATANIA";"CALATABIANO";1;"Indennita' di contingenza";"4624";"0";2966;0;1236;1477;95
"SICILIA";"CATANIA";"CALTAGIRONE";1;"Indennita' di contingenza";"28945";"0";20089;0;7703;11458;291
"SICILIA";"CATANIA";"CAMPOROTONDO ETNEO";1;"Indennita' di contingenza";"1048";"0";838;0;420;360;17
"SICILIA";"CATANIA";"CASTEL DI IUDICA";1;"Indennita' di contingenza";"3809";"0";2114;0;1197;785;26
"SICILIA";"CATANIA";"CASTIGLIONE DI SICILIA";1;"Indennita' di contingenza";"4655";"0";2683;0;1259;1206;75
"SICILIA";"CATANIA";"CATANIA";1;"Indennita' di contingenza";"288295";"0";190813;0;87740;95433;2332
"SICILIA";"CATANIA";"FIUMEFREDDO DI SICILIA";1;"Indennita' di contingenza";"6445";"0";4464;0;2336;1891;82
"SICILIA";"CATANIA";"GIARRE";1;"Indennita' di contingenza";"21583";"0";15372;0;6046;8358;298
"SICILIA";"CATANIA";"GRAMMICHELE";1;"Indennita' di contingenza";"11949";"0";6987;0;2905;3873;52
"SICILIA";"CATANIA";"GRAVINA DI CATANIA";1;"Indennita' di contingenza";"15480";"0";11168;0;5116;5661;147
"SICILIA";"CATANIA";"LICODIA EUBEA";1;"Indennita' di contingenza";"3221";"0";1640;0;920;643;27
"SICILIA";"CATANIA";"LINGUAGLOSSA";1;"Indennita' di contingenza";"4718";"0";3126;0;1309;1537;99
"SICILIA";"CATANIA";"MALETTO";1;"Indennita' di contingenza";"3633";"0";1811;0;652;1061;49
"SICILIA";"CATANIA";"MANIACE";1;"Indennita' di contingenza";"1850";"0";1347;0;953;272;33
"SICILIA";"CATANIA";"MASCALI";1;"Indennita' di contingenza";"6989";"0";4888;0;1977;2327;187
"SICILIA";"CATANIA";"MASCALUCIA";1;"Indennita' di contingenza";"9471";"0";6768;0;3383;3008;113
"SICILIA";"CATANIA";"MAZZARRONE";1;"Indennita' di contingenza";"2511";"0";1754;0;875;760;61
"SICILIA";"CATANIA";"MILITELLO IN VAL DI CATANIA";1;"Indennita' di contingenza";"7892";"0";4435;0;2695;1607;55
"SICILIA";"CATANIA";"MILO";1;"Indennita' di contingenza";"1088";"0";744;0;227;445;17
"SICILIA";"CATANIA";"MINEO";1;"Indennita' di contingenza";"6324";"0";3035;0;1512;1347;59
"SICILIA";"CATANIA";"MIRABELLA IMBACCARI";1;"Indennita' di contingenza";"6805";"0";2996;0;1409;1499;34
"SICILIA";"CATANIA";"MISTERBIANCO";1;"Indennita' di contingenza";"21813";"0";15770;0;9384;5699;229
"SICILIA";"CATANIA";"MOTTA SANT'ANASTASIA";1;"Indennita' di contingenza";"5327";"0";3878;0;2432;1204;85
"SICILIA";"CATANIA";"NICOLOSI";1;"Indennita' di contingenza";"3744";"0";2636;0;1088;1371;56
"SICILIA";"CATANIA";"PALAGONIA";1;"Indennita' di contingenza";"11832";"0";5275;0;3146;1957;54
"SICILIA";"CATANIA";"PATERNO'";1;"Indennita' di contingenza";"36910";"0";27991;0;15142;11319;459
"SICILIA";"CATANIA";"PEDARA";1;"Indennita' di contingenza";"4689";"0";3464;0;1511;1732;58
"SICILIA";"CATANIA";"PIEDIMONTE ETNEO";1;"Indennita' di contingenza";"3664";"0";2413;0;936;1228;116
"SICILIA";"CATANIA";"RADDUSA";1;"Indennita' di contingenza";"3025";"0";1743;0;992;660;39
"SICILIA";"CATANIA";"RAMACCA";1;"Indennita' di contingenza";"7250";"0";4073;0;2774;1208;35
"SICILIA";"CATANIA";"RANDAZZO";1;"Indennita' di contingenza";"9585";"0";5499;0;2731;2328;149
"SICILIA";"CATANIA";"RIPOSTO";1;"Indennita' di contingenza";"10951";"0";7132;0;2940;3795;139
"SICILIA";"CATANIA";"SAN CONO";1;"Indennita' di contingenza";"2672";"0";1629;0;800;762;27
"SICILIA";"CATANIA";"SAN GIOVANNI LA PUNTA";1;"Indennita' di contingenza";"10110";"0";7069;0;3091;3575;128
"SICILIA";"CATANIA";"SAN GREGORIO DI CATANIA";1;"Indennita' di contingenza";"5816";"0";4387;0;1813;2343;76
"SICILIA";"CATANIA";"SAN MICHELE DI GANZARIA";1;"Indennita' di contingenza";"3377";"0";2084;0;1010;1011;34
"SICILIA";"CATANIA";"SAN PIETRO CLARENZA";1;"Indennita' di contingenza";"1931";"0";1432;0;742;602;22
"SICILIA";"CATANIA";"SANT'AGATA LI BATTIATI";1;"Indennita' di contingenza";"6538";"0";4560;0;1830;2611;41
"SICILIA";"CATANIA";"SANT'ALFIO";1;"Indennita' di contingenza";"1440";"0";1054;0;268;672;36
"SICILIA";"CATANIA";"SANTA MARIA DI LICODIA";1;"Indennita' di contingenza";"5094";"0";4055;0;1980;1580;148
"SICILIA";"CATANIA";"SANTA VENERINA";1;"Indennita' di contingenza";"5254";"0";3985;0;1209;2342;134
"SICILIA";"CATANIA";"SCORDIA";1;"Indennita' di contingenza";"12193";"0";8558;0;5138;3134;110
"SICILIA";"CATANIA";"TRECASTAGNI";1;"Indennita' di contingenza";"4165";"0";3050;0;1157;1600;111
"SICILIA";"CATANIA";"TREMESTIERI ETNEO";1;"Indennita' di contingenza";"9556";"0";6986;0;2759;3958;77
"SICILIA";"CATANIA";"VALVERDE";1;"Indennita' di contingenza";"3232";"0";2401;0;1095;1171;48
"SICILIA";"CATANIA";"VIAGRANDE";1;"Indennita' di contingenza";"3667";"0";2392;0;843;1373;68
"SICILIA";"CATANIA";"VIZZINI";1;"Indennita' di contingenza";"7344";"0";3923;0;1951;1805;65
"SICILIA";"CATANIA";"ZAFFERANA ETNEA";1;"Indennita' di contingenza";"5420";"0";3820;0;1243;2116;119
"SICILIA";"ENNA";"AGIRA";1;"Indennita' di contingenza";"8717";"0";4902;0;2527;2113;74
"SICILIA";"ENNA";"AIDONE";1;"Indennita' di contingenza";"6339";"0";2548;0;1235;1164;48
"SICILIA";"ENNA";"ASSORO";1;"Indennita' di contingenza";"4499";"0";2979;0;1433;1351;90
"SICILIA";"ENNA";"BARRAFRANCA";1;"Indennita' di contingenza";"13101";"0";6687;0;4080;2237;127
"SICILIA";"ENNA";"CALASCIBETTA";1;"Indennita' di contingenza";"5875";"0";3006;0;1666;1181;57
"SICILIA";"ENNA";"CATENANUOVA";1;"Indennita' di contingenza";"3694";"0";2350;0;1068;1189;42
"SICILIA";"ENNA";"CENTURIPE";1;"Indennita' di contingenza";"5305";"0";3894;0;2281;1431;91
"SICILIA";"ENNA";"CERAMI";1;"Indennita' di contingenza";"2529";"0";1479;0;271;1057;28
"SICILIA";"ENNA";"ENNA";1;"Indennita' di contingenza";"25585";"0";16891;0;8200;7969;237
"SICILIA";"ENNA";"GAGLIANO CASTELFERRATO";1;"Indennita' di contingenza";"3419";"0";2053;0;835;1032;46
"SICILIA";"ENNA";"LEONFORTE";1;"Indennita' di contingenza";"12331";"0";8040;0;3915;3706;178
"SICILIA";"ENNA";"NICOSIA";1;"Indennita' di contingenza";"11833";"0";8332;0;3308;4183;316
"SICILIA";"ENNA";"NISSORIA";1;"Indennita' di contingenza";"2439";"0";1295;0;569;643;30
"SICILIA";"ENNA";"PIAZZA ARMERINA";1;"Indennita' di contingenza";"19273";"0";10059;0;4317;5262;140
"SICILIA";"ENNA";"PIETRAPERZIA";1;"Indennita' di contingenza";"8868";"0";4353;0;2269;1806;88
"SICILIA";"ENNA";"REGALBUTO";1;"Indennita' di contingenza";"6738";"0";4282;0;2459;1610;70
"SICILIA";"ENNA";"SPERLINGA";1;"Indennita' di contingenza";"983";"0";561;0;144;384;13
"SICILIA";"ENNA";"TROINA";1;"Indennita' di contingenza";"8498";"0";5953;0;3171;2435;117
"SICILIA";"ENNA";"VALGUARNERA CAROPEPE";1;"Indennita' di contingenza";"11361";"0";4212;0;2243;1796;81
"SICILIA";"ENNA";"VILLAROSA";1;"Indennita' di contingenza";"9498";"0";3321;0;1561;1643;45
"SICILIA";"MESSINA";"ACQUEDOLCI";1;"Indennita' di contingenza";"3621";"0";2257;0;892;1196;55
"SICILIA";"MESSINA";"ALCARA LI FUSI";1;"Indennita' di contingenza";"2311";"0";1547;0;595;869;45
"SICILIA";"MESSINA";"ALI'";1;"Indennita' di contingenza";"962";"0";640;0;158;390;11
"SICILIA";"MESSINA";"ALI' TERME";1;"Indennita' di contingenza";"1872";"0";1421;0;405;921;49
"SICILIA";"MESSINA";"ANTILLO";1;"Indennita' di contingenza";"1183";"0";836;0;417;346;17
"SICILIA";"MESSINA";"BARCELLONA POZZO DI GOTTO";1;"Indennita' di contingenza";"28177";"0";20824;0;8673;10250;854
"SICILIA";"MESSINA";"BASICO'";1;"Indennita' di contingenza";"810";"0";518;0;166;280;28
"SICILIA";"MESSINA";"BROLO";1;"Indennita' di contingenza";"3281";"0";2361;0;1181;1005;93
"SICILIA";"MESSINA";"CAPIZZI";1;"Indennita' di contingenza";"3119";"0";1608;0;933;511;39
"SICILIA";"MESSINA";"CAPO D'ORLANDO";1;"Indennita' di contingenza";"8479";"0";5558;0;2199;2954;196
"SICILIA";"MESSINA";"CAPRI LEONE";1;"Indennita' di contingenza";"2052";"0";1295;0;527;642;65
"SICILIA";"MESSINA";"CARONIA";1;"Indennita' di contingenza";"3424";"0";2249;0;1272;905;41
"SICILIA";"MESSINA";"CASALVECCHIO SICULO";1;"Indennita' di contingenza";"1455";"0";1014;0;290;632;30
"SICILIA";"MESSINA";"CASTEL DI LUCIO";1;"Indennita' di contingenza";"1398";"0";986;0;309;630;18
"SICILIA";"MESSINA";"CASTELL'UMBERTO";1;"Indennita' di contingenza";"2989";"0";2140;0;415;1606;51
"SICILIA";"MESSINA";"CASTELMOLA";1;"Indennita' di contingenza";"872";"0";594;0;232;316;22
"SICILIA";"MESSINA";"CASTROREALE";1;"Indennita' di contingenza";"2824";"0";2075;0;726;1095;96
"SICILIA";"MESSINA";"CESARO'";1;"Indennita' di contingenza";"2598";"0";1666;0;611;933;34
"SICILIA";"MESSINA";"CONDRO'";1;"Indennita' di contingenza";"577";"0";365;0;59;288;8
"SICILIA";"MESSINA";"FALCONE";1;"Indennita' di contingenza";"2419";"0";1409;0;620;687;58
"SICILIA";"MESSINA";"FICARRA";1;"Indennita' di contingenza";"1845";"0";1464;0;795;571;49
"SICILIA";"MESSINA";"FIUMEDINISI";1;"Indennita' di contingenza";"1602";"0";1086;0;468;515;56
"SICILIA";"MESSINA";"FLORESTA";1;"Indennita' di contingenza";"766";"0";459;0;129;303;8
"SICILIA";"MESSINA";"FONDACHELLI-FANTINA";1;"Indennita' di contingenza";"1545";"0";1126;0;240;755;47
"SICILIA";"MESSINA";"FORZA D'AGRO'";1;"Indennita' di contingenza";"897";"0";516;0;187;287;16
"SICILIA";"MESSINA";"FRANCAVILLA DI SICILIA";1;"Indennita' di contingenza";"4138";"0";2710;0;986;1519;71
"SICILIA";"MESSINA";"FRAZZANO'";1;"Indennita' di contingenza";"999";"0";562;0;191;278;50
"SICILIA";"MESSINA";"FURCI SICULO";1;"Indennita' di contingenza";"2521";"0";1820;0;669;941;45
"SICILIA";"MESSINA";"FURNARI";1;"Indennita' di contingenza";"2980";"0";1780;0;938;709;51
"SICILIA";"MESSINA";"GAGGI";1;"Indennita' di contingenza";"1552";"0";915;0;464;393;32
"SICILIA";"MESSINA";"GALATI MAMERTINO";1;"Indennita' di contingenza";"2743";"0";1909;0;746;1017;51
"SICILIA";"MESSINA";"GALLODORO";1;"Indennita' di contingenza";"446";"0";247;0;79;141;5
"SICILIA";"MESSINA";"GIARDINI NAXOS";1;"Indennita' di contingenza";"6214";"0";3930;0;1782;1918;73
"SICILIA";"MESSINA";"GIOIOSA MAREA";1;"Indennita' di contingenza";"5352";"0";2987;0;1339;1387;119
"SICILIA";"MESSINA";"GRANITI";1;"Indennita' di contingenza";"1457";"0";931;0;268;610;26
"SICILIA";"MESSINA";"GUALTIERI SICAMINO'";1;"Indennita' di contingenza";"2098";"0";1443;0;368;922;70
"SICILIA";"MESSINA";"ITALA";1;"Indennita' di contingenza";"1435";"0";1000;0;519;423;21
"SICILIA";"MESSINA";"LENI";1;"Indennita' di contingenza";"576";"0";309;0;93;192;14
"SICILIA";"MESSINA";"LETOJANNI";1;"Indennita' di contingenza";"1907";"0";1328;0;658;540;32
"SICILIA";"MESSINA";"LIBRIZZI";1;"Indennita' di contingenza";"2062";"0";1218;0;681;385;53
"SICILIA";"MESSINA";"LIMINA";1;"Indennita' di contingenza";"1122";"0";727;0;240;472;9
"SICILIA";"MESSINA";"LIPARI";1;"Indennita' di contingenza";"8340";"0";4464;0;2089;2157;106
"SICILIA";"MESSINA";"LONGI";1;"Indennita' di contingenza";"1559";"0";1024;0;310;629;48
"SICILIA";"MESSINA";"MALFA";1;"Indennita' di contingenza";"632";"0";285;0;86;185;11
"SICILIA";"MESSINA";"MALVAGNA";1;"Indennita' di contingenza";"1195";"0";732;0;366;299;26
"SICILIA";"MESSINA";"MANDANICI";1;"Indennita' di contingenza";"792";"0";485;0;163;273;16
"SICILIA";"MESSINA";"MAZZARRA' SANT'ANDREA";1;"Indennita' di contingenza";"1646";"0";1114;0;429;550;63
"SICILIA";"MESSINA";"MERI'";1;"Indennita' di contingenza";"1526";"0";1104;0;555;449;46
"SICILIA";"MESSINA";"MESSINA";1;"Indennita' di contingenza";"197093";"0";129641;0;51017;73050;1910
"SICILIA";"MESSINA";"MILAZZO";1;"Indennita' di contingenza";"23137";"0";15699;0;7935;6991;341
"SICILIA";"MESSINA";"MILITELLO ROSMARINO";1;"Indennita' di contingenza";"1533";"0";838;0;354;436;14
"SICILIA";"MESSINA";"MIRTO";1;"Indennita' di contingenza";"1264";"0";810;0;376;402;17
"SICILIA";"MESSINA";"MISTRETTA";1;"Indennita' di contingenza";"5113";"0";3584;0;1518;1833;89
"SICILIA";"MESSINA";"MOIO ALCANTARA";1;"Indennita' di contingenza";"755";"0";427;0;203;184;12
"SICILIA";"MESSINA";"MONFORTE SAN GIORGIO";1;"Indennita' di contingenza";"2921";"0";1888;0;554;1222;54
"SICILIA";"MESSINA";"MONGIUFFI MELIA";1;"Indennita' di contingenza";"889";"0";564;0;239;256;40
"SICILIA";"MESSINA";"MONTAGNAREALE";1;"Indennita' di contingenza";"1699";"0";1123;0;443;595;31
"SICILIA";"MESSINA";"MONTALBANO ELICONA";1;"Indennita' di contingenza";"3060";"0";2066;0;450;1394;65
"SICILIA";"MESSINA";"MOTTA CAMASTRA";1;"Indennita' di contingenza";"871";"0";548;0;111;380;25
"SICILIA";"MESSINA";"MOTTA D'AFFERMO";1;"Indennita' di contingenza";"974";"0";718;0;267;378;27
"SICILIA";"MESSINA";"NASO";1;"Indennita' di contingenza";"4382";"0";2845;0;1441;1189;99
"SICILIA";"MESSINA";"NIZZA DI SICILIA";1;"Indennita' di contingenza";"2660";"0";1931;0;953;857;47
"SICILIA";"MESSINA";"NOVARA DI SICILIA";1;"Indennita' di contingenza";"2435";"0";1351;0;596;650;42
"SICILIA";"MESSINA";"OLIVERI";1;"Indennita' di contingenza";"1555";"0";871;0;236;569;33
"SICILIA";"MESSINA";"PACE DEL MELA";1;"Indennita' di contingenza";"3785";"0";2773;0;1376;1262;72
"SICILIA";"MESSINA";"PAGLIARA";1;"Indennita' di contingenza";"1374";"0";932;0;286;543;23
"SICILIA";"MESSINA";"PATTI";1;"Indennita' di contingenza";"10043";"0";6798;0;2755;3570;182
"SICILIA";"MESSINA";"PETTINEO";1;"Indennita' di contingenza";"1328";"0";950;0;231;658;23
"SICILIA";"MESSINA";"PIRAINO";1;"Indennita' di contingenza";"3256";"0";2178;0;1019;988;66
"SICILIA";"MESSINA";"RACCUJA";1;"Indennita' di contingenza";"1677";"0";1115;0;611;442;27
"SICILIA";"MESSINA";"REITANO";1;"Indennita' di contingenza";"922";"0";668;0;376;224;26
"SICILIA";"MESSINA";"ROCCAFIORITA";1;"Indennita' di contingenza";"250";"0";171;0;120;46;0
"SICILIA";"MESSINA";"ROCCALUMERA";1;"Indennita' di contingenza";"3267";"0";2280;0;667;1430;82
"SICILIA";"MESSINA";"ROCCAVALDINA";1;"Indennita' di contingenza";"1060";"0";844;0;338;449;18
"SICILIA";"MESSINA";"ROCCELLA VALDEMONE";1;"Indennita' di contingenza";"976";"0";577;0;291;239;21
"SICILIA";"MESSINA";"RODI' MILICI";1;"Indennita' di contingenza";"2132";"0";1421;0;446;824;54
"SICILIA";"MESSINA";"ROMETTA";1;"Indennita' di contingenza";"4087";"0";2968;0;1217;1442;145
"SICILIA";"MESSINA";"SAN FILIPPO DEL MELA";1;"Indennita' di contingenza";"4418";"0";3419;0;2046;1116;96
"SICILIA";"MESSINA";"SAN FRATELLO";1;"Indennita' di contingenza";"4412";"0";1970;0;416;1489;32
"SICILIA";"MESSINA";"SAN MARCO D'ALUNZIO";1;"Indennita' di contingenza";"1957";"0";1461;0;478;849;78
"SICILIA";"MESSINA";"SAN PIER NICETO";1;"Indennita' di contingenza";"2970";"0";1820;0;578;1138;51
"SICILIA";"MESSINA";"SAN PIERO PATTI";1;"Indennita' di contingenza";"3699";"0";2504;0;890;1347;119
"SICILIA";"MESSINA";"SAN SALVATORE DI FITALIA";1;"Indennita' di contingenza";"2018";"0";1121;0;483;582;15
"SICILIA";"MESSINA";"SANTA DOMENICA VITTORIA";1;"Indennita' di contingenza";"1044";"0";653;0;303;307;10
"SICILIA";"MESSINA";"SANT'AGATA DI MILITELLO";1;"Indennita' di contingenza";"9687";"0";5970;0;2742;3014;78
"SICILIA";"MESSINA";"SANT'ALESSIO SICULO";1;"Indennita' di contingenza";"1120";"0";709;0;272;381;27
"SICILIA";"MESSINA";"SANTA LUCIA DEL MELA";1;"Indennita' di contingenza";"4385";"0";3131;0;1621;1142;157
"SICILIA";"MESSINA";"SANTA MARINA SALINA";1;"Indennita' di contingenza";"667";"0";360;0;198;137;13
"SICILIA";"MESSINA";"SANT'ANGELO DI BROLO";1;"Indennita' di contingenza";"4031";"0";2702;0;1608;948;63
"SICILIA";"MESSINA";"SANTA TERESA DI RIVA";1;"Indennita' di contingenza";"6419";"0";4174;0;1594;2191;150
"SICILIA";"MESSINA";"SAN TEODORO";1;"Indennita' di contingenza";"1362";"0";1066;0;419;580;34
"SICILIA";"MESSINA";"SANTO STEFANO DI CAMASTRA";1;"Indennita' di contingenza";"4376";"0";2357;0;752;1450;70
"SICILIA";"MESSINA";"SAPONARA";1;"Indennita' di contingenza";"3228";"0";2562;0;1039;1264;117
"SICILIA";"MESSINA";"SAVOCA";1;"Indennita' di contingenza";"1241";"0";892;0;339;417;46
"SICILIA";"MESSINA";"SCALETTA ZANGLEA";1;"Indennita' di contingenza";"2164";"0";1619;0;857;654;51
"SICILIA";"MESSINA";"SINAGRA";1;"Indennita' di contingenza";"2502";"0";1910;0;1058;730;71
"SICILIA";"MESSINA";"SPADAFORA";1;"Indennita' di contingenza";"4020";"0";2761;0;1183;1416;87
"SICILIA";"MESSINA";"TAORMINA";1;"Indennita' di contingenza";"7817";"0";5033;0;1989;2657;101
"SICILIA";"MESSINA";"TERME VIGLIATORE";1;"Indennita' di contingenza";"4357";"0";3175;0;1161;1689;126
"SICILIA";"MESSINA";"TORREGROTTA";1;"Indennita' di contingenza";"3919";"0";2776;0;1223;1330;108
"SICILIA";"MESSINA";"TORRENOVA";1;"Indennita' di contingenza";"2220";"0";1423;0;659;697;28
"SICILIA";"MESSINA";"TORTORICI";1;"Indennita' di contingenza";"6968";"0";3758;0;2348;1245;50
"SICILIA";"MESSINA";"TRIPI";1;"Indennita' di contingenza";"1305";"0";797;0;331;373;27
"SICILIA";"MESSINA";"TUSA";1;"Indennita' di contingenza";"3303";"0";2334;0;1151;1101;38
"SICILIA";"MESSINA";"UCRIA";1;"Indennita' di contingenza";"1694";"0";1152;0;636;449;42
"SICILIA";"MESSINA";"VALDINA";1;"Indennita' di contingenza";"1076";"0";837;0;433;346;27
"SICILIA";"MESSINA";"VENETICO";1;"Indennita' di contingenza";"2483";"0";1610;0;653;855;47
"SICILIA";"MESSINA";"VILLAFRANCA TIRRENA";1;"Indennita' di contingenza";"5171";"0";3900;0;1785;1826;118
"SICILIA";"PALERMO";"ALIA";1;"Indennita' di contingenza";"4392";"0";2549;0;905;1423;67
"SICILIA";"PALERMO";"ALIMENA";1;"Indennita' di contingenza";"2941";"0";1729;0;628;951;59
"SICILIA";"PALERMO";"ALIMINUSA";1;"Indennita' di contingenza";"1231";"0";780;0;371;371;17
"SICILIA";"PALERMO";"ALTAVILLA MILICIA";1;"Indennita' di contingenza";"4086";"0";2242;0;778;1295;90
"SICILIA";"PALERMO";"ALTOFONTE";1;"Indennita' di contingenza";"5243";"0";3499;0;1782;1531;74
"SICILIA";"PALERMO";"BAGHERIA";1;"Indennita' di contingenza";"33046";"0";21337;0;9304;10453;643
"SICILIA";"PALERMO";"BALESTRATE";1;"Indennita' di contingenza";"5148";"0";2258;0;876;1275;21
"SICILIA";"PALERMO";"BAUCINA";1;"Indennita' di contingenza";"2012";"0";1037;0;210;730;35
"SICILIA";"PALERMO";"BELMONTE MEZZAGNO";1;"Indennita' di contingenza";"5957";"0";4300;0;2364;1515;147
"SICILIA";"PALERMO";"BISACQUINO";1;"Indennita' di contingenza";"5546";"0";2778;0;659;1914;115
"SICILIA";"PALERMO";"BLUFI";1;"Indennita' di contingenza";"1419";"0";929;0;318;540;29
"SICILIA";"PALERMO";"BOLOGNETTA";1;"Indennita' di contingenza";"1918";"0";1454;0;607;682;63
"SICILIA";"PALERMO";"BOMPIETRO";1;"Indennita' di contingenza";"2085";"0";1399;0;350;945;52
"SICILIA";"PALERMO";"BORGETTO";1;"Indennita' di contingenza";"5598";"0";2327;0;734;1407;81
"SICILIA";"PALERMO";"CACCAMO";1;"Indennita' di contingenza";"7639";"0";5150;0;1383;3201;160
"SICILIA";"PALERMO";"CALTAVUTURO";1;"Indennita' di contingenza";"4171";"0";2702;0;1180;1265;100
"SICILIA";"PALERMO";"CAMPOFELICE DI FITALIA";1;"Indennita' di contingenza";"711";"0";340;0;164;162;6
"SICILIA";"PALERMO";"CAMPOFELICE DI ROCCELLA";1;"Indennita' di contingenza";"3818";"0";2728;0;1511;1075;56
"SICILIA";"PALERMO";"CAMPOFIORITO";1;"Indennita' di contingenza";"1504";"0";938;0;421;488;12
"SICILIA";"PALERMO";"CAMPOREALE";1;"Indennita' di contingenza";"3721";"0";2188;0;959;1000;77
"SICILIA";"PALERMO";"CAPACI";1;"Indennita' di contingenza";"6531";"0";2934;0;1140;1699;36
"SICILIA";"PALERMO";"CARINI";1;"Indennita' di contingenza";"15351";"0";5705;0;2048;3431;99
"SICILIA";"PALERMO";"CASTELBUONO";1;"Indennita' di contingenza";"7750";"0";5407;0;2158;2963;92
"SICILIA";"PALERMO";"CASTELDACCIA";1;"Indennita' di contingenza";"5743";"0";3706;0;1240;2261;95
"SICILIA";"PALERMO";"CASTELLANA SICULA";1;"Indennita' di contingenza";"3637";"0";2710;0;989;1516;63
"SICILIA";"PALERMO";"CASTRONOVO DI SICILIA";1;"Indennita' di contingenza";"3134";"0";2221;0;755;1211;132
"SICILIA";"PALERMO";"CEFALA' DIANA";1;"Indennita' di contingenza";"851";"0";572;0;141;374;14
"SICILIA";"PALERMO";"CEFALU'";1;"Indennita' di contingenza";"11376";"0";7797;0;2918;4394;182
"SICILIA";"PALERMO";"CERDA";1;"Indennita' di contingenza";"4172";"0";2693;0;1511;1023;55
"SICILIA";"PALERMO";"CHIUSA SCLAFANI";1;"Indennita' di contingenza";"3636";"0";2141;0;698;1258;63
"SICILIA";"PALERMO";"CIMINNA";1;"Indennita' di contingenza";"4631";"0";2084;0;641;1297;65
"SICILIA";"PALERMO";"CINISI";1;"Indennita' di contingenza";"6899";"0";2749;0;1274;1375;26
"SICILIA";"PALERMO";"COLLESANO";1;"Indennita' di contingenza";"3955";"0";2830;0;1330;1355;43
"SICILIA";"PALERMO";"CONTESSA ENTELLINA";1;"Indennita' di contingenza";"1925";"0";1138;0;289;743;48
"SICILIA";"PALERMO";"CORLEONE";1;"Indennita' di contingenza";"9654";"0";6070;0;2719;2872;197
"SICILIA";"PALERMO";"FICARAZZI";1;"Indennita' di contingenza";"5123";"0";3324;0;1588;1593;56
"SICILIA";"PALERMO";"GANGI";1;"Indennita' di contingenza";"6914";"0";4032;0;1077;2463;234
"SICILIA";"PALERMO";"GERACI SICULO";1;"Indennita' di contingenza";"1990";"0";1361;0;369;836;61
"SICILIA";"PALERMO";"GIARDINELLO";1;"Indennita' di contingenza";"1191";"0";621;0;177;425;6
"SICILIA";"PALERMO";"GIULIANA";1;"Indennita' di contingenza";"2296";"0";1430;0;455;839;68
"SICILIA";"PALERMO";"GODRANO";1;"Indennita' di contingenza";"825";"0";457;0;204;222;11
"SICILIA";"PALERMO";"GRATTERI";1;"Indennita' di contingenza";"1173";"0";728;0;342;353;11
"SICILIA";"PALERMO";"ISNELLO";1;"Indennita' di contingenza";"2065";"0";1341;0;400;829;48
"SICILIA";"PALERMO";"ISOLA DELLE FEMMINE";1;"Indennita' di contingenza";"2839";"0";1488;0;555;855;34
"SICILIA";"PALERMO";"LASCARI";1;"Indennita' di contingenza";"2284";"0";1578;0;599;861;43
"SICILIA";"PALERMO";"LERCARA FRIDDI";1;"Indennita' di contingenza";"9742";"0";4343;0;1842;2181;142
"SICILIA";"PALERMO";"MARINEO";1;"Indennita' di contingenza";"5707";"0";3211;0;1104;1852;92
"SICILIA";"PALERMO";"MEZZOJUSO";1;"Indennita' di contingenza";"2665";"0";1830;0;662;1031;30
"SICILIA";"PALERMO";"MISILMERI";1;"Indennita' di contingenza";"12680";"0";8923;0;3998;4291;290
"SICILIA";"PALERMO";"MONREALE";1;"Indennita' di contingenza";"19349";"0";10145;0;3908;5784;155
"SICILIA";"PALERMO";"MONTELEPRE";1;"Indennita' di contingenza";"4518";"0";2904;0;1213;1555;62
"SICILIA";"PALERMO";"MONTEMAGGIORE BELSITO";1;"Indennita' di contingenza";"3856";"0";2075;0;773;1204;29
"SICILIA";"PALERMO";"PALAZZO ADRIANO";1;"Indennita' di contingenza";"2308";"0";1715;0;595;969;65
"SICILIA";"PALERMO";"PALERMO";1;"Indennita' di contingenza";"524965";"0";307068;0;120333;175508;2989
"SICILIA";"PALERMO";"PARTINICO";1;"Indennita' di contingenza";"22596";"0";11528;0;3898;7066;236
"SICILIA";"PALERMO";"PETRALIA SOPRANA";1;"Indennita' di contingenza";"3460";"0";2544;0;1126;1123;126
"SICILIA";"PALERMO";"PETRALIA SOTTANA";1;"Indennita' di contingenza";"3442";"0";2507;0;1247;1102;67
"SICILIA";"PALERMO";"PIANA DEGLI ALBANESI";1;"Indennita' di contingenza";"5148";"0";3783;0;2427;1216;37
"SICILIA";"PALERMO";"POLIZZI GENEROSA";1;"Indennita' di contingenza";"4220";"0";2810;0;1270;1289;76
"SICILIA";"PALERMO";"POLLINA";1;"Indennita' di contingenza";"2533";"0";1833;0;620;1128;36
"SICILIA";"PALERMO";"PRIZZI";1;"Indennita' di contingenza";"5416";"0";3793;0;1760;1729;110
"SICILIA";"PALERMO";"ROCCAMENA";1;"Indennita' di contingenza";"2015";"0";1130;0;451;591;34
"SICILIA";"PALERMO";"ROCCAPALUMBA";1;"Indennita' di contingenza";"2781";"0";1727;0;819;838;22
"SICILIA";"PALERMO";"SAN CIPIRELLO";1;"Indennita' di contingenza";"4041";"0";2646;0;1511;999;48
"SICILIA";"PALERMO";"SAN GIUSEPPE JATO";1;"Indennita' di contingenza";"7417";"0";4188;0;2346;1638;89
"SICILIA";"PALERMO";"SAN MAURO CASTELVERDE";1;"Indennita' di contingenza";"2460";"0";137;0;20;103;2
"SICILIA";"PALERMO";"SANTA CRISTINA GELA";1;"Indennita' di contingenza";"732";"0";393;0;112;246;16
"SICILIA";"PALERMO";"SANTA FLAVIA";1;"Indennita' di contingenza";"6508";"0";4190;0;1178;2633;135
"SICILIA";"PALERMO";"SCIARA";1;"Indennita' di contingenza";"2461";"0";1379;0;636;683;21
"SICILIA";"PALERMO";"SCILLATO";1;"Indennita' di contingenza";"662";"0";398;0;144;237;3
"SICILIA";"PALERMO";"SCLAFANI BAGNI";1;"Indennita' di contingenza";"540";"0";379;0;120;212;16
"SICILIA";"PALERMO";"TERMINI IMERESE";1;"Indennita' di contingenza";"20059";"0";13192;0;6439;6212;205
"SICILIA";"PALERMO";"TERRASINI";1;"Indennita' di contingenza";"7566";"0";3006;0;1135;1779;48
"SICILIA";"PALERMO";"TORRETTA";1;"Indennita' di contingenza";"3187";"0";1232;0;268;898;20
"SICILIA";"PALERMO";"TRABIA";1;"Indennita' di contingenza";"5833";"0";3797;0;1841;1735;113
"SICILIA";"PALERMO";"TRAPPETO";1;"Indennita' di contingenza";"2423";"0";887;0;329;528;5
"SICILIA";"PALERMO";"USTICA";1;"Indennita' di contingenza";"970";"0";544;0;172;330;24
"SICILIA";"PALERMO";"VALLEDOLMO";1;"Indennita' di contingenza";"4351";"0";2437;0;844;1364;72
"SICILIA";"PALERMO";"VENTIMIGLIA DI SICILIA";1;"Indennita' di contingenza";"2353";"0";1187;0;251;869;31
"SICILIA";"PALERMO";"VICARI";1;"Indennita' di contingenza";"2966";"0";1748;0;665;977;46
"SICILIA";"PALERMO";"VILLABATE";1;"Indennita' di contingenza";"9152";"0";5621;0;2698;2663;102
"SICILIA";"PALERMO";"VILLAFRATI";1;"Indennita' di contingenza";"2571";"0";1934;0;904;954;29
"SICILIA";"RAGUSA";"ACATE";1;"Indennita' di contingenza";"5161";"0";3615;0;1677;1691;128
"SICILIA";"RAGUSA";"CHIARAMONTE GULFI";1;"Indennita' di contingenza";"6456";"0";4645;0;1699;2606;105
"SICILIA";"RAGUSA";"COMISO";1;"Indennita' di contingenza";"21717";"0";15458;0;8691;6115;232
"SICILIA";"RAGUSA";"GIARRATANA";1;"Indennita' di contingenza";"2904";"0";2328;0;1279;918;71
"SICILIA";"RAGUSA";"ISPICA";1;"Indennita' di contingenza";"10663";"0";8279;0;4009;3826;121
"SICILIA";"RAGUSA";"MODICA";1;"Indennita' di contingenza";"36389";"0";30579;0;13218;15557;647
"SICILIA";"RAGUSA";"MONTEROSSO ALMO";1;"Indennita' di contingenza";"3020";"0";2313;0;1075;1141;46
"SICILIA";"RAGUSA";"POZZALLO";1;"Indennita' di contingenza";"11715";"0";8448;0;3137;4966;127
"SICILIA";"RAGUSA";"RAGUSA";1;"Indennita' di contingenza";"51958";"0";41120;0;18362;20856;680
"SICILIA";"RAGUSA";"SANTA CROCE CAMERINA";1;"Indennita' di contingenza";"5793";"0";4351;0;1991;2165;80
"SICILIA";"RAGUSA";"SCICLI";1;"Indennita' di contingenza";"19040";"0";15841;0;8559;6228;319
"SICILIA";"RAGUSA";"VITTORIA";1;"Indennita' di contingenza";"39190";"0";27527;0;15070;11328;465
"SICILIA";"SIRACUSA";"AUGUSTA";1;"Indennita' di contingenza";"26301";"0";18483;0;10013;7815;179
"SICILIA";"SIRACUSA";"AVOLA";1;"Indennita' di contingenza";"22975";"0";17242;0;9431;6899;340
"SICILIA";"SIRACUSA";"BUCCHERI";1;"Indennita' di contingenza";"2543";"0";1696;0;748;882;31
"SICILIA";"SIRACUSA";"BUSCEMI";1;"Indennita' di contingenza";"1203";"0";765;0;268;420;23
"SICILIA";"SIRACUSA";"CANICATTINI BAGNI";1;"Indennita' di contingenza";"7087";"0";4023;0;1178;2686;61
"SICILIA";"SIRACUSA";"CARLENTINI";1;"Indennita' di contingenza";"11351";"0";8567;0;5558;2725;82
"SICILIA";"SIRACUSA";"CASSARO";1;"Indennita' di contingenza";"984";"0";644;0;393;218;22
"SICILIA";"SIRACUSA";"FERLA";1;"Indennita' di contingenza";"2447";"0";1734;0;981;615;57
"SICILIA";"SIRACUSA";"FLORIDIA";1;"Indennita' di contingenza";"14791";"0";9727;0;4968;4538;75
"SICILIA";"SIRACUSA";"FRANCOFONTE";1;"Indennita' di contingenza";"12114";"0";8668;0;4735;3554;142
"SICILIA";"SIRACUSA";"LENTINI";1;"Indennita' di contingenza";"24149";"0";17340;0;11437;5380;157
"SICILIA";"SIRACUSA";"MELILLI";1;"Indennita' di contingenza";"8251";"0";5276;0;3458;1655;53
"SICILIA";"SIRACUSA";"NOTO";1;"Indennita' di contingenza";"16535";"0";10979;0;5181;5333;149
"SICILIA";"SIRACUSA";"PACHINO";1;"Indennita' di contingenza";"20982";"0";11194;0;5340;5319;165
"SICILIA";"SIRACUSA";"PALAZZOLO ACREIDE";1;"Indennita' di contingenza";"8092";"0";5294;0;2066;2951;99
"SICILIA";"SIRACUSA";"PORTOPALO DI CAPO PASSERO";1;"Indennita' di contingenza";"2315";"0";1351;0;376;873;36
"SICILIA";"SIRACUSA";"PRIOLO GARGALLO";1;"Indennita' di contingenza";"8512";"0";5888;0;3858;1893;49
"SICILIA";"SIRACUSA";"ROSOLINI";1;"Indennita' di contingenza";"15065";"0";9075;0;4765;3882;115
"SICILIA";"SIRACUSA";"SIRACUSA";1;"Indennita' di contingenza";"88403";"0";59552;0;28909;28968;520
"SICILIA";"SIRACUSA";"SOLARINO";1;"Indennita' di contingenza";"6051";"0";3496;0;1523;1871;25
"SICILIA";"SIRACUSA";"SORTINO";1;"Indennita' di contingenza";"7864";"0";5715;0;3531;1987;68
"SICILIA";"TRAPANI";"ALCAMO";1;"Indennita' di contingenza";"33981";"0";25154;0;9603;13762;696
"SICILIA";"TRAPANI";"BUSETO PALIZZOLO";1;"Indennita' di contingenza";"2775";"0";1987;0;652;1107;107
"SICILIA";"TRAPANI";"CALATAFIMI";1;"Indennita' di contingenza";"6885";"0";4388;0;1540;2468;140
"SICILIA";"TRAPANI";"CAMPOBELLO DI MAZARA";1;"Indennita' di contingenza";"11077";"0";6247;0;3679;2339;85
"SICILIA";"TRAPANI";"CASTELLAMMARE DEL GOLFO";1;"Indennita' di contingenza";"12116";"0";7163;0;3561;3147;182
"SICILIA";"TRAPANI";"CASTELVETRANO";1;"Indennita' di contingenza";"24033";"0";14355;0;7936;5918;156
"SICILIA";"TRAPANI";"CUSTONACI";1;"Indennita' di contingenza";"3660";"0";2337;0;1199;941;81
"SICILIA";"TRAPANI";"ERICE";1;"Indennita' di contingenza";"19922";"0";13107;0;4915;7570;222
"SICILIA";"TRAPANI";"FAVIGNANA";1;"Indennita' di contingenza";"3647";"0";2011;0;657;1164;66
"SICILIA";"TRAPANI";"GIBELLINA";1;"Indennita' di contingenza";"4188";"0";2586;0;931;1477;70
"SICILIA";"TRAPANI";"MARSALA";1;"Indennita' di contingenza";"61399";"0";43600;0;21255;19524;1059
"SICILIA";"TRAPANI";"MAZARA DEL VALLO";1;"Indennita' di contingenza";"33729";"0";17106;0;9557;6636;433
"SICILIA";"TRAPANI";"PACECO";1;"Indennita' di contingenza";"8903";"0";6171;0;3074;2761;146
"SICILIA";"TRAPANI";"PANTELLERIA";1;"Indennita' di contingenza";"6333";"0";2999;0;1290;1452;124
"SICILIA";"TRAPANI";"PARTANNA";1;"Indennita' di contingenza";"9946";"0";7054;0;4178;2555;152
"SICILIA";"TRAPANI";"PETROSINO";1;"Indennita' di contingenza";"5513";"0";4140;0;1567;2115;145
"SICILIA";"TRAPANI";"POGGIOREALE";1;"Indennita' di contingenza";"1754";"0";945;0;289;612;22
"SICILIA";"TRAPANI";"SALAPARUTA";1;"Indennita' di contingenza";"1734";"0";1094;0;299;704;28
"SICILIA";"TRAPANI";"SALEMI";1;"Indennita' di contingenza";"11287";"0";6316;0;2423;3366;149
"SICILIA";"TRAPANI";"SANTA NINFA";1;"Indennita' di contingenza";"4574";"0";3123;0;1853;1135;40
"SICILIA";"TRAPANI";"SAN VITO LO CAPO";1;"Indennita' di contingenza";"3210";"0";1630;0;703;811;49
"SICILIA";"TRAPANI";"TRAPANI";1;"Indennita' di contingenza";"54314";"0";35377;0;13778;19928;629
"SICILIA";"TRAPANI";"VALDERICE";1;"Indennita' di contingenza";"8295";"0";6244;0;2954;2978;133
"SICILIA";"TRAPANI";"VITA";1;"Indennita' di contingenza";"2621";"0";1510;0;457;954;28
"SARDEGNA";"CAGLIARI";"ARBUS";1;"Indennita' di contingenza";"5705";"0";4668;0;2857;1713;29
"SARDEGNA";"CAGLIARI";"ARMUNGIA";1;"Indennita' di contingenza";"680";"0";471;0;286;145;7
"SARDEGNA";"CAGLIARI";"ASSEMINI";1;"Indennita' di contingenza";"12038";"0";9488;0;5730;3523;81
"SARDEGNA";"CAGLIARI";"BALLAO";1;"Indennita' di contingenza";"1081";"0";732;0;430;280;9
"SARDEGNA";"CAGLIARI";"BARRALI";1;"Indennita' di contingenza";"680";"0";494;0;286;190;8
"SARDEGNA";"CAGLIARI";"BARUMINI";1;"Indennita' di contingenza";"1146";"0";963;0;420;514;14
"SARDEGNA";"CAGLIARI";"BUGGERRU";1;"Indennita' di contingenza";"964";"0";739;0;390;320;12
"SARDEGNA";"CAGLIARI";"BURCEI";1;"Indennita' di contingenza";"2028";"0";1112;0;655;408;36
"SARDEGNA";"CAGLIARI";"CAGLIARI";1;"Indennita' di contingenza";"167269";"0";126394;0;56907;66893;854
"SARDEGNA";"CAGLIARI";"CALASETTA";1;"Indennita' di contingenza";"2087";"0";1550;0;652;859;18
"SARDEGNA";"CAGLIARI";"CAPOTERRA";1;"Indennita' di contingenza";"9183";"0";6034;0;3795;2129;37
"SARDEGNA";"CAGLIARI";"CARBONIA";1;"Indennita' di contingenza";"25380";"0";18532;0;12327;5917;88
"SARDEGNA";"CAGLIARI";"CARLOFORTE";1;"Indennita' di contingenza";"5246";"0";3389;0;1412;1884;43
"SARDEGNA";"CAGLIARI";"COLLINAS";1;"Indennita' di contingenza";"881";"0";731;0;362;342;9
"SARDEGNA";"CAGLIARI";"DECIMOMANNU";1;"Indennita' di contingenza";"3955";"0";3149;0;1730;1350;34
"SARDEGNA";"CAGLIARI";"DECIMOPUTZU";1;"Indennita' di contingenza";"2747";"0";1984;0;1201;713;29
"SARDEGNA";"CAGLIARI";"DOLIANOVA";1;"Indennita' di contingenza";"5739";"0";4245;0;2349;1773;64
"SARDEGNA";"CAGLIARI";"DOMUS DE MARIA";1;"Indennita' di contingenza";"1109";"0";858;0;543;295;9
"SARDEGNA";"CAGLIARI";"DOMUSNOVAS";1;"Indennita' di contingenza";"4738";"0";3789;0;2289;1428;18
"SARDEGNA";"CAGLIARI";"DONORI";1;"Indennita' di contingenza";"1475";"0";1216;0;645;535;18
"SARDEGNA";"CAGLIARI";"FLUMINIMAGGIORE";1;"Indennita' di contingenza";"2592";"0";1949;0;1165;748;21
"SARDEGNA";"CAGLIARI";"FURTEI";1;"Indennita' di contingenza";"1382";"0";1052;0;556;459;16
"SARDEGNA";"CAGLIARI";"GENURI";1;"Indennita' di contingenza";"403";"0";302;0;153;127;9
"SARDEGNA";"CAGLIARI";"GESICO";1;"Indennita' di contingenza";"874";"0";603;0;278;299;9
"SARDEGNA";"CAGLIARI";"GESTURI";1;"Indennita' di contingenza";"1169";"0";909;0;473;386;20
"SARDEGNA";"CAGLIARI";"GIBA";1;"Indennita' di contingenza";"2502";"0";1878;0;1094;725;16
"SARDEGNA";"CAGLIARI";"GONI";1;"Indennita' di contingenza";"433";"0";314;0;254;53;5
"SARDEGNA";"CAGLIARI";"GONNESA";1;"Indennita' di contingenza";"3992";"0";3191;0;2112;1025;25
"SARDEGNA";"CAGLIARI";"GONNOSFANADIGA";1;"Indennita' di contingenza";"5516";"0";4492;0;2663;1706;54
"SARDEGNA";"CAGLIARI";"GUAMAGGIORE";1;"Indennita' di contingenza";"802";"0";684;0;322;335;17
"SARDEGNA";"CAGLIARI";"GUASILA";1;"Indennita' di contingenza";"2320";"0";1781;0;798;884;41
"SARDEGNA";"CAGLIARI";"GUSPINI";1;"Indennita' di contingenza";"9864";"0";8360;0;5739;2428;73
"SARDEGNA";"CAGLIARI";"IGLESIAS";1;"Indennita' di contingenza";"21643";"0";17113;0;8759;8043;84
"SARDEGNA";"CAGLIARI";"LAS PLASSAS";1;"Indennita' di contingenza";"254";"0";187;0;119;65;0
"SARDEGNA";"CAGLIARI";"LUNAMATRONA";1;"Indennita' di contingenza";"1427";"0";1200;0;555;617;12
"SARDEGNA";"CAGLIARI";"MANDAS";1;"Indennita' di contingenza";"2082";"0";1596;0;902;636;32
"SARDEGNA";"CAGLIARI";"MARACALAGONIS";1;"Indennita' di contingenza";"3612";"0";2679;0;1725;896;34
"SARDEGNA";"CAGLIARI";"MASAINAS";1;"Indennita' di contingenza";"1251";"0";1061;0;553;479;10
"SARDEGNA";"CAGLIARI";"MONASTIR";1;"Indennita' di contingenza";"3049";"0";2426;0;1334;1015;34
"SARDEGNA";"CAGLIARI";"MURAVERA";1;"Indennita' di contingenza";"3872";"0";2726;0;1476;1154;42
"SARDEGNA";"CAGLIARI";"MUSEI";1;"Indennita' di contingenza";"1013";"0";775;0;518;242;5
"SARDEGNA";"CAGLIARI";"NARCAO";1;"Indennita' di contingenza";"2429";"0";1886;0;1207;643;20
"SARDEGNA";"CAGLIARI";"NURAMINIS";1;"Indennita' di contingenza";"2335";"0";1858;0;1017;776;33
"SARDEGNA";"CAGLIARI";"NUXIS";1;"Indennita' di contingenza";"1392";"0";1000;0;615;360;10
"SARDEGNA";"CAGLIARI";"ORTACESUS";1;"Indennita' di contingenza";"669";"0";520;0;343;162;3
"SARDEGNA";"CAGLIARI";"PABILLONIS";1;"Indennita' di contingenza";"2126";"0";1661;0;1000;615;20
"SARDEGNA";"CAGLIARI";"PAULI ARBAREI";1;"Indennita' di contingenza";"552";"0";415;0;245;142;14
"SARDEGNA";"CAGLIARI";"PERDAXIUS";1;"Indennita' di contingenza";"1108";"0";795;0;479;291;12
"SARDEGNA";"CAGLIARI";"PIMENTEL";1;"Indennita' di contingenza";"907";"0";688;0;260;388;17
"SARDEGNA";"CAGLIARI";"PORTOSCUSO";1;"Indennita' di contingenza";"4104";"0";3222;0;2017;1168;14
"SARDEGNA";"CAGLIARI";"PULA";1;"Indennita' di contingenza";"4110";"0";2796;0;1623;1070;39
"SARDEGNA";"CAGLIARI";"QUARTUCCIU";1;"Indennita' di contingenza";"6441";"0";4829;0;2458;2262;44
"SARDEGNA";"CAGLIARI";"QUARTU SANT'ELENA";1;"Indennita' di contingenza";"33836";"0";24913;0;12700;11656;197
"SARDEGNA";"CAGLIARI";"SAMASSI";1;"Indennita' di contingenza";"4086";"0";3209;0;2004;1142;29
"SARDEGNA";"CAGLIARI";"SAMATZAI";1;"Indennita' di contingenza";"1288";"0";1083;0;740;321;8
"SARDEGNA";"CAGLIARI";"SAN BASILIO";1;"Indennita' di contingenza";"1013";"0";753;0;444;286;8
"SARDEGNA";"CAGLIARI";"SAN GAVINO MONREALE";1;"Indennita' di contingenza";"7082";"0";5828;0;3406;2276;58
"SARDEGNA";"CAGLIARI";"SAN GIOVANNI SUERGIU";1;"Indennita' di contingenza";"4197";"0";3333;0;2024;1228;33
"SARDEGNA";"CAGLIARI";"SANLURI";1;"Indennita' di contingenza";"6330";"0";4966;0;2550;2290;68
"SARDEGNA";"CAGLIARI";"SAN NICOLO' GERREI";1;"Indennita' di contingenza";"899";"0";663;0;305;314;18
"SARDEGNA";"CAGLIARI";"SAN SPERATE";1;"Indennita' di contingenza";"4340";"0";3502;0;1999;1393;44
"SARDEGNA";"CAGLIARI";"SANTADI";1;"Indennita' di contingenza";"3124";"0";2144;0;1359;747;16
"SARDEGNA";"CAGLIARI";"SANT'ANDREA FRIUS";1;"Indennita' di contingenza";"1398";"0";1168;0;687;460;8
"SARDEGNA";"CAGLIARI";"SANT'ANNA ARRESI";1;"Indennita' di contingenza";"1789";"0";1312;0;768;516;12
"SARDEGNA";"CAGLIARI";"SANT'ANTIOCO";1;"Indennita' di contingenza";"9296";"0";6332;0;3126;3006;69
"SARDEGNA";"CAGLIARI";"SAN VITO";1;"Indennita' di contingenza";"3512";"0";2557;0;1652;769;51
"SARDEGNA";"CAGLIARI";"SARDARA";1;"Indennita' di contingenza";"3333";"0";2732;0;1675;963;44
"SARDEGNA";"CAGLIARI";"SARROCH";1;"Indennita' di contingenza";"3470";"0";2788;0;1824;920;24
"SARDEGNA";"CAGLIARI";"SEGARIU";1;"Indennita' di contingenza";"1055";"0";813;0;512;277;5
"SARDEGNA";"CAGLIARI";"SELARGIUS";1;"Indennita' di contingenza";"13514";"0";10511;0;5634;4649;80
"SARDEGNA";"CAGLIARI";"SELEGAS";1;"Indennita' di contingenza";"1140";"0";953;0;528;376;14
"SARDEGNA";"CAGLIARI";"SENORBI'";1;"Indennita' di contingenza";"3056";"0";2304;0;1030;1196;40
"SARDEGNA";"CAGLIARI";"SERDIANA";1;"Indennita' di contingenza";"1469";"0";1099;0;610;467;14
"SARDEGNA";"CAGLIARI";"SERRAMANNA";1;"Indennita' di contingenza";"7060";"0";5961;0;3662;2175;40
"SARDEGNA";"CAGLIARI";"SERRENTI";1;"Indennita' di contingenza";"3806";"0";3317;0;2015;1226;36
"SARDEGNA";"CAGLIARI";"SESTU";1;"Indennita' di contingenza";"7498";"0";6016;0;3364;2469;76
"SARDEGNA";"CAGLIARI";"SETTIMO SAN PIETRO";1;"Indennita' di contingenza";"3360";"0";2849;0;1875;923;23
"SARDEGNA";"CAGLIARI";"SETZU";1;"Indennita' di contingenza";"166";"0";138;0;56;75;3
"SARDEGNA";"CAGLIARI";"SIDDI";1;"Indennita' di contingenza";"719";"0";579;0;301;265;3
"SARDEGNA";"CAGLIARI";"SILIQUA";1;"Indennita' di contingenza";"3095";"0";2269;0;1469;749;25
"SARDEGNA";"CAGLIARI";"SILIUS";1;"Indennita' di contingenza";"1019";"0";705;0;390;296;10
"SARDEGNA";"CAGLIARI";"SINNAI";1;"Indennita' di contingenza";"8230";"0";6674;0;4247;2245;68
"SARDEGNA";"CAGLIARI";"SIURGUS DONIGALA";1;"Indennita' di contingenza";"1644";"0";1290;0;775;480;16
"SARDEGNA";"CAGLIARI";"SOLEMINIS";1;"Indennita' di contingenza";"838";"0";741;0;438;279;10
"SARDEGNA";"CAGLIARI";"SUELLI";1;"Indennita' di contingenza";"871";"0";648;0;402;223;9
"SARDEGNA";"CAGLIARI";"TEULADA";1;"Indennita' di contingenza";"3839";"0";2955;0;1908;956;28
"SARDEGNA";"CAGLIARI";"TRATALIAS";1;"Indennita' di contingenza";"876";"0";640;0;424;195;6
"SARDEGNA";"CAGLIARI";"TUILI";1;"Indennita' di contingenza";"1065";"0";804;0;421;357;10
"SARDEGNA";"CAGLIARI";"TURRI";1;"Indennita' di contingenza";"514";"0";405;0;212;185;2
"SARDEGNA";"CAGLIARI";"USSANA";1;"Indennita' di contingenza";"2394";"0";1982;0;1257;672;25
"SARDEGNA";"CAGLIARI";"USSARAMANNA";1;"Indennita' di contingenza";"562";"0";420;0;179;222;7
"SARDEGNA";"CAGLIARI";"UTA";1;"Indennita' di contingenza";"4160";"0";2817;0;1717;1033;19
"SARDEGNA";"CAGLIARI";"VALLERMOSA";1;"Indennita' di contingenza";"1649";"0";1232;0;679;524;12
"SARDEGNA";"CAGLIARI";"VILLACIDRO";1;"Indennita' di contingenza";"10170";"0";8226;0;5229;2790;79
"SARDEGNA";"CAGLIARI";"VILLAMAR";1;"Indennita' di contingenza";"2351";"0";1806;0;957;803;23
"SARDEGNA";"CAGLIARI";"VILLAMASSARGIA";1;"Indennita' di contingenza";"2594";"0";2086;0;1341;709;11
"SARDEGNA";"CAGLIARI";"VILLANOVAFORRU";1;"Indennita' di contingenza";"628";"0";508;0;190;254;45
"SARDEGNA";"CAGLIARI";"VILLANOVAFRANCA";1;"Indennita' di contingenza";"1335";"0";1037;0;644;375;8
"SARDEGNA";"CAGLIARI";"VILLAPERUCCIO";1;"Indennita' di contingenza";"819";"0";572;0;334;230;4
"SARDEGNA";"CAGLIARI";"VILLAPUTZU";1;"Indennita' di contingenza";"3962";"0";3014;0;1750;1130;36
"SARDEGNA";"CAGLIARI";"VILLASALTO";1;"Indennita' di contingenza";"1466";"0";1045;0;544;474;10
"SARDEGNA";"CAGLIARI";"VILLA SAN PIETRO";1;"Indennita' di contingenza";"873";"0";681;0;368;290;13
"SARDEGNA";"CAGLIARI";"VILLASIMIUS";1;"Indennita' di contingenza";"1807";"0";1460;0;968;443;19
"SARDEGNA";"CAGLIARI";"VILLASOR";1;"Indennita' di contingenza";"5126";"0";4393;0;2592;1690;48
"SARDEGNA";"CAGLIARI";"VILLASPECIOSA";1;"Indennita' di contingenza";"1145";"0";880;0;516;325;17
"SARDEGNA";"NUORO";"ARITZO";1;"Indennita' di contingenza";"1440";"0";1041;0;632;396;6
"SARDEGNA";"NUORO";"ARZANA";1;"Indennita' di contingenza";"2387";"0";1247;0;741;492;10
"SARDEGNA";"NUORO";"ATZARA";1;"Indennita' di contingenza";"1095";"0";884;0;514;345;12
"SARDEGNA";"NUORO";"AUSTIS";1;"Indennita' di contingenza";"878";"0";516;0;390;124;1
"SARDEGNA";"NUORO";"BARI SARDO";1;"Indennita' di contingenza";"2851";"0";1977;0;894;1013;32
"SARDEGNA";"NUORO";"BAUNEI";1;"Indennita' di contingenza";"3208";"0";2345;0;981;1309;29
"SARDEGNA";"NUORO";"BELVI'";1;"Indennita' di contingenza";"615";"0";479;0;230;240;2
"SARDEGNA";"NUORO";"BIRORI";1;"Indennita' di contingenza";"413";"0";329;0;212;115;0
"SARDEGNA";"NUORO";"BITTI";1;"Indennita' di contingenza";"3507";"0";2018;0;1032;924;17
"SARDEGNA";"NUORO";"BOLOTANA";1;"Indennita' di contingenza";"3044";"0";2073;0;1273;756;15
"SARDEGNA";"NUORO";"BORORE";1;"Indennita' di contingenza";"2001";"0";1412;0;695;684;18
"SARDEGNA";"NUORO";"BORTIGALI";1;"Indennita' di contingenza";"1568";"0";1069;0;460;574;11
"SARDEGNA";"NUORO";"BOSA";1;"Indennita' di contingenza";"6341";"0";4298;0;2207;1995;40
"SARDEGNA";"NUORO";"BUDONI";1;"Indennita' di contingenza";"2416";"0";1711;0;823;848;18
"SARDEGNA";"NUORO";"CARDEDU";1;"Indennita' di contingenza";"809";"0";605;0;316;268;8
"SARDEGNA";"NUORO";"DESULO";1;"Indennita' di contingenza";"2683";"0";1647;0;723;885;12
"SARDEGNA";"NUORO";"DORGALI";1;"Indennita' di contingenza";"6090";"0";4462;0;2048;2298;39
"SARDEGNA";"NUORO";"DUALCHI";1;"Indennita' di contingenza";"673";"0";479;0;249;217;5
"SARDEGNA";"NUORO";"ELINI";1;"Indennita' di contingenza";"389";"0";274;0;115;149;2
"SARDEGNA";"NUORO";"ESCALAPLANO";1;"Indennita' di contingenza";"2339";"0";1593;0;970;589;10
"SARDEGNA";"NUORO";"ESCOLCA";1;"Indennita' di contingenza";"613";"0";467;0;214;232;11
"SARDEGNA";"NUORO";"ESTERZILI";1;"Indennita' di contingenza";"876";"0";639;0;358;266;4
"SARDEGNA";"NUORO";"FLUSSIO";1;"Indennita' di contingenza";"478";"0";332;0;178;150;1
"SARDEGNA";"NUORO";"FONNI";1;"Indennita' di contingenza";"3674";"0";2437;0;1015;1373;10
"SARDEGNA";"NUORO";"GADONI";1;"Indennita' di contingenza";"1071";"0";662;0;416;235;3
"SARDEGNA";"NUORO";"GAIRO";1;"Indennita' di contingenza";"1496";"0";1062;0;656;377;11
"SARDEGNA";"NUORO";"GALTELLI'";1;"Indennita' di contingenza";"1678";"0";1167;0;627;501;13
"SARDEGNA";"NUORO";"GAVOI";1;"Indennita' di contingenza";"2675";"0";2010;0;1140;843;8
"SARDEGNA";"NUORO";"GENONI";1;"Indennita' di contingenza";"920";"0";710;0;197;490;2
"SARDEGNA";"NUORO";"GERGEI";1;"Indennita' di contingenza";"1359";"0";1120;0;617;466;13
"SARDEGNA";"NUORO";"GIRASOLE";1;"Indennita' di contingenza";"436";"0";285;0;184;90;3
"SARDEGNA";"NUORO";"ILBONO";1;"Indennita' di contingenza";"1861";"0";1220;0;524;645;19
"SARDEGNA";"NUORO";"IRGOLI";1;"Indennita' di contingenza";"1592";"0";1174;0;710;432;7
"SARDEGNA";"NUORO";"ISILI";1;"Indennita' di contingenza";"2322";"0";1895;0;877;969;15
"SARDEGNA";"NUORO";"JERZU";1;"Indennita' di contingenza";"2843";"0";2021;0;1090;882;16
"SARDEGNA";"NUORO";"LACONI";1;"Indennita' di contingenza";"1962";"0";1643;0;859;751;12
"SARDEGNA";"NUORO";"LANUSEI";1;"Indennita' di contingenza";"4604";"0";2918;0;1416;1434;21
"SARDEGNA";"NUORO";"LEI";1;"Indennita' di contingenza";"563";"0";407;0;243;155;5
"SARDEGNA";"NUORO";"LOCERI";1;"Indennita' di contingenza";"1265";"0";730;0;368;333;9
"SARDEGNA";"NUORO";"LOCULI";1;"Indennita' di contingenza";"416";"0";237;0;129;99;1
"SARDEGNA";"NUORO";"LODE'";1;"Indennita' di contingenza";"2443";"0";1366;0;826;468;20
"SARDEGNA";"NUORO";"LOTZORAI";1;"Indennita' di contingenza";"1331";"0";908;0;528;352;11
"SARDEGNA";"NUORO";"LULA";1;"Indennita' di contingenza";"1588";"0";887;0;587;286;7
"SARDEGNA";"NUORO";"MACOMER";1;"Indennita' di contingenza";"8197";"0";6301;0;3569;2616;32
"SARDEGNA";"NUORO";"MAGOMADAS";1;"Indennita' di contingenza";"493";"0";377;0;141;228;2
"SARDEGNA";"NUORO";"MAMOIADA";1;"Indennita' di contingenza";"2019";"0";1531;0;988;500;17
"SARDEGNA";"NUORO";"MEANA SARDO";1;"Indennita' di contingenza";"1819";"0";1414;0;544;849;10
"SARDEGNA";"NUORO";"MODOLO";1;"Indennita' di contingenza";"233";"0";168;0;84;76;3
"SARDEGNA";"NUORO";"MONTRESTA";1;"Indennita' di contingenza";"814";"0";523;0;247;257;9
"SARDEGNA";"NUORO";"NORAGUGUME";1;"Indennita' di contingenza";"373";"0";216;0;123;86;4
"SARDEGNA";"NUORO";"NUORO";1;"Indennita' di contingenza";"26525";"0";19967;0;11259;8342;106
"SARDEGNA";"NUORO";"NURAGUS";1;"Indennita' di contingenza";"866";"0";663;0;294;351;4
"SARDEGNA";"NUORO";"NURALLAO";1;"Indennita' di contingenza";"1086";"0";927;0;425;490;6
"SARDEGNA";"NUORO";"NURRI";1;"Indennita' di contingenza";"2294";"0";1551;0;948;547;30
"SARDEGNA";"NUORO";"OLIENA";1;"Indennita' di contingenza";"5615";"0";3980;0;2192;1704;23
"SARDEGNA";"NUORO";"OLLOLAI";1;"Indennita' di contingenza";"1481";"0";1006;0;627;364;7
"SARDEGNA";"NUORO";"OLZAI";1;"Indennita' di contingenza";"1123";"0";778;0;387;375;7
"SARDEGNA";"NUORO";"ONANI'";1;"Indennita' di contingenza";"500";"0";297;0;184;106;3
"SARDEGNA";"NUORO";"ONIFAI";1;"Indennita' di contingenza";"645";"0";432;0;179;222;5
"SARDEGNA";"NUORO";"ONIFERI";1;"Indennita' di contingenza";"795";"0";613;0;368;237;3
"SARDEGNA";"NUORO";"ORANI";1;"Indennita' di contingenza";"2669";"0";1899;0;1212;651;11
"SARDEGNA";"NUORO";"ORGOSOLO";1;"Indennita' di contingenza";"3581";"0";2589;0;1925;626;8
"SARDEGNA";"NUORO";"OROSEI";1;"Indennita' di contingenza";"3622";"0";2777;0;1427;1242;20
"SARDEGNA";"NUORO";"OROTELLI";1;"Indennita' di contingenza";"2222";"0";1377;0;901;439;11
"SARDEGNA";"NUORO";"ORROLI";1;"Indennita' di contingenza";"2275";"0";1705;0;802;822;21
"SARDEGNA";"NUORO";"ORTUERI";1;"Indennita' di contingenza";"1465";"0";888;0;354;517;6
"SARDEGNA";"NUORO";"ORUNE";1;"Indennita' di contingenza";"2842";"0";1276;0;748;493;9
"SARDEGNA";"NUORO";"OSIDDA";1;"Indennita' di contingenza";"282";"0";173;0;80;86;5
"SARDEGNA";"NUORO";"OSINI";1;"Indennita' di contingenza";"1161";"0";659;0;383;257;11
"SARDEGNA";"NUORO";"OTTANA";1;"Indennita' di contingenza";"1907";"0";1100;0;747;324;8
"SARDEGNA";"NUORO";"OVODDA";1;"Indennita' di contingenza";"1373";"0";864;0;576;259;3
"SARDEGNA";"NUORO";"PERDASDEFOGU";1;"Indennita' di contingenza";"1907";"0";1506;0;653;796;9
"SARDEGNA";"NUORO";"POSADA";1;"Indennita' di contingenza";"1316";"0";928;0;546;364;6
"SARDEGNA";"NUORO";"SADALI";1;"Indennita' di contingenza";"914";"0";657;0;428;215;2
"SARDEGNA";"NUORO";"SAGAMA";1;"Indennita' di contingenza";"274";"0";155;0;91;56;2
"SARDEGNA";"NUORO";"SAN TEODORO";1;"Indennita' di contingenza";"1640";"0";1091;0;551;513;14
"SARDEGNA";"NUORO";"SARULE";1;"Indennita' di contingenza";"1750";"0";1180;0;648;503;12
"SARDEGNA";"NUORO";"SERRI";1;"Indennita' di contingenza";"677";"0";480;0;217;239;12
"SARDEGNA";"NUORO";"SEUI";1;"Indennita' di contingenza";"1671";"0";1075;0;667;376;7
"SARDEGNA";"NUORO";"SEULO";1;"Indennita' di contingenza";"1006";"0";719;0;328;373;8
"SARDEGNA";"NUORO";"SILANUS";1;"Indennita' di contingenza";"2033";"0";1429;0;723;673;10
"SARDEGNA";"NUORO";"SINDIA";1;"Indennita' di contingenza";"2135";"0";1224;0;713;486;11
"SARDEGNA";"NUORO";"SINISCOLA";1;"Indennita' di contingenza";"6861";"0";4652;0;2652;1838;47
"SARDEGNA";"NUORO";"SORGONO";1;"Indennita' di contingenza";"1622";"0";1307;0;769;519;6
"SARDEGNA";"NUORO";"SUNI";1;"Indennita' di contingenza";"1324";"0";786;0;352;413;6
"SARDEGNA";"NUORO";"TALANA";1;"Indennita' di contingenza";"986";"0";589;0;288;276;3
"SARDEGNA";"NUORO";"TERTENIA";1;"Indennita' di contingenza";"2741";"0";1838;0;1036;734;26
"SARDEGNA";"NUORO";"TETI";1;"Indennita' di contingenza";"709";"0";527;0;310;209;5
"SARDEGNA";"NUORO";"TIANA";1;"Indennita' di contingenza";"576";"0";433;0;215;207;4
"SARDEGNA";"NUORO";"TINNURA";1;"Indennita' di contingenza";"205";"0";162;0;73;88;1
"SARDEGNA";"NUORO";"TONARA";1;"Indennita' di contingenza";"1995";"0";1539;0;886;608;8
"SARDEGNA";"NUORO";"TORPE'";1;"Indennita' di contingenza";"2059";"0";1361;0;869;474;11
"SARDEGNA";"NUORO";"TORTOLI'";1;"Indennita' di contingenza";"5739";"0";4034;0;2191;1762;28
"SARDEGNA";"NUORO";"TRIEI";1;"Indennita' di contingenza";"959";"0";683;0;335;323;5
"SARDEGNA";"NUORO";"ULASSAI";1;"Indennita' di contingenza";"1576";"0";1063;0;692;344;11
"SARDEGNA";"NUORO";"URZULEI";1;"Indennita' di contingenza";"1222";"0";912;0;382;512;5
"SARDEGNA";"NUORO";"USSASSAI";1;"Indennita' di contingenza";"782";"0";544;0;231;287;7
"SARDEGNA";"NUORO";"VILLAGRANDE STRISAILI";1;"Indennita' di contingenza";"2912";"0";2033;0;979;980;21
"SARDEGNA";"NUORO";"VILLANOVA TULO";1;"Indennita' di contingenza";"1023";"0";672;0;399;244;11
"SARDEGNA";"SASSARI";"AGGIUS";1;"Indennita' di contingenza";"1407";"0";1137;0;491;618;9
"SARDEGNA";"SASSARI";"AGLIENTU";1;"Indennita' di contingenza";"857";"0";635;0;257;317;22
"SARDEGNA";"SASSARI";"ALA' DEI SARDI";1;"Indennita' di contingenza";"1690";"0";740;0;347;373;5
"SARDEGNA";"SASSARI";"ALGHERO";1;"Indennita' di contingenza";"29425";"0";20415;0;10371;9529;210
"SARDEGNA";"SASSARI";"ANELA";1;"Indennita' di contingenza";"867";"0";581;0;313;257;5
"SARDEGNA";"SASSARI";"ARDARA";1;"Indennita' di contingenza";"601";"0";438;0;261;166;6
"SARDEGNA";"SASSARI";"ARZACHENA";1;"Indennita' di contingenza";"6068";"0";4376;0;2132;2134;41
"SARDEGNA";"SASSARI";"BADESI";1;"Indennita' di contingenza";"1395";"0";1085;0;505;553;13
"SARDEGNA";"SASSARI";"BANARI";1;"Indennita' di contingenza";"756";"0";581;0;253;315;4
"SARDEGNA";"SASSARI";"BENETUTTI";1;"Indennita' di contingenza";"1922";"0";1245;0;590;609;17
"SARDEGNA";"SASSARI";"BERCHIDDA";1;"Indennita' di contingenza";"2698";"0";2122;0;771;1287;35
"SARDEGNA";"SASSARI";"BESSUDE";1;"Indennita' di contingenza";"458";"0";317;0;109;193;4
"SARDEGNA";"SASSARI";"BONNANARO";1;"Indennita' di contingenza";"1011";"0";728;0;414;282;16
"SARDEGNA";"SASSARI";"BONO";1;"Indennita' di contingenza";"3065";"0";2040;0;1096;886;25
"SARDEGNA";"SASSARI";"BONORVA";1;"Indennita' di contingenza";"3866";"0";2846;0;1514;1265;20
"SARDEGNA";"SASSARI";"BORTIGIADAS";1;"Indennita' di contingenza";"922";"0";622;0;295;305;13
"SARDEGNA";"SASSARI";"BORUTTA";1;"Indennita' di contingenza";"382";"0";288;0;131;153;3
"SARDEGNA";"SASSARI";"BOTTIDDA";1;"Indennita' di contingenza";"745";"0";499;0;253;240;2
"SARDEGNA";"SASSARI";"BUDDUSO'";1;"Indennita' di contingenza";"4707";"0";3308;0;1367;1766;64
"SARDEGNA";"SASSARI";"BULTEI";1;"Indennita' di contingenza";"1277";"0";843;0;416;403;9
"SARDEGNA";"SASSARI";"BULZI";1;"Indennita' di contingenza";"592";"0";492;0;210;266;9
"SARDEGNA";"SASSARI";"BURGOS";1;"Indennita' di contingenza";"977";"0";622;0;372;232;5
"SARDEGNA";"SASSARI";"CALANGIANUS";1;"Indennita' di contingenza";"3459";"0";2610;0;826;1691;34
"SARDEGNA";"SASSARI";"CARGEGHE";1;"Indennita' di contingenza";"517";"0";387;0;206;175;1
"SARDEGNA";"SASSARI";"CASTELSARDO";1;"Indennita' di contingenza";"4053";"0";2707;0;1313;1309;25
"SARDEGNA";"SASSARI";"CHEREMULE";1;"Indennita' di contingenza";"502";"0";355;0;120;217;5
"SARDEGNA";"SASSARI";"CHIARAMONTI";1;"Indennita' di contingenza";"2014";"0";1250;0;729;467;20
"SARDEGNA";"SASSARI";"CODRONGIANOS";1;"Indennita' di contingenza";"1001";"0";730;0;432;287;5
"SARDEGNA";"SASSARI";"COSSOINE";1;"Indennita' di contingenza";"954";"0";679;0;421;245;6
"SARDEGNA";"SASSARI";"ESPORLATU";1;"Indennita' di contingenza";"486";"0";281;0;177;94;3
"SARDEGNA";"SASSARI";"FLORINAS";1;"Indennita' di contingenza";"1341";"0";950;0;457;466;17
"SARDEGNA";"SASSARI";"GIAVE";1;"Indennita' di contingenza";"692";"0";479;0;191;260;7
"SARDEGNA";"SASSARI";"GOLFO ARANCI";1;"Indennita' di contingenza";"1370";"0";997;0;465;488;21
"SARDEGNA";"SASSARI";"ILLORAI";1;"Indennita' di contingenza";"1200";"0";714;0;373;332;5
"SARDEGNA";"SASSARI";"ITTIREDDU";1;"Indennita' di contingenza";"617";"0";397;0;212;174;5
"SARDEGNA";"SASSARI";"ITTIRI";1;"Indennita' di contingenza";"7047";"0";5668;0;3620;1846;81
"SARDEGNA";"SASSARI";"LAERRU";1;"Indennita' di contingenza";"982";"0";672;0;341;321;3
"SARDEGNA";"SASSARI";"LA MADDALENA";1;"Indennita' di contingenza";"8976";"0";6543;0;3433;2976;58
"SARDEGNA";"SASSARI";"LOIRI PORTO SAN PAOLO";1;"Indennita' di contingenza";"1434";"0";1054;0;538;479;18
"SARDEGNA";"SASSARI";"LUOGOSANTO";1;"Indennita' di contingenza";"1533";"0";1163;0;420;703;19
"SARDEGNA";"SASSARI";"LURAS";1;"Indennita' di contingenza";"2079";"0";1473;0;594;779;55
"SARDEGNA";"SASSARI";"MARA";1;"Indennita' di contingenza";"760";"0";514;0;303;204;4
"SARDEGNA";"SASSARI";"MARTIS";1;"Indennita' di contingenza";"673";"0";431;0;245;177;7
"SARDEGNA";"SASSARI";"MONTELEONE ROCCA DORIA";1;"Indennita' di contingenza";"147";"0";109;0;56;51;1
"SARDEGNA";"SASSARI";"MONTI";1;"Indennita' di contingenza";"1994";"0";1613;0;702;890;10
"SARDEGNA";"SASSARI";"MORES";1;"Indennita' di contingenza";"1802";"0";1355;0;740;581;12
"SARDEGNA";"SASSARI";"MUROS";1;"Indennita' di contingenza";"540";"0";411;0;256;151;1
"SARDEGNA";"SASSARI";"NUGHEDU DI SAN NICOLO'";1;"Indennita' di contingenza";"1025";"0";776;0;356;396;8
"SARDEGNA";"SASSARI";"NULE";1;"Indennita' di contingenza";"1379";"0";916;0;223;672;11
"SARDEGNA";"SASSARI";"NULVI";1;"Indennita' di contingenza";"2723";"0";1861;0;1090;744;10
"SARDEGNA";"SASSARI";"OLBIA";1;"Indennita' di contingenza";"23958";"0";15733;0;7425;7927;139
"SARDEGNA";"SASSARI";"OLMEDO";1;"Indennita' di contingenza";"1742";"0";1366;0;851;497;10
"SARDEGNA";"SASSARI";"OSCHIRI";1;"Indennita' di contingenza";"3159";"0";2378;0;1230;1107;24
"SARDEGNA";"SASSARI";"OSILO";1;"Indennita' di contingenza";"3225";"0";2458;0;1235;1170;25
"SARDEGNA";"SASSARI";"OSSI";1;"Indennita' di contingenza";"3955";"0";2874;0;1598;1200;17
"SARDEGNA";"SASSARI";"OZIERI";1;"Indennita' di contingenza";"8536";"0";6607;0;3550;2924;47
"SARDEGNA";"SASSARI";"PADRIA";1;"Indennita' di contingenza";"941";"0";642;0;288;341;3
"SARDEGNA";"SASSARI";"PALAU";1;"Indennita' di contingenza";"1864";"0";1335;0;627;668;22
"SARDEGNA";"SASSARI";"PATTADA";1;"Indennita' di contingenza";"3134";"0";2181;0;1173;959;18
"SARDEGNA";"SASSARI";"PERFUGAS";1;"Indennita' di contingenza";"2475";"0";1926;0;897;945;37
"SARDEGNA";"SASSARI";"PLOAGHE";1;"Indennita' di contingenza";"3656";"0";2587;0;1522;1014;22
"SARDEGNA";"SASSARI";"PORTO TORRES";1;"Indennita' di contingenza";"14204";"0";10579;0;6311;4012;81
"SARDEGNA";"SASSARI";"POZZOMAGGIORE";1;"Indennita' di contingenza";"3075";"0";2094;0;1006;1045;13
"SARDEGNA";"SASSARI";"PUTIFIGARI";1;"Indennita' di contingenza";"513";"0";427;0;207;213;4
"SARDEGNA";"SASSARI";"ROMANA";1;"Indennita' di contingenza";"567";"0";404;0;225;172;2
"SARDEGNA";"SASSARI";"SANT'ANTONIO DI GALLURA";1;"Indennita' di contingenza";"1193";"0";974;0;336;588;23
"SARDEGNA";"SASSARI";"SANTA MARIA COGHINAS";1;"Indennita' di contingenza";"1109";"0";845;0;399;408;13
"SARDEGNA";"SASSARI";"SANTA TERESA GALLURA";1;"Indennita' di contingenza";"3109";"0";2223;0;1008;1146;34
"SARDEGNA";"SASSARI";"SASSARI";1;"Indennita' di contingenza";"89383";"0";64664;0;35101;28016;424
"SARDEGNA";"SASSARI";"SEDINI";1;"Indennita' di contingenza";"1238";"0";1022;0;606;393;12
"SARDEGNA";"SASSARI";"SEMESTENE";1;"Indennita' di contingenza";"306";"0";182;0;120;56;2
"SARDEGNA";"SASSARI";"SENNORI";1;"Indennita' di contingenza";"4993";"0";3935;0;2368;1451;37
"SARDEGNA";"SASSARI";"SILIGO";1;"Indennita' di contingenza";"1039";"0";679;0;312;353;8
"SARDEGNA";"SASSARI";"SORSO";1;"Indennita' di contingenza";"8848";"0";6128;0;3574;2325;68
"SARDEGNA";"SASSARI";"TELTI";1;"Indennita' di contingenza";"1379";"0";1085;0;494;555;19
"SARDEGNA";"SASSARI";"TEMPIO PAUSANIA";1;"Indennita' di contingenza";"10262";"0";7745;0;3920;3595;73
"SARDEGNA";"SASSARI";"TERGU";1;"Indennita' di contingenza";"422";"0";315;0;134;173;2
"SARDEGNA";"SASSARI";"THIESI";1;"Indennita' di contingenza";"2570";"0";2001;0;1038;899;24
"SARDEGNA";"SASSARI";"TISSI";1;"Indennita' di contingenza";"1073";"0";842;0;510;318;5
"SARDEGNA";"SASSARI";"TORRALBA";1;"Indennita' di contingenza";"875";"0";662;0;372;264;8
"SARDEGNA";"SASSARI";"TRINITA' D'AGULTU E VIGNOLA";1;"Indennita' di contingenza";"1510";"0";1175;0;446;690;18
"SARDEGNA";"SASSARI";"TULA";1;"Indennita' di contingenza";"1398";"0";1060;0;551;472;15
"SARDEGNA";"SASSARI";"URI";1;"Indennita' di contingenza";"2137";"0";1615;0;922;646;27
"SARDEGNA";"SASSARI";"USINI";1;"Indennita' di contingenza";"2460";"0";1856;0;1165;629;25
"SARDEGNA";"SASSARI";"VALLEDORIA";1;"Indennita' di contingenza";"2379";"0";1855;0;1099;704;16
"SARDEGNA";"SASSARI";"VIDDALBA";1;"Indennita' di contingenza";"1280";"0";1021;0;610;384;14
"SARDEGNA";"SASSARI";"VILLANOVA MONTELEONE";1;"Indennita' di contingenza";"2436";"0";1831;0;923;867;18
"SARDEGNA";"ORISTANO";"ABBASANTA";1;"Indennita' di contingenza";"1812";"0";1427;0;649;732;11
"SARDEGNA";"ORISTANO";"AIDOMAGGIORE";1;"Indennita' di contingenza";"535";"0";408;0;169;233;2
"SARDEGNA";"ORISTANO";"ALBAGIARA";1;"Indennita' di contingenza";"308";"0";220;0;98;114;3
"SARDEGNA";"ORISTANO";"ALES";1;"Indennita' di contingenza";"1440";"0";1031;0;533;467;8
"SARDEGNA";"ORISTANO";"ALLAI";1;"Indennita' di contingenza";"453";"0";332;0;178;150;3
"SARDEGNA";"ORISTANO";"ARBOREA";1;"Indennita' di contingenza";"2436";"0";1869;0;455;1347;31
"SARDEGNA";"ORISTANO";"ARDAULI";1;"Indennita' di contingenza";"1276";"0";944;0;520;402;10
"SARDEGNA";"ORISTANO";"ASSOLO";1;"Indennita' di contingenza";"473";"0";352;0;169;175;5
"SARDEGNA";"ORISTANO";"ASUNI";1;"Indennita' di contingenza";"445";"0";289;0;83;193;4
"SARDEGNA";"ORISTANO";"BARADILI";1;"Indennita' di contingenza";"105";"0";76;0;32;39;3
"SARDEGNA";"ORISTANO";"BARATILI SAN PIETRO";1;"Indennita' di contingenza";"945";"0";700;0;192;456;22
"SARDEGNA";"ORISTANO";"BARESSA";1;"Indennita' di contingenza";"812";"0";530;0;297;208;11
"SARDEGNA";"ORISTANO";"BAULADU";1;"Indennita' di contingenza";"513";"0";417;0;188;212;3
"SARDEGNA";"ORISTANO";"BIDONI'";1;"Indennita' di contingenza";"191";"0";148;0;87;60;1
"SARDEGNA";"ORISTANO";"BONARCADO";1;"Indennita' di contingenza";"1391";"0";1010;0;533;432;11
"SARDEGNA";"ORISTANO";"BORONEDDU";1;"Indennita' di contingenza";"182";"0";149;0;62;78;2
"SARDEGNA";"ORISTANO";"BUSACHI";1;"Indennita' di contingenza";"1699";"0";1314;0;602;657;12
"SARDEGNA";"ORISTANO";"CABRAS";1;"Indennita' di contingenza";"6266";"0";4139;0;1654;2324;50
"SARDEGNA";"ORISTANO";"CUGLIERI";1;"Indennita' di contingenza";"2999";"0";2085;0;729;1256;30
"SARDEGNA";"ORISTANO";"CURCURIS";1;"Indennita' di contingenza";"283";"0";240;0;167;50;4
"SARDEGNA";"ORISTANO";"FORDONGIANUS";1;"Indennita' di contingenza";"1131";"0";850;0;415;418;8
"SARDEGNA";"ORISTANO";"GHILARZA";1;"Indennita' di contingenza";"3340";"0";2684;0;1081;1469;53
"SARDEGNA";"ORISTANO";"GONNOSCODINA";1;"Indennita' di contingenza";"455";"0";364;0;201;153;3
"SARDEGNA";"ORISTANO";"GONNOSNO'";1;"Indennita' di contingenza";"796";"0";563;0;293;253;4
"SARDEGNA";"ORISTANO";"GONNOSTRAMATZA";1;"Indennita' di contingenza";"740";"0";591;0;302;279;6
"SARDEGNA";"ORISTANO";"MARRUBIU";1;"Indennita' di contingenza";"3468";"0";2821;0;1528;1222;35
"SARDEGNA";"ORISTANO";"MASULLAS";1;"Indennita' di contingenza";"970";"0";762;0;403;347;4
"SARDEGNA";"ORISTANO";"MILIS";1;"Indennita' di contingenza";"1198";"0";942;0;354;560;12
"SARDEGNA";"ORISTANO";"MOGORELLA";1;"Indennita' di contingenza";"447";"0";343;0;122;205;7
"SARDEGNA";"ORISTANO";"MOGORO";1;"Indennita' di contingenza";"3734";"0";2788;0;1674;1060;21
"SARDEGNA";"ORISTANO";"MORGONGIORI";1;"Indennita' di contingenza";"835";"0";580;0;301;259;2
"SARDEGNA";"ORISTANO";"NARBOLIA";1;"Indennita' di contingenza";"1313";"0";1021;0;452;535;14
"SARDEGNA";"ORISTANO";"NEONELI";1;"Indennita' di contingenza";"786";"0";526;0;236;276;4
"SARDEGNA";"ORISTANO";"NORBELLO";1;"Indennita' di contingenza";"849";"0";690;0;411;262;6
"SARDEGNA";"ORISTANO";"NUGHEDU SANTA VITTORIA";1;"Indennita' di contingenza";"600";"0";391;0;200;185;2
"SARDEGNA";"ORISTANO";"NURACHI";1;"Indennita' di contingenza";"1120";"0";884;0;299;536;13
"SARDEGNA";"ORISTANO";"NURECI";1;"Indennita' di contingenza";"430";"0";295;0;118;158;4
"SARDEGNA";"ORISTANO";"OLLASTRA SIMAXIS";1;"Indennita' di contingenza";"985";"0";749;0;377;315;16
"SARDEGNA";"ORISTANO";"ORISTANO";1;"Indennita' di contingenza";"22745";"0";17260;0;7283;9477;132
"SARDEGNA";"ORISTANO";"PALMAS ARBOREA";1;"Indennita' di contingenza";"791";"0";593;0;312;255;7
"SARDEGNA";"ORISTANO";"PAU";1;"Indennita' di contingenza";"367";"0";249;0;150;90;3
"SARDEGNA";"ORISTANO";"PAULILATINO";1;"Indennita' di contingenza";"2105";"0";1613;0;658;889;29
"SARDEGNA";"ORISTANO";"POMPU";1;"Indennita' di contingenza";"257";"0";189;0;62;118;4
"SARDEGNA";"ORISTANO";"RIOLA SARDO";1;"Indennita' di contingenza";"1643";"0";1171;0;448;638;36
"SARDEGNA";"ORISTANO";"RUINAS";1;"Indennita' di contingenza";"907";"0";607;0;312;274;6
"SARDEGNA";"ORISTANO";"SAMUGHEO";1;"Indennita' di contingenza";"2959";"0";2020;0;943;980;32
"SARDEGNA";"ORISTANO";"SAN NICOLO' D'ARCIDANO";1;"Indennita' di contingenza";"2039";"0";1582;0;912;591;21
"SARDEGNA";"ORISTANO";"SANTA GIUSTA";1;"Indennita' di contingenza";"2333";"0";1884;0;1079;742;20
"SARDEGNA";"ORISTANO";"SANTU LUSSURGIU";1;"Indennita' di contingenza";"491";"0";371;0;233;133;2
"SARDEGNA";"ORISTANO";"SAN VERO MILIS";1;"Indennita' di contingenza";"2475";"0";1567;0;478;1018;27
"SARDEGNA";"ORISTANO";"SCANO DI MONTIFERRO";1;"Indennita' di contingenza";"1899";"0";1433;0;532;831;23
"SARDEGNA";"ORISTANO";"SEDILO";1;"Indennita' di contingenza";"1756";"0";1190;0;493;593;29
"SARDEGNA";"ORISTANO";"SENEGHE";1;"Indennita' di contingenza";"2109";"0";1410;0;648;706;21
"SARDEGNA";"ORISTANO";"SENIS";1;"Indennita' di contingenza";"1695";"0";1225;0;322;850;23
"SARDEGNA";"ORISTANO";"SENNARIOLO";1;"Indennita' di contingenza";"644";"0";418;0;209;193;6
"SARDEGNA";"ORISTANO";"SIAMAGGIORE";1;"Indennita' di contingenza";"243";"0";149;0;67;61;10
"SARDEGNA";"ORISTANO";"SIAMANNA";1;"Indennita' di contingenza";"685";"0";550;0;243;283;14
"SARDEGNA";"ORISTANO";"SIAPICCIA";1;"Indennita' di contingenza";"633";"0";458;0;176;272;4
"SARDEGNA";"ORISTANO";"SIMALA";1;"Indennita' di contingenza";"332";"0";186;0;97;84;1
"SARDEGNA";"ORISTANO";"SIMAXIS";1;"Indennita' di contingenza";"397";"0";312;0;171;136;0
"SARDEGNA";"ORISTANO";"SINI";1;"Indennita' di contingenza";"1617";"0";1193;0;675;486;11
"SARDEGNA";"ORISTANO";"SIRIS";1;"Indennita' di contingenza";"602";"0";484;0;283;179;13
"SARDEGNA";"ORISTANO";"SODDI'";1;"Indennita' di contingenza";"199";"0";138;0;96;41;0
"SARDEGNA";"ORISTANO";"SOLARUSSA";1;"Indennita' di contingenza";"174";"0";114;0;61;50;2
"SARDEGNA";"ORISTANO";"SORRADILE";1;"Indennita' di contingenza";"2008";"0";1638;0;998;571;14
"SARDEGNA";"ORISTANO";"TADASUNI";1;"Indennita' di contingenza";"590";"0";415;0;174;229;6
"SARDEGNA";"ORISTANO";"TERRALBA";1;"Indennita' di contingenza";"230";"0";171;0;74;84;4
"SARDEGNA";"ORISTANO";"TRAMATZA";1;"Indennita' di contingenza";"7368";"0";5651;0;2931;2537;72
"SARDEGNA";"ORISTANO";"TRESNURAGHES";1;"Indennita' di contingenza";"832";"0";624;0;293;296;14
"SARDEGNA";"ORISTANO";"ULA TIRSO";1;"Indennita' di contingenza";"1308";"0";887;0;385;461;19
"SARDEGNA";"ORISTANO";"URAS";1;"Indennita' di contingenza";"664";"0";425;0;220;194;3
"SARDEGNA";"ORISTANO";"USELLUS";1;"Indennita' di contingenza";"2583";"0";1982;0;1252;680;15
"SARDEGNA";"ORISTANO";"VILLANOVA TRUSCHEDU";1;"Indennita' di contingenza";"884";"0";644;0;288;329;11
"SARDEGNA";"ORISTANO";"VILLA SANT'ANTONIO";1;"Indennita' di contingenza";"305";"0";226;0;106;108;2
"SARDEGNA";"ORISTANO";"VILLAURBANA";1;"Indennita' di contingenza";"1457";"0";1175;0;528;587;22
"SARDEGNA";"ORISTANO";"VILLA VERDE";1;"Indennita' di contingenza";"413";"0";289;0;143;130;5
"SARDEGNA";"ORISTANO";"ZEDDIANI";1;"Indennita' di contingenza";"811";"0";638;0;288;299;18
"SARDEGNA";"ORISTANO";"ZERFALIU";1;"Indennita' di contingenza";"854";"0";585;0;304;249;12
